DROP TABLE IF EXISTS AreaGroupBlockTypes;

CREATE TABLE IF NOT EXISTS `AreaGroupBlockTypes` (
  `cID` int(10) unsigned NOT NULL DEFAULT '0',
  `arHandle` varchar(255) NOT NULL,
  `gID` int(10) unsigned NOT NULL DEFAULT '0',
  `uID` int(10) unsigned NOT NULL DEFAULT '0',
  `btID` int(10) unsigned NOT NULL DEFAULT '0',
  PRIMARY KEY (`cID`,`arHandle`,`gID`,`uID`,`btID`)
) ENGINE=MyISAM DEFAULT CHARSET=utf8;



DROP TABLE IF EXISTS AreaGroups;

CREATE TABLE IF NOT EXISTS `AreaGroups` (
  `cID` int(10) unsigned NOT NULL DEFAULT '0',
  `arHandle` varchar(255) NOT NULL,
  `gID` int(10) unsigned NOT NULL DEFAULT '0',
  `uID` int(10) unsigned NOT NULL DEFAULT '0',
  `agPermissions` varchar(64) NOT NULL,
  PRIMARY KEY (`cID`,`arHandle`,`gID`,`uID`)
) ENGINE=MyISAM DEFAULT CHARSET=utf8;



DROP TABLE IF EXISTS Areas;

CREATE TABLE IF NOT EXISTS `Areas` (
  `arID` int(10) unsigned NOT NULL AUTO_INCREMENT,
  `cID` int(10) unsigned NOT NULL DEFAULT '0',
  `arHandle` varchar(255) NOT NULL,
  `arOverrideCollectionPermissions` tinyint(1) NOT NULL DEFAULT '0',
  `arInheritPermissionsFromAreaOnCID` int(10) unsigned NOT NULL DEFAULT '0',
  PRIMARY KEY (`arID`)
) ENGINE=MyISAM AUTO_INCREMENT=355 DEFAULT CHARSET=utf8;

INSERT INTO Areas VALUES(1,1,'Header Nav',0,0)
 ,(2,1,'Header',0,0)
 ,(3,1,'Sidebar',0,0)
 ,(4,1,'Main',0,0)
 ,(5,2,'Header Nav',0,0)
 ,(6,2,'Header',0,0)
 ,(7,2,'Sidebar',0,0)
 ,(8,2,'Main',0,0)
 ,(9,64,'Header Nav',0,0)
 ,(10,64,'Header',0,0)
 ,(11,64,'Sidebar',0,0)
 ,(12,64,'Main',0,0)
 ,(13,65,'Header Nav',0,0)
 ,(14,65,'Header',0,0)
 ,(15,65,'Main',0,0)
 ,(16,66,'Blog Post Header',0,0)
 ,(17,66,'Main',0,0)
 ,(18,66,'Blog Post More',0,0)
 ,(19,66,'Blog Post Footer',0,0)
 ,(20,66,'Header Nav',0,0)
 ,(21,66,'Header',0,0)
 ,(22,66,'Sidebar',0,0)
 ,(96,74,'Top Right',0,0)
 ,(95,77,'Footer 2',0,0)
 ,(91,77,'Sidebar',0,0)
 ,(90,77,'Header',0,0)
 ,(89,77,'Header Nav',0,0)
 ,(83,76,'Header Nav',0,0)
 ,(82,75,'Footer 2',0,0)
 ,(78,75,'Sidebar',0,0)
 ,(77,75,'Header',0,0)
 ,(76,75,'Header Nav',0,0)
 ,(39,71,'Header Nav',0,0)
 ,(40,71,'Header',0,0)
 ,(41,71,'Sidebar',0,0)
 ,(42,71,'Main',0,0)
 ,(127,79,'Top Right',0,0)
 ,(126,79,'Blog Post Footer',0,0)
 ,(125,79,'Sidebar',0,0)
 ,(124,79,'Blog Post More',0,0)
 ,(123,79,'Main',0,0)
 ,(50,13,'Main',0,0)
 ,(134,75,'Sidebar 2',0,0)
 ,(133,76,'Sidebar 2',0,0)
 ,(132,77,'Sidebar 2',0,0)
 ,(131,1,'Sidebar 2',0,0)
 ,(58,36,'Global',0,0)
 ,(59,1,'Top Right',0,0)
 ,(60,1,'Footer 1',0,0)
 ,(61,1,'Footer 2',0,0)
 ,(62,1,'Sidebar Nav',0,0)
 ,(63,1,'Slogan',0,0)
 ,(64,1,'Footer',0,0)
 ,(65,1,'Teaser',0,0)
 ,(66,1,'Sidebar Footer 1',0,0)
 ,(67,1,'Sidebar Footer 2',0,0)
 ,(68,1,'Sidebar Footer 3',0,0)
 ,(69,1,'Sidebar Footer 4',0,0)
 ,(81,75,'Footer 1',0,0)
 ,(80,75,'Main',0,0)
 ,(79,75,'Top Right',0,0)
 ,(94,77,'Footer 1',0,0)
 ,(93,77,'Main',0,0)
 ,(92,77,'Top Right',0,0)
 ,(84,76,'Header',0,0)
 ,(85,76,'Top Right',0,0)
 ,(86,76,'Main',0,0)
 ,(87,76,'Footer 1',0,0)
 ,(88,76,'Footer 2',0,0)
 ,(97,74,'Header Nav',0,0)
 ,(98,74,'Header',0,0)
 ,(99,74,'Footer 1',0,0)
 ,(100,74,'Footer 2',0,0)
 ,(101,71,'Top Right',0,0)
 ,(102,71,'Footer 1',0,0)
 ,(103,71,'Footer 2',0,0)
 ,(130,76,'Sidebar',0,0)
 ,(129,79,'Footer 2',0,0)
 ,(128,79,'Footer 1',0,0)
 ,(140,1,'Tagline',0,0)
 ,(139,1,'Footer Right',0,0)
 ,(138,1,'Footer Middle',0,0)
 ,(137,1,'Footer Left',0,0)
 ,(136,1,'Sidebar Right',0,0)
 ,(135,71,'Sidebar 2',0,0)
 ,(122,79,'Blog Post Header',0,0)
 ,(121,79,'Header',0,0)
 ,(120,79,'Header Nav',0,0)
 ,(141,77,'Tagline',0,0)
 ,(142,76,'Tagline',0,0)
 ,(143,75,'Tagline',0,0)
 ,(144,71,'Tagline',0,0)
 ,(145,79,'Tagline',0,0)
 ,(146,1,'Ad',0,0)
 ,(147,1,'CTA Area',0,0)
 ,(148,1,'Topper',0,0)
 ,(149,1,'Header Msg',0,0)
 ,(150,1,'Splash Right',0,0)
 ,(151,1,'Header Slogan',0,0)
 ,(152,77,'Ad',0,0)
 ,(153,76,'Ad',0,0)
 ,(154,71,'Ad',0,0)
 ,(155,1,'Title',0,0)
 ,(156,77,'Slogan',0,0)
 ,(157,77,'Title',0,0)
 ,(186,83,'Header Nav',0,0)
 ,(185,82,'Blog Post Footer',0,0)
 ,(184,82,'Sidebar',0,0)
 ,(183,82,'Blog Post More',0,0)
 ,(182,82,'Main',0,0)
 ,(181,82,'Blog Post Header',0,0)
 ,(180,82,'Header',0,0)
 ,(179,82,'Header Nav',0,0)
 ,(178,1,'Mini Head',0,0)
 ,(187,83,'Header',0,0)
 ,(188,83,'Blog Post Header',0,0)
 ,(189,83,'Main',0,0)
 ,(190,83,'Blog Post More',0,0)
 ,(191,83,'Sidebar',0,0)
 ,(192,83,'Blog Post Footer',0,0)
 ,(204,85,'Blog Post More',0,0)
 ,(203,85,'Main',0,0)
 ,(202,85,'Blog Post Header',0,0)
 ,(201,85,'Header',0,0)
 ,(200,85,'Header Nav',0,0)
 ,(205,85,'Sidebar',0,0)
 ,(206,85,'Blog Post Footer',0,0)
 ,(207,74,'Sidebar',0,0)
 ,(208,86,'Header Nav',0,0)
 ,(209,86,'Header',0,0)
 ,(210,86,'Sidebar',0,0)
 ,(211,86,'Main',0,0)
 ,(218,88,'Sidebar',0,0)
 ,(217,88,'Header',0,0)
 ,(216,88,'Header Nav',0,0)
 ,(219,88,'Main',0,0)
 ,(220,89,'Header Nav',0,0)
 ,(221,89,'Header',0,0)
 ,(222,89,'Sidebar',0,0)
 ,(223,89,'Main',0,0)
 ,(224,90,'Header Nav',0,0)
 ,(225,90,'Header',0,0)
 ,(226,90,'Main',0,0)
 ,(227,90,'Sidebar',0,0)
 ,(228,91,'Header Nav',0,0)
 ,(229,91,'Header',0,0)
 ,(230,91,'Blog Post Header',0,0)
 ,(231,91,'Main',0,0)
 ,(232,91,'Blog Post More',0,0)
 ,(233,91,'Sidebar',0,0)
 ,(234,91,'Blog Post Footer',0,0)
 ,(235,92,'Header Nav',0,0)
 ,(236,92,'Header',0,0)
 ,(237,92,'Sidebar',0,0)
 ,(238,92,'Main',0,0)
 ,(279,101,'Sidebar',0,0)
 ,(266,99,'Main',0,0)
 ,(265,99,'Sidebar',0,0)
 ,(264,99,'Header',0,0)
 ,(263,99,'Header Nav',0,0)
 ,(253,96,'Sidebar',0,0)
 ,(252,96,'Header',0,0)
 ,(251,96,'Header Nav',0,0)
 ,(254,96,'Main',0,0)
 ,(261,98,'Sidebar',0,0)
 ,(260,98,'Header',0,0)
 ,(259,98,'Header Nav',0,0)
 ,(262,98,'Main',0,0)
 ,(278,101,'Blog Post More',0,0)
 ,(277,101,'Main',0,0)
 ,(276,101,'Blog Post Header',0,0)
 ,(275,101,'Header',0,0)
 ,(274,101,'Header Nav',0,0)
 ,(280,101,'Blog Post Footer',0,0)
 ,(287,103,'Blog Post Header',0,0)
 ,(286,103,'Header',0,0)
 ,(285,103,'Header Nav',0,0)
 ,(288,103,'Main',0,0)
 ,(289,103,'Blog Post More',0,0)
 ,(290,103,'Sidebar',0,0)
 ,(291,103,'Blog Post Footer',0,0)
 ,(309,106,'Blog Post Footer',0,0)
 ,(308,106,'Sidebar',0,0)
 ,(307,106,'Blog Post More',0,0)
 ,(306,106,'Main',0,0)
 ,(305,106,'Blog Post Header',0,0)
 ,(304,106,'Header',0,0)
 ,(303,106,'Header Nav',0,0)
 ,(349,116,'Main',0,0)
 ,(348,116,'Sidebar',0,0)
 ,(347,116,'Header',0,0)
 ,(342,115,'Header Nav',0,0)
 ,(343,115,'Header',0,0)
 ,(344,115,'Sidebar',0,0)
 ,(345,115,'Main',0,0)
 ,(346,116,'Header Nav',0,0)
 ,(350,1,'TopImage',0,0)
 ,(351,116,'TopImage',0,0)
 ,(352,116,'Main : Layout 1 : Cell 1',0,0)
 ,(353,116,'Main : Layout 1 : Cell 2',0,0)
 ,(354,116,'Main : Layout 1 : Cell 3',0,0);

DROP TABLE IF EXISTS AttributeKeyCategories;

CREATE TABLE IF NOT EXISTS `AttributeKeyCategories` (
  `akCategoryID` int(10) unsigned NOT NULL AUTO_INCREMENT,
  `akCategoryHandle` varchar(255) NOT NULL,
  `akCategoryAllowSets` smallint(4) NOT NULL DEFAULT '0',
  `pkgID` int(10) unsigned DEFAULT NULL,
  PRIMARY KEY (`akCategoryID`)
) ENGINE=MyISAM AUTO_INCREMENT=4 DEFAULT CHARSET=utf8;

INSERT INTO AttributeKeyCategories VALUES(1,'collection',0,NULL)
 ,(2,'user',0,NULL)
 ,(3,'file',0,NULL);

DROP TABLE IF EXISTS AttributeKeys;

CREATE TABLE IF NOT EXISTS `AttributeKeys` (
  `akID` int(10) unsigned NOT NULL AUTO_INCREMENT,
  `akHandle` varchar(255) NOT NULL,
  `akName` varchar(255) NOT NULL,
  `akIsSearchable` tinyint(1) NOT NULL DEFAULT '0',
  `akIsSearchableIndexed` tinyint(1) NOT NULL DEFAULT '0',
  `akIsAutoCreated` tinyint(1) NOT NULL DEFAULT '0',
  `akIsColumnHeader` tinyint(1) NOT NULL DEFAULT '0',
  `akIsEditable` tinyint(1) NOT NULL DEFAULT '0',
  `atID` int(10) unsigned DEFAULT NULL,
  `akCategoryID` int(10) unsigned DEFAULT NULL,
  `pkgID` int(10) unsigned DEFAULT NULL,
  PRIMARY KEY (`akID`),
  UNIQUE KEY `akHandle` (`akHandle`,`akCategoryID`)
) ENGINE=MyISAM AUTO_INCREMENT=12 DEFAULT CHARSET=utf8;

INSERT INTO AttributeKeys VALUES(1,'meta_title','Meta Title',1,0,0,0,1,1,1,0)
 ,(2,'meta_description','Meta Description',1,0,0,0,1,2,1,0)
 ,(3,'meta_keywords','Meta Keywords',1,0,0,0,1,2,1,0)
 ,(4,'exclude_nav','Exclude From Nav',1,0,0,0,1,3,1,0)
 ,(5,'exclude_page_list','Exclude From Page List',1,0,0,0,1,3,1,0)
 ,(6,'header_extra_content','Header Extra Content',1,0,0,0,1,2,1,0)
 ,(7,'exclude_search_index','Exclude From Search Index',1,0,0,0,1,3,1,0)
 ,(8,'exclude_sitemapxml','Exclude From sitemap.xml',1,0,0,0,1,3,1,0)
 ,(9,'width','Width',1,0,1,0,0,6,3,0)
 ,(10,'height','Height',1,0,1,0,0,6,3,0)
 ,(11,'tags','Tags',0,0,0,0,1,8,1,0);

DROP TABLE IF EXISTS AttributeSetKeys;

CREATE TABLE IF NOT EXISTS `AttributeSetKeys` (
  `akID` int(10) unsigned NOT NULL DEFAULT '0',
  `asID` int(10) unsigned NOT NULL DEFAULT '0',
  `displayOrder` int(10) unsigned NOT NULL DEFAULT '0',
  PRIMARY KEY (`akID`,`asID`)
) ENGINE=MyISAM DEFAULT CHARSET=utf8;



DROP TABLE IF EXISTS AttributeSets;

CREATE TABLE IF NOT EXISTS `AttributeSets` (
  `asID` int(10) unsigned NOT NULL AUTO_INCREMENT,
  `asName` varchar(255) DEFAULT NULL,
  `asHandle` varchar(255) NOT NULL,
  `akCategoryID` int(10) unsigned NOT NULL DEFAULT '0',
  `pkgID` int(10) unsigned NOT NULL DEFAULT '0',
  PRIMARY KEY (`asID`)
) ENGINE=MyISAM DEFAULT CHARSET=utf8;



DROP TABLE IF EXISTS AttributeTypeCategories;

CREATE TABLE IF NOT EXISTS `AttributeTypeCategories` (
  `atID` int(10) unsigned NOT NULL DEFAULT '0',
  `akCategoryID` int(10) unsigned NOT NULL DEFAULT '0',
  PRIMARY KEY (`atID`,`akCategoryID`)
) ENGINE=MyISAM DEFAULT CHARSET=utf8;

INSERT INTO AttributeTypeCategories VALUES(1,1)
 ,(1,2)
 ,(1,3)
 ,(2,1)
 ,(2,2)
 ,(2,3)
 ,(3,1)
 ,(3,2)
 ,(3,3)
 ,(4,1)
 ,(4,2)
 ,(4,3)
 ,(5,1)
 ,(6,1)
 ,(6,2)
 ,(6,3)
 ,(7,1)
 ,(7,3)
 ,(8,1)
 ,(8,2)
 ,(8,3)
 ,(9,2);

DROP TABLE IF EXISTS AttributeTypes;

CREATE TABLE IF NOT EXISTS `AttributeTypes` (
  `atID` int(10) unsigned NOT NULL AUTO_INCREMENT,
  `atHandle` varchar(255) NOT NULL,
  `atName` varchar(255) NOT NULL,
  `pkgID` int(10) unsigned DEFAULT NULL,
  PRIMARY KEY (`atID`)
) ENGINE=MyISAM AUTO_INCREMENT=10 DEFAULT CHARSET=utf8;

INSERT INTO AttributeTypes VALUES(1,'text','Text',0)
 ,(2,'textarea','Text Area',0)
 ,(3,'boolean','Checkbox',0)
 ,(4,'date_time','Date/Time',0)
 ,(5,'image_file','Image/File',0)
 ,(6,'number','Number',0)
 ,(7,'rating','Rating',0)
 ,(8,'select','Select',0)
 ,(9,'address','Address',0);

DROP TABLE IF EXISTS AttributeValues;

CREATE TABLE IF NOT EXISTS `AttributeValues` (
  `avID` int(10) unsigned NOT NULL AUTO_INCREMENT,
  `akID` int(10) unsigned DEFAULT NULL,
  `avDateAdded` datetime NOT NULL DEFAULT '0000-00-00 00:00:00',
  `uID` int(10) unsigned DEFAULT NULL,
  `atID` int(10) unsigned DEFAULT NULL,
  PRIMARY KEY (`avID`)
) ENGINE=MyISAM AUTO_INCREMENT=564 DEFAULT CHARSET=utf8;

INSERT INTO AttributeValues VALUES(1,9,'2011-06-24 22:52:16',1,6)
 ,(2,10,'2011-06-24 22:52:16',1,6)
 ,(3,9,'2011-06-24 22:52:16',1,6)
 ,(4,10,'2011-06-24 22:52:16',1,6)
 ,(5,9,'2011-06-24 22:52:16',1,6)
 ,(6,10,'2011-06-24 22:52:16',1,6)
 ,(7,9,'2011-06-24 22:52:16',1,6)
 ,(8,10,'2011-06-24 22:52:16',1,6)
 ,(9,9,'2011-06-24 22:52:16',1,6)
 ,(10,10,'2011-06-24 22:52:16',1,6)
 ,(61,4,'2011-06-25 09:06:52',1,3)
 ,(60,3,'2011-06-25 09:06:52',1,2)
 ,(59,2,'2011-06-25 09:06:52',1,2)
 ,(58,1,'2011-06-25 09:06:52',1,1)
 ,(116,9,'2011-06-25 21:09:21',1,6)
 ,(117,10,'2011-06-25 21:09:22',1,6)
 ,(126,1,'2011-06-26 12:53:06',1,1)
 ,(127,2,'2011-06-26 12:53:07',1,2)
 ,(19,11,'2011-06-24 22:52:16',1,8)
 ,(128,3,'2011-06-26 12:53:07',1,2)
 ,(129,4,'2011-06-26 12:53:07',1,3)
 ,(130,1,'2011-06-26 13:02:23',1,1)
 ,(131,2,'2011-06-26 13:02:23',1,2)
 ,(49,4,'2011-06-25 08:46:56',1,3)
 ,(48,3,'2011-06-25 08:46:56',1,2)
 ,(47,2,'2011-06-25 08:46:56',1,2)
 ,(46,1,'2011-06-25 08:46:56',1,1)
 ,(53,4,'2011-06-25 08:51:19',1,3)
 ,(52,3,'2011-06-25 08:51:19',1,2)
 ,(51,2,'2011-06-25 08:51:19',1,2)
 ,(50,1,'2011-06-25 08:51:19',1,1)
 ,(32,1,'2011-06-24 22:52:16',1,1)
 ,(33,2,'2011-06-24 22:52:16',1,2)
 ,(34,3,'2011-06-24 22:52:16',1,2)
 ,(35,4,'2011-06-24 22:52:16',1,3)
 ,(74,1,'2011-06-25 18:58:29',1,1)
 ,(73,4,'2011-06-25 18:55:33',1,3)
 ,(72,3,'2011-06-25 18:55:33',1,2)
 ,(71,2,'2011-06-25 18:55:33',1,2)
 ,(70,1,'2011-06-25 18:55:32',1,1)
 ,(78,1,'2011-06-25 18:58:58',1,1)
 ,(77,4,'2011-06-25 18:58:30',1,3)
 ,(76,3,'2011-06-25 18:58:30',1,2)
 ,(75,2,'2011-06-25 18:58:29',1,2)
 ,(79,2,'2011-06-25 18:58:58',1,2)
 ,(83,2,'2011-06-25 19:00:42',1,2)
 ,(82,1,'2011-06-25 19:00:41',1,1)
 ,(81,4,'2011-06-25 18:58:59',1,3)
 ,(80,3,'2011-06-25 18:58:59',1,2)
 ,(84,3,'2011-06-25 19:00:42',1,2)
 ,(85,4,'2011-06-25 19:00:42',1,3)
 ,(86,1,'2011-06-25 19:01:12',1,1)
 ,(87,2,'2011-06-25 19:01:12',1,2)
 ,(88,3,'2011-06-25 19:01:12',1,2)
 ,(89,4,'2011-06-25 19:01:12',1,3)
 ,(90,9,'2011-06-25 19:17:52',1,6)
 ,(91,10,'2011-06-25 19:17:53',1,6)
 ,(92,9,'2011-06-25 19:27:17',1,6)
 ,(93,10,'2011-06-25 19:27:17',1,6)
 ,(94,9,'2011-06-25 19:29:25',1,6)
 ,(95,10,'2011-06-25 19:29:25',1,6)
 ,(96,1,'2011-06-25 19:54:32',1,1)
 ,(97,2,'2011-06-25 19:54:32',1,2)
 ,(98,3,'2011-06-25 19:54:33',1,2)
 ,(99,4,'2011-06-25 19:54:33',1,3)
 ,(100,1,'2011-06-25 19:59:17',1,1)
 ,(101,2,'2011-06-25 19:59:17',1,2)
 ,(102,3,'2011-06-25 19:59:17',1,2)
 ,(103,4,'2011-06-25 19:59:17',1,3)
 ,(104,1,'2011-06-25 20:01:10',1,1)
 ,(105,2,'2011-06-25 20:01:10',1,2)
 ,(106,3,'2011-06-25 20:01:10',1,2)
 ,(107,4,'2011-06-25 20:01:11',1,3)
 ,(108,1,'2011-06-25 20:01:50',1,1)
 ,(109,2,'2011-06-25 20:01:50',1,2)
 ,(110,3,'2011-06-25 20:01:50',1,2)
 ,(111,4,'2011-06-25 20:01:50',1,3)
 ,(112,1,'2011-06-25 20:03:28',1,1)
 ,(113,2,'2011-06-25 20:03:29',1,2)
 ,(114,3,'2011-06-25 20:03:29',1,2)
 ,(115,4,'2011-06-25 20:03:30',1,3)
 ,(132,3,'2011-06-26 13:02:23',1,2)
 ,(133,4,'2011-06-26 13:02:24',1,3)
 ,(134,1,'2011-06-26 13:16:05',1,1)
 ,(135,2,'2011-06-26 13:16:06',1,2)
 ,(136,3,'2011-06-26 13:16:06',1,2)
 ,(137,4,'2011-06-26 13:16:07',1,3)
 ,(138,1,'2011-06-26 13:16:52',1,1)
 ,(139,2,'2011-06-26 13:16:52',1,2)
 ,(140,3,'2011-06-26 13:16:52',1,2)
 ,(141,4,'2011-06-26 13:16:53',1,3)
 ,(142,9,'2011-06-26 13:24:57',1,6)
 ,(143,10,'2011-06-26 13:24:58',1,6)
 ,(144,9,'2011-06-26 23:54:55',1,6)
 ,(145,10,'2011-06-26 23:54:55',1,6)
 ,(146,1,'2011-06-28 13:09:30',1,1)
 ,(147,2,'2011-06-28 13:09:30',1,2)
 ,(148,3,'2011-06-28 13:09:30',1,2)
 ,(149,4,'2011-06-28 13:09:30',1,3)
 ,(150,1,'2011-06-29 19:15:56',1,1)
 ,(151,2,'2011-06-29 19:15:56',1,2)
 ,(152,3,'2011-06-29 19:15:56',1,2)
 ,(153,4,'2011-06-29 19:15:56',1,3)
 ,(154,9,'2011-06-29 19:28:12',1,6)
 ,(155,10,'2011-06-29 19:28:12',1,6)
 ,(156,9,'2011-06-29 19:28:37',1,6)
 ,(157,10,'2011-06-29 19:28:38',1,6)
 ,(158,9,'2011-06-29 19:28:52',1,6)
 ,(159,10,'2011-06-29 19:28:52',1,6)
 ,(160,9,'2011-06-29 19:29:03',1,6)
 ,(161,10,'2011-06-29 19:29:04',1,6)
 ,(169,4,'2011-06-30 22:37:43',1,3)
 ,(168,3,'2011-06-30 22:37:43',1,2)
 ,(167,2,'2011-06-30 22:37:43',1,2)
 ,(166,1,'2011-06-30 22:37:42',1,1)
 ,(170,1,'2011-07-07 16:17:42',1,1)
 ,(171,2,'2011-07-07 16:17:42',1,2)
 ,(172,3,'2011-07-07 16:17:43',1,2)
 ,(173,4,'2011-07-07 16:17:43',1,3)
 ,(174,1,'2011-07-08 08:31:48',1,1)
 ,(175,2,'2011-07-08 08:31:48',1,2)
 ,(176,3,'2011-07-08 08:31:49',1,2)
 ,(177,4,'2011-07-08 08:31:49',1,3)
 ,(178,1,'2011-07-08 08:32:21',1,1)
 ,(179,2,'2011-07-08 08:32:21',1,2)
 ,(180,3,'2011-07-08 08:32:21',1,2)
 ,(181,4,'2011-07-08 08:32:21',1,3)
 ,(182,1,'2011-07-08 08:33:06',1,1)
 ,(183,2,'2011-07-08 08:33:07',1,2)
 ,(184,3,'2011-07-08 08:33:08',1,2)
 ,(185,4,'2011-07-08 08:33:08',1,3)
 ,(186,1,'2011-07-08 08:34:22',1,1)
 ,(187,2,'2011-07-08 08:34:23',1,2)
 ,(188,3,'2011-07-08 08:34:23',1,2)
 ,(189,4,'2011-07-08 08:34:24',1,3)
 ,(190,1,'2011-07-11 19:38:45',1,1)
 ,(191,2,'2011-07-11 19:38:46',1,2)
 ,(192,3,'2011-07-11 19:38:47',1,2)
 ,(193,4,'2011-07-11 19:38:47',1,3)
 ,(202,1,'2011-07-11 19:48:28',1,1)
 ,(203,2,'2011-07-11 19:48:28',1,2)
 ,(204,3,'2011-07-11 19:48:29',1,2)
 ,(205,4,'2011-07-11 19:48:29',1,3)
 ,(206,1,'2011-07-11 19:49:49',1,1)
 ,(207,2,'2011-07-11 19:49:49',1,2)
 ,(208,3,'2011-07-11 19:49:49',1,2)
 ,(209,4,'2011-07-11 19:49:50',1,3)
 ,(210,1,'2011-07-11 19:50:28',1,1)
 ,(211,2,'2011-07-11 19:50:28',1,2)
 ,(212,3,'2011-07-11 19:50:28',1,2)
 ,(213,4,'2011-07-11 19:50:29',1,3)
 ,(214,1,'2011-07-11 20:26:33',1,1)
 ,(215,2,'2011-07-11 20:26:34',1,2)
 ,(216,3,'2011-07-11 20:26:34',1,2)
 ,(217,4,'2011-07-11 20:26:34',1,3)
 ,(218,1,'2011-07-11 21:38:12',1,1)
 ,(219,2,'2011-07-11 21:38:12',1,2)
 ,(220,3,'2011-07-11 21:38:12',1,2)
 ,(221,4,'2011-07-11 21:38:12',1,3)
 ,(222,1,'2011-07-11 23:22:17',1,1)
 ,(223,2,'2011-07-11 23:22:18',1,2)
 ,(224,3,'2011-07-11 23:22:18',1,2)
 ,(225,4,'2011-07-11 23:22:19',1,3)
 ,(226,1,'2011-07-12 00:15:51',1,1)
 ,(227,2,'2011-07-12 00:15:51',1,2)
 ,(228,3,'2011-07-12 00:15:52',1,2)
 ,(229,4,'2011-07-12 00:15:52',1,3)
 ,(230,1,'2011-07-12 16:36:26',1,1)
 ,(231,2,'2011-07-12 16:36:27',1,2)
 ,(232,3,'2011-07-12 16:36:27',1,2)
 ,(233,4,'2011-07-12 16:36:27',1,3)
 ,(234,1,'2011-07-12 21:35:19',1,1)
 ,(235,2,'2011-07-12 21:35:19',1,2)
 ,(236,3,'2011-07-12 21:35:19',1,2)
 ,(237,4,'2011-07-12 21:35:19',1,3)
 ,(238,1,'2011-07-12 22:19:49',1,1)
 ,(239,2,'2011-07-12 22:19:49',1,2)
 ,(240,3,'2011-07-12 22:19:49',1,2)
 ,(241,4,'2011-07-12 22:19:49',1,3)
 ,(242,1,'2011-07-13 12:26:53',1,1)
 ,(243,2,'2011-07-13 12:26:53',1,2)
 ,(244,3,'2011-07-13 12:26:54',1,2)
 ,(245,4,'2011-07-13 12:26:54',1,3)
 ,(415,4,'2011-07-14 17:09:00',1,3)
 ,(414,3,'2011-07-14 17:09:00',1,2)
 ,(413,2,'2011-07-14 17:09:00',1,2)
 ,(412,1,'2011-07-14 17:09:00',1,1)
 ,(419,4,'2011-07-14 17:09:33',1,3)
 ,(418,3,'2011-07-14 17:09:33',1,2)
 ,(417,2,'2011-07-14 17:09:33',1,2)
 ,(416,1,'2011-07-14 17:09:33',1,1)
 ,(407,4,'2011-07-14 17:05:52',1,3)
 ,(406,3,'2011-07-14 17:05:52',1,2)
 ,(405,2,'2011-07-14 17:05:52',1,2)
 ,(404,1,'2011-07-14 17:05:52',1,1)
 ,(411,4,'2011-07-14 17:08:23',1,3)
 ,(410,3,'2011-07-14 17:08:23',1,2)
 ,(409,2,'2011-07-14 17:08:23',1,2)
 ,(408,1,'2011-07-14 17:08:23',1,1)
 ,(423,4,'2011-07-14 17:09:58',1,3)
 ,(422,3,'2011-07-14 17:09:58',1,2)
 ,(421,2,'2011-07-14 17:09:58',1,2)
 ,(420,1,'2011-07-14 17:09:58',1,1)
 ,(266,1,'2011-07-13 12:55:20',1,1)
 ,(267,2,'2011-07-13 12:55:20',1,2)
 ,(268,3,'2011-07-13 12:55:20',1,2)
 ,(269,4,'2011-07-13 12:55:20',1,3)
 ,(270,1,'2011-07-13 12:58:18',1,1)
 ,(271,2,'2011-07-13 12:58:18',1,2)
 ,(272,3,'2011-07-13 12:58:18',1,2)
 ,(273,4,'2011-07-13 12:58:18',1,3)
 ,(427,4,'2011-07-14 17:10:14',1,3)
 ,(426,3,'2011-07-14 17:10:14',1,2)
 ,(425,2,'2011-07-14 17:10:14',1,2)
 ,(424,1,'2011-07-14 17:10:13',1,1)
 ,(278,1,'2011-07-13 12:58:55',1,1)
 ,(279,2,'2011-07-13 12:58:55',1,2)
 ,(280,3,'2011-07-13 12:58:55',1,2)
 ,(281,4,'2011-07-13 12:58:55',1,3)
 ,(282,1,'2011-07-13 13:00:55',1,1)
 ,(283,2,'2011-07-13 13:00:55',1,2)
 ,(284,3,'2011-07-13 13:00:55',1,2)
 ,(285,4,'2011-07-13 13:00:55',1,3)
 ,(431,4,'2011-07-14 17:12:12',1,3)
 ,(430,3,'2011-07-14 17:12:12',1,2)
 ,(429,2,'2011-07-14 17:12:12',1,2)
 ,(428,1,'2011-07-14 17:12:12',1,1)
 ,(290,1,'2011-07-13 13:04:00',1,1)
 ,(291,2,'2011-07-13 13:04:00',1,2)
 ,(292,3,'2011-07-13 13:04:00',1,2)
 ,(293,4,'2011-07-13 13:04:00',1,3)
 ,(435,4,'2011-07-14 22:35:45',1,3)
 ,(434,3,'2011-07-14 22:35:45',1,2)
 ,(433,2,'2011-07-14 22:35:45',1,2)
 ,(432,1,'2011-07-14 22:35:44',1,1)
 ,(298,1,'2011-07-13 13:05:49',1,1)
 ,(299,2,'2011-07-13 13:05:49',1,2)
 ,(300,3,'2011-07-13 13:05:49',1,2)
 ,(301,4,'2011-07-13 13:05:49',1,3)
 ,(302,1,'2011-07-13 13:07:05',1,1)
 ,(303,2,'2011-07-13 13:07:05',1,2)
 ,(304,3,'2011-07-13 13:07:05',1,2)
 ,(305,4,'2011-07-13 13:07:05',1,3)
 ,(439,4,'2011-07-14 22:42:17',1,3)
 ,(438,3,'2011-07-14 22:42:16',1,2)
 ,(437,2,'2011-07-14 22:42:16',1,2)
 ,(436,1,'2011-07-14 22:42:16',1,1)
 ,(310,1,'2011-07-14 00:06:48',1,1)
 ,(311,2,'2011-07-14 00:06:48',1,2)
 ,(312,3,'2011-07-14 00:06:48',1,2)
 ,(313,4,'2011-07-14 00:06:48',1,3)
 ,(314,1,'2011-07-14 00:13:31',1,1)
 ,(315,2,'2011-07-14 00:13:31',1,2)
 ,(316,3,'2011-07-14 00:13:31',1,2)
 ,(317,4,'2011-07-14 00:13:31',1,3)
 ,(443,4,'2011-07-14 22:54:31',1,3)
 ,(442,3,'2011-07-14 22:54:31',1,2)
 ,(441,2,'2011-07-14 22:54:31',1,2)
 ,(440,1,'2011-07-14 22:54:31',1,1)
 ,(322,1,'2011-07-14 00:18:50',1,1)
 ,(323,2,'2011-07-14 00:18:51',1,2)
 ,(324,3,'2011-07-14 00:18:51',1,2)
 ,(325,4,'2011-07-14 00:18:51',1,3)
 ,(447,10,'2011-07-15 10:45:09',1,6)
 ,(446,9,'2011-07-15 10:45:08',1,6)
 ,(445,10,'2011-07-15 10:23:47',1,6)
 ,(444,9,'2011-07-15 10:23:46',1,6)
 ,(330,1,'2011-07-14 13:51:29',1,1)
 ,(331,2,'2011-07-14 13:51:29',1,2)
 ,(332,3,'2011-07-14 13:51:29',1,2)
 ,(333,4,'2011-07-14 13:51:29',1,3)
 ,(334,1,'2011-07-14 15:12:11',1,1)
 ,(335,2,'2011-07-14 15:12:11',1,2)
 ,(336,3,'2011-07-14 15:12:11',1,2)
 ,(337,4,'2011-07-14 15:12:11',1,3)
 ,(338,1,'2011-07-14 15:12:57',1,1)
 ,(339,2,'2011-07-14 15:12:57',1,2)
 ,(340,3,'2011-07-14 15:12:57',1,2)
 ,(341,4,'2011-07-14 15:12:57',1,3)
 ,(349,4,'2011-07-14 15:22:23',1,3)
 ,(348,3,'2011-07-14 15:22:23',1,2)
 ,(347,2,'2011-07-14 15:22:23',1,2)
 ,(346,1,'2011-07-14 15:22:23',1,1)
 ,(350,1,'2011-07-14 15:23:14',1,1)
 ,(351,2,'2011-07-14 15:23:14',1,2)
 ,(352,3,'2011-07-14 15:23:14',1,2)
 ,(353,4,'2011-07-14 15:23:14',1,3)
 ,(354,1,'2011-07-14 15:38:49',1,1)
 ,(355,2,'2011-07-14 15:38:49',1,2)
 ,(356,3,'2011-07-14 15:38:49',1,2)
 ,(357,4,'2011-07-14 15:38:49',1,3)
 ,(358,1,'2011-07-14 15:39:55',1,1)
 ,(359,2,'2011-07-14 15:39:55',1,2)
 ,(360,3,'2011-07-14 15:39:55',1,2)
 ,(361,4,'2011-07-14 15:39:55',1,3)
 ,(380,1,'2011-07-14 16:45:12',1,1)
 ,(381,2,'2011-07-14 16:45:13',1,2)
 ,(382,3,'2011-07-14 16:45:13',1,2)
 ,(383,4,'2011-07-14 16:45:13',1,3)
 ,(387,4,'2011-07-14 16:46:16',1,3)
 ,(386,3,'2011-07-14 16:46:16',1,2)
 ,(385,2,'2011-07-14 16:46:16',1,2)
 ,(384,1,'2011-07-14 16:46:16',1,1)
 ,(370,9,'2011-07-14 15:43:20',1,6)
 ,(371,10,'2011-07-14 15:43:20',1,6)
 ,(372,9,'2011-07-14 15:44:21',1,6)
 ,(373,10,'2011-07-14 15:44:21',1,6)
 ,(374,9,'2011-07-14 15:46:59',0,6)
 ,(375,10,'2011-07-14 15:47:00',0,6)
 ,(388,1,'2011-07-14 16:47:11',1,1)
 ,(389,2,'2011-07-14 16:47:11',1,2)
 ,(390,3,'2011-07-14 16:47:11',1,2)
 ,(391,4,'2011-07-14 16:47:11',1,3)
 ,(392,1,'2011-07-14 16:49:19',1,1)
 ,(393,2,'2011-07-14 16:49:19',1,2)
 ,(394,3,'2011-07-14 16:49:19',1,2)
 ,(395,4,'2011-07-14 16:49:19',1,3)
 ,(396,1,'2011-07-14 17:00:52',1,1)
 ,(397,2,'2011-07-14 17:00:52',1,2)
 ,(398,3,'2011-07-14 17:00:52',1,2)
 ,(399,4,'2011-07-14 17:00:52',1,3)
 ,(400,1,'2011-07-14 17:01:24',1,1)
 ,(401,2,'2011-07-14 17:01:24',1,2)
 ,(402,3,'2011-07-14 17:01:24',1,2)
 ,(403,4,'2011-07-14 17:01:24',1,3)
 ,(448,9,'2011-07-15 10:54:38',0,6)
 ,(449,10,'2011-07-15 10:54:38',0,6)
 ,(450,9,'2011-07-15 11:00:30',0,6)
 ,(451,10,'2011-07-15 11:00:30',0,6)
 ,(452,9,'2011-07-15 12:50:35',0,6)
 ,(453,10,'2011-07-15 12:50:37',0,6)
 ,(461,4,'2011-07-15 16:47:11',1,3)
 ,(460,3,'2011-07-15 16:47:11',1,2)
 ,(459,2,'2011-07-15 16:47:11',1,2)
 ,(458,1,'2011-07-15 16:47:11',1,1)
 ,(462,9,'2011-07-16 01:29:45',0,6)
 ,(463,10,'2011-07-16 01:29:45',0,6)
 ,(464,9,'2011-07-16 01:51:33',0,6)
 ,(465,10,'2011-07-16 01:51:34',0,6)
 ,(473,4,'2011-07-17 21:05:50',1,3)
 ,(472,3,'2011-07-17 21:05:50',1,2)
 ,(471,2,'2011-07-17 21:05:49',1,2)
 ,(470,1,'2011-07-17 21:05:49',1,1)
 ,(482,1,'2011-07-21 12:08:35',1,1)
 ,(483,2,'2011-07-21 12:08:35',1,2)
 ,(484,3,'2011-07-21 12:08:35',1,2)
 ,(485,4,'2011-07-21 12:08:35',1,3)
 ,(521,4,'2011-07-30 11:12:36',1,3)
 ,(520,3,'2011-07-30 11:12:36',1,2)
 ,(519,2,'2011-07-30 11:12:36',1,2)
 ,(518,1,'2011-07-30 11:12:36',1,1)
 ,(525,1,'2011-07-30 12:13:38',1,1)
 ,(524,8,'2011-07-30 11:12:36',1,3)
 ,(523,7,'2011-07-30 11:12:36',1,3)
 ,(522,5,'2011-07-30 11:12:36',1,3)
 ,(529,5,'2011-07-30 12:13:39',1,3)
 ,(528,4,'2011-07-30 12:13:39',1,3)
 ,(527,3,'2011-07-30 12:13:39',1,2)
 ,(526,2,'2011-07-30 12:13:39',1,2)
 ,(533,1,'2011-07-30 18:15:55',1,1)
 ,(532,8,'2011-07-30 12:13:39',1,3)
 ,(531,7,'2011-07-30 12:13:39',1,3)
 ,(530,6,'2011-07-30 12:13:39',1,2)
 ,(534,2,'2011-07-30 18:15:55',1,2)
 ,(535,3,'2011-07-30 18:15:55',1,2)
 ,(536,4,'2011-07-30 18:15:55',1,3)
 ,(537,5,'2011-07-30 18:15:55',1,3)
 ,(538,7,'2011-07-30 18:15:55',1,3)
 ,(539,8,'2011-07-30 18:15:55',1,3)
 ,(540,1,'2011-08-10 13:36:29',1,1)
 ,(541,2,'2011-08-10 13:36:29',1,2)
 ,(542,3,'2011-08-10 13:36:29',1,2)
 ,(543,4,'2011-08-10 13:36:29',1,3)
 ,(544,5,'2011-08-10 13:36:30',1,3)
 ,(545,6,'2011-08-10 13:36:30',1,2)
 ,(546,7,'2011-08-10 13:36:30',1,3)
 ,(547,8,'2011-08-10 13:36:30',1,3)
 ,(548,1,'2011-08-10 13:37:47',1,1)
 ,(549,2,'2011-08-10 13:37:47',1,2)
 ,(550,3,'2011-08-10 13:37:47',1,2)
 ,(551,4,'2011-08-10 13:37:47',1,3)
 ,(552,5,'2011-08-10 13:37:47',1,3)
 ,(553,6,'2011-08-10 13:37:47',1,2)
 ,(554,7,'2011-08-10 13:37:47',1,3)
 ,(555,8,'2011-08-10 13:37:47',1,3)
 ,(556,1,'2011-08-10 14:07:18',1,1)
 ,(557,2,'2011-08-10 14:07:19',1,2)
 ,(558,3,'2011-08-10 14:07:19',1,2)
 ,(559,4,'2011-08-10 14:07:19',1,3)
 ,(560,5,'2011-08-10 14:07:20',1,3)
 ,(561,6,'2011-08-10 14:07:20',1,2)
 ,(562,7,'2011-08-10 14:07:20',1,3)
 ,(563,8,'2011-08-10 14:07:21',1,3);

DROP TABLE IF EXISTS BlockRelations;

CREATE TABLE IF NOT EXISTS `BlockRelations` (
  `brID` int(10) unsigned NOT NULL AUTO_INCREMENT,
  `bID` int(10) unsigned NOT NULL DEFAULT '0',
  `originalBID` int(10) unsigned NOT NULL DEFAULT '0',
  `relationType` varchar(50) NOT NULL,
  PRIMARY KEY (`brID`)
) ENGINE=MyISAM AUTO_INCREMENT=237 DEFAULT CHARSET=utf8;

INSERT INTO BlockRelations VALUES(32,100,90,'DUPLICATE')
 ,(31,99,98,'DUPLICATE')
 ,(30,98,15,'DUPLICATE')
 ,(42,119,109,'DUPLICATE')
 ,(43,120,102,'DUPLICATE')
 ,(51,128,118,'DUPLICATE')
 ,(38,115,100,'DUPLICATE')
 ,(52,129,71,'DUPLICATE')
 ,(40,117,116,'DUPLICATE')
 ,(41,118,107,'DUPLICATE')
 ,(60,140,131,'DUPLICATE')
 ,(61,141,127,'DUPLICATE')
 ,(56,133,80,'DUPLICATE')
 ,(47,124,66,'DUPLICATE')
 ,(23,91,88,'DUPLICATE')
 ,(55,132,81,'DUPLICATE')
 ,(49,126,59,'DUPLICATE')
 ,(54,131,82,'DUPLICATE')
 ,(53,130,96,'DUPLICATE')
 ,(29,97,86,'DUPLICATE')
 ,(57,134,79,'DUPLICATE')
 ,(36,112,91,'DUPLICATE')
 ,(62,142,99,'DUPLICATE')
 ,(63,143,128,'DUPLICATE')
 ,(64,144,143,'DUPLICATE')
 ,(65,145,144,'DUPLICATE')
 ,(66,146,104,'DUPLICATE')
 ,(67,150,146,'DUPLICATE')
 ,(68,151,150,'DUPLICATE')
 ,(69,152,147,'DUPLICATE')
 ,(70,153,152,'DUPLICATE')
 ,(71,154,151,'DUPLICATE')
 ,(72,155,154,'DUPLICATE')
 ,(73,156,155,'DUPLICATE')
 ,(74,157,145,'DUPLICATE')
 ,(75,160,158,'DUPLICATE')
 ,(76,161,159,'DUPLICATE')
 ,(77,162,161,'DUPLICATE')
 ,(78,163,149,'DUPLICATE')
 ,(79,168,167,'DUPLICATE')
 ,(80,169,168,'DUPLICATE')
 ,(81,170,169,'DUPLICATE')
 ,(82,171,170,'DUPLICATE')
 ,(83,172,171,'DUPLICATE')
 ,(84,173,172,'DUPLICATE')
 ,(85,174,173,'DUPLICATE')
 ,(86,175,174,'DUPLICATE')
 ,(87,176,175,'DUPLICATE')
 ,(88,177,176,'DUPLICATE')
 ,(89,189,187,'DUPLICATE')
 ,(90,193,183,'DUPLICATE')
 ,(91,197,196,'DUPLICATE')
 ,(92,198,117,'DUPLICATE')
 ,(93,199,195,'DUPLICATE')
 ,(94,201,200,'DUPLICATE')
 ,(95,203,199,'DUPLICATE')
 ,(96,204,201,'DUPLICATE')
 ,(97,206,203,'DUPLICATE')
 ,(98,208,207,'DUPLICATE')
 ,(99,209,208,'DUPLICATE')
 ,(100,210,209,'DUPLICATE')
 ,(101,211,210,'DUPLICATE')
 ,(102,212,211,'DUPLICATE')
 ,(103,213,194,'DUPLICATE')
 ,(104,216,214,'DUPLICATE')
 ,(105,219,216,'DUPLICATE')
 ,(106,220,219,'DUPLICATE')
 ,(107,221,220,'DUPLICATE')
 ,(108,222,206,'DUPLICATE')
 ,(109,223,205,'DUPLICATE')
 ,(110,224,223,'DUPLICATE')
 ,(111,225,222,'DUPLICATE')
 ,(112,226,225,'DUPLICATE')
 ,(113,227,221,'DUPLICATE')
 ,(114,228,213,'DUPLICATE')
 ,(115,233,232,'DUPLICATE')
 ,(116,234,231,'DUPLICATE')
 ,(117,235,233,'DUPLICATE')
 ,(118,242,237,'DUPLICATE')
 ,(119,243,239,'DUPLICATE')
 ,(120,244,156,'DUPLICATE')
 ,(121,246,244,'DUPLICATE')
 ,(123,256,254,'DUPLICATE')
 ,(124,259,255,'DUPLICATE')
 ,(125,261,256,'DUPLICATE')
 ,(126,262,261,'DUPLICATE')
 ,(128,268,262,'DUPLICATE')
 ,(129,269,268,'DUPLICATE')
 ,(130,271,267,'DUPLICATE')
 ,(131,278,1,'DUPLICATE')
 ,(132,279,1,'DUPLICATE')
 ,(133,280,278,'DUPLICATE')
 ,(134,281,280,'DUPLICATE')
 ,(135,282,269,'DUPLICATE')
 ,(136,283,282,'DUPLICATE')
 ,(137,284,245,'DUPLICATE')
 ,(138,285,110,'DUPLICATE')
 ,(139,286,283,'DUPLICATE')
 ,(140,287,271,'DUPLICATE')
 ,(141,290,227,'DUPLICATE')
 ,(142,291,229,'DUPLICATE')
 ,(143,292,286,'DUPLICATE')
 ,(144,293,287,'DUPLICATE')
 ,(145,294,260,'DUPLICATE')
 ,(146,295,241,'DUPLICATE')
 ,(147,297,292,'DUPLICATE')
 ,(148,298,297,'DUPLICATE')
 ,(149,299,294,'DUPLICATE')
 ,(150,300,264,'DUPLICATE')
 ,(151,301,299,'DUPLICATE')
 ,(152,302,204,'DUPLICATE')
 ,(153,303,197,'DUPLICATE')
 ,(154,304,224,'DUPLICATE')
 ,(155,307,306,'DUPLICATE')
 ,(156,309,308,'DUPLICATE')
 ,(161,324,323,'DUPLICATE')
 ,(162,325,322,'DUPLICATE')
 ,(163,326,325,'DUPLICATE')
 ,(164,327,212,'DUPLICATE')
 ,(165,328,326,'DUPLICATE')
 ,(166,329,328,'DUPLICATE')
 ,(167,330,329,'DUPLICATE')
 ,(168,331,330,'DUPLICATE')
 ,(169,332,331,'DUPLICATE')
 ,(170,334,327,'DUPLICATE')
 ,(171,335,334,'DUPLICATE')
 ,(172,337,335,'DUPLICATE')
 ,(173,338,293,'DUPLICATE')
 ,(174,341,340,'DUPLICATE')
 ,(175,342,341,'DUPLICATE')
 ,(176,344,338,'DUPLICATE')
 ,(177,348,342,'DUPLICATE')
 ,(178,349,343,'DUPLICATE')
 ,(179,350,345,'DUPLICATE')
 ,(180,351,347,'DUPLICATE')
 ,(181,352,350,'DUPLICATE')
 ,(182,353,351,'DUPLICATE')
 ,(183,355,348,'DUPLICATE')
 ,(184,356,355,'DUPLICATE')
 ,(185,357,356,'DUPLICATE')
 ,(186,358,357,'DUPLICATE')
 ,(187,359,358,'DUPLICATE')
 ,(188,360,359,'DUPLICATE')
 ,(189,361,360,'DUPLICATE')
 ,(190,362,361,'DUPLICATE')
 ,(191,363,362,'DUPLICATE')
 ,(192,365,363,'DUPLICATE')
 ,(193,366,365,'DUPLICATE')
 ,(194,367,366,'DUPLICATE')
 ,(195,368,367,'DUPLICATE')
 ,(196,369,368,'DUPLICATE')
 ,(197,370,344,'DUPLICATE')
 ,(198,371,369,'DUPLICATE')
 ,(199,376,375,'DUPLICATE')
 ,(200,377,376,'DUPLICATE')
 ,(201,378,377,'DUPLICATE')
 ,(202,379,378,'DUPLICATE')
 ,(203,381,380,'DUPLICATE')
 ,(204,383,382,'DUPLICATE')
 ,(205,384,372,'DUPLICATE')
 ,(206,385,115,'DUPLICATE')
 ,(207,386,371,'DUPLICATE')
 ,(208,387,386,'DUPLICATE')
 ,(209,388,387,'DUPLICATE')
 ,(210,389,388,'DUPLICATE')
 ,(211,390,337,'DUPLICATE')
 ,(212,391,298,'DUPLICATE')
 ,(213,392,391,'DUPLICATE')
 ,(214,393,392,'DUPLICATE')
 ,(215,394,393,'DUPLICATE')
 ,(216,395,394,'DUPLICATE')
 ,(217,396,381,'DUPLICATE')
 ,(218,397,396,'DUPLICATE')
 ,(219,398,397,'DUPLICATE')
 ,(220,399,398,'DUPLICATE')
 ,(221,400,384,'DUPLICATE')
 ,(222,401,399,'DUPLICATE')
 ,(223,402,401,'DUPLICATE')
 ,(224,403,273,'DUPLICATE')
 ,(225,404,390,'DUPLICATE')
 ,(226,406,405,'DUPLICATE')
 ,(227,407,404,'DUPLICATE')
 ,(228,408,407,'DUPLICATE')
 ,(229,409,408,'DUPLICATE')
 ,(230,415,395,'DUPLICATE')
 ,(231,429,157,'DUPLICATE')
 ,(232,430,409,'DUPLICATE')
 ,(233,431,429,'DUPLICATE')
 ,(234,432,430,'DUPLICATE')
 ,(235,433,432,'DUPLICATE')
 ,(236,438,437,'DUPLICATE');

DROP TABLE IF EXISTS BlockTypes;

CREATE TABLE IF NOT EXISTS `BlockTypes` (
  `btID` int(10) unsigned NOT NULL AUTO_INCREMENT,
  `btHandle` varchar(32) NOT NULL,
  `btName` varchar(128) NOT NULL,
  `btDescription` text,
  `btActiveWhenAdded` tinyint(1) NOT NULL DEFAULT '1',
  `btCopyWhenPropagate` tinyint(1) NOT NULL DEFAULT '0',
  `btIncludeAll` tinyint(1) NOT NULL DEFAULT '0',
  `btIsInternal` tinyint(1) NOT NULL DEFAULT '0',
  `btInterfaceWidth` int(10) unsigned NOT NULL DEFAULT '400',
  `btInterfaceHeight` int(10) unsigned NOT NULL DEFAULT '400',
  `pkgID` int(10) unsigned NOT NULL DEFAULT '0',
  PRIMARY KEY (`btID`),
  UNIQUE KEY `btHandle` (`btHandle`)
) ENGINE=MyISAM AUTO_INCREMENT=34 DEFAULT CHARSET=utf8;

INSERT INTO BlockTypes VALUES(1,'content','Content','HTML/WYSIWYG Editor Content.',1,0,0,0,580,400,0)
 ,(2,'html','HTML','For adding HTML by hand.',1,0,0,0,600,465,0)
 ,(3,'autonav','Auto-Nav','Creates navigation trees and sitemaps.',1,0,0,0,500,350,0)
 ,(4,'external_form','External Form','Include external forms in the filesystem and place them on pages.',1,0,0,0,300,200,0)
 ,(5,'form','Form','Build simple forms and surveys.',1,0,0,0,420,430,0)
 ,(6,'page_list','Page List','List pages based on type, area.',1,0,0,0,500,350,0)
 ,(7,'file','File','Link to files stored in the asset library.',1,0,0,0,300,250,0)
 ,(8,'image','Image','Adds images and onstates from the library to pages.',1,0,0,0,300,440,0)
 ,(9,'flash_content','Flash Content','Embeds SWF files, including flash detection.',1,0,0,0,300,240,0)
 ,(10,'guestbook','Guestbook','Adds blog-style comments (a guestbook) to your page.',1,0,1,0,300,260,0)
 ,(11,'slideshow','Slideshow','Display a running loop of images.',1,0,0,0,550,400,0)
 ,(12,'search','Search','Add a search box to your site.',1,0,0,0,400,170,0)
 ,(13,'google_map','Google Map','Enter an address and a Google Map of that location will be placed in your page.',1,0,0,0,400,220,0)
 ,(14,'video','Video Player','Embeds uploaded video into a web page. Supports AVI, WMV, Quicktime/MPEG4 and FLV formats.',1,0,0,0,300,200,0)
 ,(15,'rss_displayer','RSS Displayer','Fetch, parse and display the contents of an RSS or Atom feed.',1,0,0,0,400,170,0)
 ,(16,'youtube','Youtube Video','Embeds a Youtube Video in your web page.',1,0,0,0,400,170,0)
 ,(17,'survey','Survey','Provide a simple survey, along with results in a pie chart format.',1,0,1,0,420,300,0)
 ,(18,'date_nav','Date Navigation','A collapsible date based navigation tree',1,0,0,0,500,350,0)
 ,(19,'next_previous','Next & Previous Nav','Navigate through sibling pages.',1,0,0,0,430,300,0)
 ,(20,'tags','Tags','List pages based on type, area.',1,0,0,0,500,350,0)
 ,(30,'include_php_script','Include Php Script','Includes external PHP script.',1,0,0,0,455,200,0);

DROP TABLE IF EXISTS Blocks;

CREATE TABLE IF NOT EXISTS `Blocks` (
  `bID` int(10) unsigned NOT NULL AUTO_INCREMENT,
  `bName` varchar(60) DEFAULT NULL,
  `bDateAdded` datetime NOT NULL DEFAULT '0000-00-00 00:00:00',
  `bDateModified` datetime NOT NULL DEFAULT '0000-00-00 00:00:00',
  `bFilename` varchar(32) DEFAULT NULL,
  `bIsActive` varchar(1) NOT NULL DEFAULT '1',
  `btID` int(10) unsigned NOT NULL DEFAULT '0',
  `uID` int(10) unsigned DEFAULT NULL,
  PRIMARY KEY (`bID`)
) ENGINE=MyISAM AUTO_INCREMENT=443 DEFAULT CHARSET=utf8;

INSERT INTO Blocks VALUES(1,NULL,'2011-06-24 22:52:16','2011-06-24 22:52:16','header_menu.php','1',3,1)
 ,(2,NULL,'2011-06-24 22:52:16','2011-06-24 22:52:16',NULL,'1',11,1)
 ,(3,NULL,'2011-06-24 22:52:16','2011-06-24 22:52:16',NULL,'1',3,1)
 ,(116,NULL,'2011-06-25 21:03:18','2011-06-25 21:03:18',NULL,'1',2,1)
 ,(114,NULL,'2011-06-25 20:13:50','2011-06-25 20:13:50',NULL,'1',1,1)
 ,(115,NULL,'2011-06-25 20:15:59','2011-06-25 20:15:59',NULL,'1',6,1)
 ,(7,NULL,'2011-06-24 22:52:16','2011-06-24 22:52:16','header_menu.php','1',3,1)
 ,(8,NULL,'2011-06-24 22:52:16','2011-06-24 22:52:16',NULL,'1',8,1)
 ,(9,NULL,'2011-06-24 22:52:16','2011-06-24 22:52:16',NULL,'1',3,1)
 ,(10,NULL,'2011-06-24 22:52:16','2011-06-24 22:52:16','header_menu.php','1',3,1)
 ,(11,NULL,'2011-06-24 22:52:16','2011-06-24 22:52:16',NULL,'1',8,1)
 ,(12,NULL,'2011-06-24 22:52:16','2011-06-24 22:52:16','header_menu.php','1',3,1)
 ,(13,NULL,'2011-06-24 22:52:16','2011-06-24 22:52:16',NULL,'1',8,1)
 ,(14,NULL,'2011-06-24 22:52:16','2011-06-24 22:52:16','breadcrumb.php','1',3,1)
 ,(15,NULL,'2011-06-24 22:52:16','2011-06-24 22:52:16',NULL,'1',1,1)
 ,(16,NULL,'2011-06-24 22:52:16','2011-06-24 22:52:16',NULL,'1',1,1)
 ,(17,NULL,'2011-06-24 22:52:16','2011-06-24 22:52:16',NULL,'1',10,1)
 ,(18,NULL,'2011-06-24 22:52:16','2011-06-24 22:52:16',NULL,'1',18,1)
 ,(132,NULL,'2011-06-26 09:48:17','2011-06-26 09:48:18',NULL,'1',1,1)
 ,(129,NULL,'2011-06-26 09:44:06','2011-06-26 09:44:06',NULL,'1',1,1)
 ,(23,NULL,'2011-06-24 22:52:16','2011-06-24 22:52:16',NULL,'1',20,1)
 ,(128,NULL,'2011-06-26 09:43:25','2011-06-26 09:43:26',NULL,'1',1,1)
 ,(118,NULL,'2011-06-25 21:10:15','2011-06-25 21:10:15',NULL,'1',1,1)
 ,(28,NULL,'2011-06-24 22:52:16','2011-06-24 22:52:16',NULL,'1',18,1)
 ,(29,NULL,'2011-06-24 22:52:16','2011-06-24 22:52:16','tag_cloud','1',12,1)
 ,(30,NULL,'2011-06-24 22:52:16','2011-06-24 22:52:16','blog_index.php','1',6,1)
 ,(100,NULL,'2011-06-25 19:02:59','2011-06-25 19:03:12',NULL,'1',6,1)
 ,(99,NULL,'2011-06-25 19:00:16','2011-06-25 19:00:16',NULL,'1',1,1)
 ,(98,NULL,'2011-06-25 18:56:29','2011-06-25 18:56:29',NULL,'1',1,1)
 ,(102,NULL,'2011-06-25 19:07:03','2011-06-25 19:07:03',NULL,'1',1,1)
 ,(103,NULL,'2011-06-25 19:08:17','2011-06-25 19:08:32',NULL,'1',1,1)
 ,(104,NULL,'2011-06-25 19:09:03','2011-06-25 19:09:03',NULL,'1',1,1)
 ,(105,NULL,'2011-06-25 19:14:11','2011-06-25 19:14:12',NULL,'1',1,1)
 ,(40,NULL,'2011-06-24 22:52:16','2011-06-24 22:52:16',NULL,'1',19,1)
 ,(41,'My_Site_Name','2011-06-24 22:52:16','2011-06-24 22:52:16',NULL,'1',1,1)
 ,(117,NULL,'2011-06-25 21:05:08','2011-06-25 21:06:52',NULL,'1',2,1)
 ,(134,NULL,'2011-06-26 09:49:22','2011-06-26 09:49:22',NULL,'1',1,1)
 ,(133,NULL,'2011-06-26 09:48:41','2011-06-26 09:48:42',NULL,'1',1,1)
 ,(142,NULL,'2011-06-26 13:15:04','2011-06-26 13:15:04',NULL,'1',1,1)
 ,(140,NULL,'2011-06-26 10:45:00','2011-06-26 10:45:00',NULL,'1',1,1)
 ,(141,NULL,'2011-06-26 12:45:36','2011-06-26 12:45:37',NULL,'1',1,1)
 ,(59,NULL,'2011-06-25 09:47:35','2011-06-25 09:47:35',NULL,'1',1,1)
 ,(120,NULL,'2011-06-25 23:56:24','2011-06-25 23:56:24',NULL,'1',1,1)
 ,(119,NULL,'2011-06-25 23:56:14','2011-06-25 23:56:15',NULL,'1',1,1)
 ,(64,NULL,'2011-06-25 14:27:26','2011-06-25 14:27:26',NULL,'1',1,1)
 ,(143,NULL,'2011-06-26 13:27:39','2011-06-26 13:27:58',NULL,'1',1,1)
 ,(66,NULL,'2011-06-25 14:31:04','2011-06-25 14:31:05',NULL,'1',1,1)
 ,(131,NULL,'2011-06-26 09:46:57','2011-06-26 09:46:57',NULL,'1',1,1)
 ,(70,NULL,'2011-06-25 16:10:56','2011-06-25 16:10:56',NULL,'1',1,1)
 ,(69,NULL,'2011-06-25 16:07:50','2011-06-25 16:08:08',NULL,'1',1,1)
 ,(71,NULL,'2011-06-25 16:14:18','2011-06-25 16:14:18',NULL,'1',1,1)
 ,(130,NULL,'2011-06-26 09:45:18','2011-06-26 09:45:18',NULL,'1',1,1)
 ,(73,NULL,'2011-06-25 16:17:22','2011-06-25 16:17:22',NULL,'1',1,1)
 ,(74,NULL,'2011-06-25 16:19:03','2011-06-25 16:19:03',NULL,'1',1,1)
 ,(75,NULL,'2011-06-25 16:24:41','2011-06-25 16:24:41',NULL,'1',1,1)
 ,(76,NULL,'2011-06-25 16:27:08','2011-06-25 16:27:08',NULL,'1',5,1)
 ,(77,NULL,'2011-06-25 16:31:22','2011-06-25 16:31:22',NULL,'1',1,1)
 ,(78,NULL,'2011-06-25 16:32:37','2011-06-25 16:32:37',NULL,'1',1,1)
 ,(79,NULL,'2011-06-25 16:36:44','2011-06-25 16:36:56',NULL,'1',1,1)
 ,(80,NULL,'2011-06-25 16:40:52','2011-06-25 16:41:24',NULL,'1',1,1)
 ,(81,NULL,'2011-06-25 16:44:21','2011-06-25 16:48:16',NULL,'1',1,1)
 ,(82,NULL,'2011-06-25 16:47:04','2011-06-25 16:50:06',NULL,'1',1,1)
 ,(83,NULL,'2011-06-25 16:59:40','2011-06-25 16:59:40',NULL,'1',1,1)
 ,(84,NULL,'2011-06-25 17:01:44','2011-06-25 17:12:32',NULL,'1',1,1)
 ,(85,NULL,'2011-06-25 17:02:52','2011-06-25 17:02:52',NULL,'1',1,1)
 ,(86,NULL,'2011-06-25 17:04:19','2011-06-25 17:04:19',NULL,'1',1,1)
 ,(124,NULL,'2011-06-26 09:36:33','2011-06-26 09:36:34',NULL,'1',1,1)
 ,(88,NULL,'2011-06-25 17:10:29','2011-06-25 17:10:29',NULL,'1',1,1)
 ,(90,NULL,'2011-06-25 18:33:48','2011-06-25 18:33:48',NULL,'1',6,1)
 ,(91,NULL,'2011-06-25 18:40:14','2011-06-25 18:40:14',NULL,'1',1,1)
 ,(125,NULL,'2011-06-26 09:37:18','2011-06-26 09:37:32',NULL,'1',1,1)
 ,(93,NULL,'2011-06-25 18:43:39','2011-06-25 18:43:39',NULL,'1',1,1)
 ,(94,NULL,'2011-06-25 18:44:01','2011-06-25 18:44:01',NULL,'1',1,1)
 ,(126,NULL,'2011-06-26 09:37:47','2011-06-26 09:37:47',NULL,'1',1,1)
 ,(96,NULL,'2011-06-25 18:46:14','2011-06-25 18:46:14',NULL,'1',1,1)
 ,(97,NULL,'2011-06-25 18:48:04','2011-06-25 18:48:04',NULL,'1',1,1)
 ,(127,NULL,'2011-06-26 09:38:54','2011-06-26 09:38:54',NULL,'1',1,1)
 ,(107,NULL,'2011-06-25 19:19:00','2011-06-25 19:32:03',NULL,'1',1,1)
 ,(144,NULL,'2011-06-26 13:29:33','2011-06-26 13:31:51',NULL,'1',1,1)
 ,(109,NULL,'2011-06-25 19:36:47','2011-06-25 19:36:47',NULL,'1',1,1)
 ,(110,NULL,'2011-06-25 19:39:02','2011-06-25 19:39:02',NULL,'1',1,1)
 ,(145,NULL,'2011-06-26 13:33:48','2011-06-26 13:33:48',NULL,'1',1,1)
 ,(112,NULL,'2011-06-25 20:04:18','2011-06-25 20:04:19',NULL,'1',1,1)
 ,(146,NULL,'2011-06-26 22:51:06','2011-06-26 23:03:31',NULL,'1',1,1)
 ,(147,NULL,'2011-06-26 22:56:53','2011-06-26 23:03:47',NULL,'1',1,1)
 ,(149,NULL,'2011-06-26 23:05:14','2011-06-26 23:11:47',NULL,'1',5,1)
 ,(150,NULL,'2011-06-26 23:13:07','2011-06-26 23:13:08',NULL,'1',1,1)
 ,(151,NULL,'2011-06-26 23:14:26','2011-06-26 23:14:26',NULL,'1',1,1)
 ,(152,NULL,'2011-06-26 23:16:50','2011-06-26 23:16:51',NULL,'1',1,1)
 ,(153,NULL,'2011-06-26 23:18:08','2011-06-26 23:18:09',NULL,'1',1,1)
 ,(154,NULL,'2011-06-26 23:55:41','2011-06-26 23:55:41',NULL,'1',1,1)
 ,(155,NULL,'2011-06-27 00:04:03','2011-06-27 00:04:04',NULL,'1',1,1)
 ,(156,NULL,'2011-06-27 00:04:56','2011-06-27 00:10:13',NULL,'1',1,1)
 ,(157,NULL,'2011-06-27 00:23:40','2011-06-27 00:23:40',NULL,'1',1,1)
 ,(158,NULL,'2011-06-28 13:11:21','2011-06-28 13:12:41',NULL,'1',1,1)
 ,(159,NULL,'2011-06-28 13:12:24','2011-06-28 13:12:24',NULL,'1',16,1)
 ,(160,NULL,'2011-06-28 13:14:28','2011-06-28 13:14:28',NULL,'1',1,1)
 ,(161,NULL,'2011-06-28 13:16:11','2011-06-28 13:16:11',NULL,'1',16,1)
 ,(162,NULL,'2011-06-28 13:19:56','2011-06-28 13:19:56',NULL,'1',16,1)
 ,(163,NULL,'2011-06-29 08:32:06','2011-06-29 08:32:26',NULL,'1',5,1)
 ,(167,NULL,'2011-06-29 19:36:43','2011-06-29 20:04:50',NULL,'1',1,1)
 ,(168,NULL,'2011-06-29 20:07:18','2011-06-29 20:07:19',NULL,'1',1,1)
 ,(169,NULL,'2011-06-29 20:08:37','2011-06-29 20:08:37',NULL,'1',1,1)
 ,(170,NULL,'2011-06-29 20:09:17','2011-06-29 20:09:17',NULL,'1',1,1)
 ,(171,NULL,'2011-06-29 20:12:01','2011-06-29 20:12:01',NULL,'1',1,1)
 ,(172,NULL,'2011-06-29 20:13:21','2011-06-29 20:13:21',NULL,'1',1,1)
 ,(173,NULL,'2011-06-29 20:15:00','2011-06-29 20:15:01',NULL,'1',1,1)
 ,(174,NULL,'2011-06-29 20:15:52','2011-06-29 20:15:52',NULL,'1',1,1)
 ,(175,NULL,'2011-06-29 20:16:31','2011-06-29 20:16:32',NULL,'1',1,1)
 ,(176,NULL,'2011-06-29 20:17:59','2011-06-29 20:17:59',NULL,'1',1,1)
 ,(177,NULL,'2011-06-29 20:33:37','2011-06-29 20:33:38',NULL,'1',1,1)
 ,(181,NULL,'2011-07-07 16:19:35','2011-07-07 16:19:35',NULL,'1',2,1)
 ,(180,NULL,'2011-07-07 16:18:54','2011-07-07 16:18:54',NULL,'1',2,1)
 ,(182,NULL,'2011-07-07 16:23:16','2011-07-07 16:23:16',NULL,'1',1,1)
 ,(183,NULL,'2011-07-11 19:44:26','2011-07-11 19:44:26',NULL,'1',6,1)
 ,(184,NULL,'2011-07-11 19:52:29','2011-07-11 19:53:12',NULL,'1',1,1)
 ,(185,NULL,'2011-07-11 19:59:05','2011-07-11 20:00:31',NULL,'1',2,1)
 ,(187,NULL,'2011-07-11 20:09:32','2011-07-11 20:09:32',NULL,'1',1,1)
 ,(188,NULL,'2011-07-11 20:10:37','2011-07-11 20:10:37',NULL,'1',10,1)
 ,(189,NULL,'2011-07-11 20:11:40','2011-07-11 20:21:20',NULL,'1',1,1)
 ,(190,NULL,'2011-07-11 20:13:37','2011-07-11 20:13:54',NULL,'1',1,1)
 ,(191,NULL,'2011-07-11 20:15:17','2011-07-11 20:15:17',NULL,'1',1,1)
 ,(192,NULL,'2011-07-11 20:17:55','2011-07-11 20:17:55',NULL,'1',1,1)
 ,(193,NULL,'2011-07-11 20:28:06','2011-07-11 20:28:14',NULL,'1',6,1)
 ,(194,NULL,'2011-07-11 20:33:55','2011-07-11 20:33:55',NULL,'1',1,1)
 ,(195,NULL,'2011-07-11 20:39:14','2011-07-11 20:39:22',NULL,'1',1,1)
 ,(196,NULL,'2011-07-11 20:40:15','2011-07-11 20:40:15',NULL,'1',2,1)
 ,(197,NULL,'2011-07-11 20:40:56','2011-07-11 20:40:57',NULL,'1',2,1)
 ,(198,NULL,'2011-07-11 20:41:01','2011-07-11 20:41:01',NULL,'1',2,1)
 ,(199,NULL,'2011-07-11 20:42:02','2011-07-11 20:43:20',NULL,'1',1,1)
 ,(200,NULL,'2011-07-11 20:43:59','2011-07-11 20:43:59',NULL,'1',1,1)
 ,(201,NULL,'2011-07-11 20:53:44','2011-07-11 21:00:25',NULL,'1',1,1)
 ,(202,NULL,'2011-07-11 21:00:53','2011-07-11 21:00:53',NULL,'1',10,1)
 ,(203,NULL,'2011-07-11 21:02:09','2011-07-11 21:02:09',NULL,'1',1,1)
 ,(204,NULL,'2011-07-11 21:03:00','2011-07-11 21:03:13',NULL,'1',1,1)
 ,(205,NULL,'2011-07-11 21:03:47','2011-07-11 21:04:32',NULL,'1',1,1)
 ,(206,NULL,'2011-07-11 21:07:25','2011-07-11 21:07:35',NULL,'1',1,1)
 ,(207,NULL,'2011-07-11 21:12:13','2011-07-11 21:17:39',NULL,'1',1,1)
 ,(208,NULL,'2011-07-11 21:18:16','2011-07-11 21:18:16',NULL,'1',1,1)
 ,(209,NULL,'2011-07-11 21:19:32','2011-07-11 21:21:30',NULL,'1',1,1)
 ,(210,NULL,'2011-07-11 21:24:12','2011-07-11 21:24:13',NULL,'1',1,1)
 ,(211,NULL,'2011-07-11 21:25:25','2011-07-11 21:25:25',NULL,'1',1,1)
 ,(212,NULL,'2011-07-11 21:27:39','2011-07-11 21:27:56',NULL,'1',1,1)
 ,(213,NULL,'2011-07-11 21:28:42','2011-07-11 21:28:42',NULL,'1',1,1)
 ,(214,NULL,'2011-07-11 21:41:35','2011-07-11 21:41:35',NULL,'1',1,1)
 ,(215,NULL,'2011-07-11 22:56:52','2011-07-11 22:56:52',NULL,'1',2,1)
 ,(216,NULL,'2011-07-11 23:02:06','2011-07-11 23:03:21',NULL,'1',1,1)
 ,(217,NULL,'2011-07-11 23:02:55','2011-07-11 23:02:55',NULL,'1',10,1)
 ,(218,NULL,'2011-07-11 23:03:51','2011-07-11 23:03:51',NULL,'1',1,1)
 ,(219,NULL,'2011-07-11 23:04:20','2011-07-11 23:04:28',NULL,'1',1,1)
 ,(220,NULL,'2011-07-11 23:05:44','2011-07-11 23:05:45',NULL,'1',1,1)
 ,(221,NULL,'2011-07-11 23:08:18','2011-07-11 23:09:15',NULL,'1',1,1)
 ,(222,NULL,'2011-07-11 23:14:46','2011-07-11 23:14:46',NULL,'1',1,1)
 ,(223,NULL,'2011-07-11 23:15:11','2011-07-11 23:15:11',NULL,'1',1,1)
 ,(224,NULL,'2011-07-11 23:16:33','2011-07-11 23:16:33',NULL,'1',1,1)
 ,(225,NULL,'2011-07-11 23:16:58','2011-07-11 23:16:58',NULL,'1',1,1)
 ,(226,NULL,'2011-07-11 23:17:29','2011-07-11 23:18:46',NULL,'1',1,1)
 ,(227,NULL,'2011-07-11 23:20:06','2011-07-11 23:20:26',NULL,'1',1,1)
 ,(228,NULL,'2011-07-11 23:35:27','2011-07-11 23:35:27',NULL,'1',1,1)
 ,(229,NULL,'2011-07-12 00:17:43','2011-07-12 00:17:43',NULL,'1',1,1)
 ,(230,NULL,'2011-07-12 00:21:17','2011-07-12 00:21:17',NULL,'1',1,1)
 ,(231,NULL,'2011-07-12 01:11:04','2011-07-12 01:11:04',NULL,'1',1,1)
 ,(232,NULL,'2011-07-12 01:14:10','2011-07-12 01:14:10',NULL,'1',1,1)
 ,(233,NULL,'2011-07-12 01:15:52','2011-07-12 01:15:53',NULL,'1',1,1)
 ,(234,NULL,'2011-07-12 01:16:43','2011-07-12 01:16:43',NULL,'1',1,1)
 ,(235,NULL,'2011-07-12 01:17:53','2011-07-12 01:17:54',NULL,'1',1,1)
 ,(236,NULL,'2011-07-12 16:37:59','2011-07-12 16:37:59',NULL,'1',1,1)
 ,(237,NULL,'2011-07-12 22:03:52','2011-07-12 22:05:33',NULL,'1',2,1)
 ,(238,NULL,'2011-07-12 22:05:09','2011-07-12 22:14:46',NULL,'1',1,1)
 ,(239,NULL,'2011-07-12 22:11:55','2011-07-12 22:17:27',NULL,'1',1,1)
 ,(240,NULL,'2011-07-12 22:13:07','2011-07-12 22:14:08',NULL,'1',5,1)
 ,(241,NULL,'2011-07-12 22:18:12','2011-07-12 22:19:10',NULL,'1',1,1)
 ,(242,NULL,'2011-07-12 22:52:59','2011-07-12 22:52:59',NULL,'1',2,1)
 ,(243,NULL,'2011-07-13 00:18:41','2011-07-13 00:18:42',NULL,'1',1,1)
 ,(244,NULL,'2011-07-13 08:13:51','2011-07-13 08:13:51',NULL,'1',1,1)
 ,(245,NULL,'2011-07-13 08:19:48','2011-07-13 08:19:48',NULL,'1',1,1)
 ,(246,NULL,'2011-07-13 08:21:05','2011-07-13 08:21:05',NULL,'1',1,1)
 ,(282,NULL,'2011-07-14 17:13:35','2011-07-14 17:13:35',NULL,'1',1,1)
 ,(283,NULL,'2011-07-14 17:14:22','2011-07-14 17:14:22',NULL,'1',1,1)
 ,(284,NULL,'2011-07-14 17:17:58','2011-07-14 17:18:11',NULL,'1',1,1)
 ,(254,NULL,'2011-07-14 15:24:22','2011-07-14 15:24:22',NULL,'1',1,1)
 ,(260,NULL,'2011-07-14 16:03:15','2011-07-14 16:03:15',NULL,'1',5,1)
 ,(256,NULL,'2011-07-14 15:30:35','2011-07-14 15:30:35',NULL,'1',1,1)
 ,(257,NULL,'2011-07-14 15:35:59','2011-07-14 15:36:43',NULL,'1',1,1)
 ,(261,NULL,'2011-07-14 16:06:31','2011-07-14 16:06:31',NULL,'1',1,1)
 ,(262,NULL,'2011-07-14 16:07:25','2011-07-14 16:07:25',NULL,'1',1,1)
 ,(264,NULL,'2011-07-14 16:11:32','2011-07-14 16:12:24',NULL,'1',1,1)
 ,(265,NULL,'2011-07-14 16:13:41','2011-07-14 16:14:06',NULL,'1',1,1)
 ,(267,NULL,'2011-07-14 16:15:52','2011-07-14 16:15:52',NULL,'1',1,1)
 ,(268,NULL,'2011-07-14 16:21:52','2011-07-14 16:30:34',NULL,'1',1,1)
 ,(269,NULL,'2011-07-14 16:31:09','2011-07-14 16:32:08',NULL,'1',1,1)
 ,(270,NULL,'2011-07-14 16:35:30','2011-07-14 16:35:30',NULL,'1',1,1)
 ,(271,NULL,'2011-07-14 16:38:44','2011-07-14 16:38:44',NULL,'1',1,1)
 ,(272,NULL,'2011-07-14 16:39:42','2011-07-14 16:39:54',NULL,'1',1,1)
 ,(273,NULL,'2011-07-14 16:53:51','2011-07-14 16:53:51',NULL,'1',1,1)
 ,(274,NULL,'2011-07-14 16:55:06','2011-07-14 16:55:19',NULL,'1',5,1)
 ,(275,NULL,'2011-07-14 16:55:58','2011-07-14 16:55:58',NULL,'1',1,1)
 ,(276,NULL,'2011-07-14 16:57:25','2011-07-14 16:59:12',NULL,'1',1,1)
 ,(277,NULL,'2011-07-14 16:58:49','2011-07-14 16:58:49',NULL,'1',1,1)
 ,(278,NULL,'2011-07-14 17:02:19','2011-07-14 17:02:19','header_menu.php','1',3,1)
 ,(279,NULL,'2011-07-14 17:03:07','2011-07-14 17:03:08','header_menu.php','1',3,1)
 ,(280,NULL,'2011-07-14 17:03:58','2011-07-14 17:03:58','header_menu.php','1',3,1)
 ,(281,NULL,'2011-07-14 17:04:34','2011-07-14 17:04:35','header_menu.php','1',3,1)
 ,(285,NULL,'2011-07-14 17:20:47','2011-07-14 17:21:07',NULL,'1',1,1)
 ,(286,NULL,'2011-07-14 22:09:17','2011-07-14 22:09:17',NULL,'1',1,1)
 ,(287,NULL,'2011-07-14 22:12:28','2011-07-14 22:16:12',NULL,'1',1,1)
 ,(288,NULL,'2011-07-14 22:18:04','2011-07-14 22:18:04',NULL,'1',1,1)
 ,(289,NULL,'2011-07-14 22:36:31','2011-07-14 22:36:31',NULL,'1',1,1)
 ,(290,NULL,'2011-07-14 22:42:58','2011-07-14 22:42:59',NULL,'1',1,1)
 ,(291,NULL,'2011-07-14 22:52:51','2011-07-14 22:52:51',NULL,'1',1,1)
 ,(292,NULL,'2011-07-14 22:56:40','2011-07-14 22:56:40',NULL,'1',1,1)
 ,(293,NULL,'2011-07-14 22:58:10','2011-07-14 22:59:19',NULL,'1',1,1)
 ,(294,NULL,'2011-07-14 23:09:47','2011-07-14 23:09:48',NULL,'1',5,1)
 ,(295,NULL,'2011-07-15 00:01:57','2011-07-15 00:01:58',NULL,'1',1,1)
 ,(296,NULL,'2011-07-15 00:05:22','2011-07-15 00:05:22',NULL,'1',1,1)
 ,(297,NULL,'2011-07-15 00:12:40','2011-07-15 00:12:40',NULL,'1',1,1)
 ,(298,NULL,'2011-07-15 00:24:22','2011-07-15 00:24:23',NULL,'1',1,1)
 ,(299,NULL,'2011-07-15 10:18:12','2011-07-15 10:18:43',NULL,'1',5,1)
 ,(300,NULL,'2011-07-15 10:20:26','2011-07-15 10:23:12',NULL,'1',1,1)
 ,(301,NULL,'2011-07-15 10:55:49','2011-07-15 10:55:49',NULL,'1',5,1)
 ,(302,NULL,'2011-07-15 12:22:47','2011-07-15 12:22:48',NULL,'1',1,1)
 ,(303,NULL,'2011-07-15 12:23:23','2011-07-15 12:23:23',NULL,'1',2,1)
 ,(304,NULL,'2011-07-15 12:24:12','2011-07-15 12:24:39',NULL,'1',1,1)
 ,(305,NULL,'2011-07-15 12:36:28','2011-07-15 12:36:55',NULL,'1',1,1)
 ,(306,NULL,'2011-07-15 12:37:57','2011-07-15 12:37:57',NULL,'1',1,1)
 ,(307,NULL,'2011-07-15 12:38:54','2011-07-15 12:38:55',NULL,'1',1,1)
 ,(308,NULL,'2011-07-15 16:51:56','2011-07-15 16:51:56',NULL,'1',1,1)
 ,(309,NULL,'2011-07-15 16:53:29','2011-07-15 16:54:01',NULL,'1',1,1)
 ,(311,NULL,'2011-07-16 10:18:47','2011-07-16 10:22:50',NULL,'1',27,1)
 ,(322,NULL,'2011-07-16 16:34:35','2011-07-16 16:34:35',NULL,'1',2,1)
 ,(323,NULL,'2011-07-16 16:36:24','2011-07-16 16:37:21',NULL,'1',1,1)
 ,(316,NULL,'2011-07-16 13:25:56','2011-07-16 13:25:56',NULL,'1',27,1)
 ,(319,NULL,'2011-07-16 13:35:17','2011-07-16 13:35:37',NULL,'1',27,1)
 ,(325,NULL,'2011-07-16 23:26:45','2011-07-16 23:26:45',NULL,'1',2,1)
 ,(324,NULL,'2011-07-16 16:38:09','2011-07-16 16:38:09',NULL,'1',1,1)
 ,(326,NULL,'2011-07-16 23:29:48','2011-07-16 23:29:48',NULL,'1',2,1)
 ,(327,NULL,'2011-07-17 08:23:51','2011-07-17 08:23:51',NULL,'1',1,1)
 ,(328,NULL,'2011-07-17 11:22:24','2011-07-17 11:22:25',NULL,'1',2,1)
 ,(329,NULL,'2011-07-17 11:22:49','2011-07-17 11:22:49',NULL,'1',2,1)
 ,(330,NULL,'2011-07-17 11:24:30','2011-07-17 11:24:30',NULL,'1',2,1)
 ,(331,NULL,'2011-07-17 11:28:17','2011-07-17 11:28:18',NULL,'1',2,1)
 ,(332,NULL,'2011-07-17 11:29:02','2011-07-17 11:29:02',NULL,'1',2,1)
 ,(333,NULL,'2011-07-17 21:07:47','2011-07-17 21:07:47',NULL,'1',1,1)
 ,(334,NULL,'2011-07-19 13:15:00','2011-07-19 13:15:00',NULL,'1',1,1)
 ,(335,NULL,'2011-07-19 13:15:51','2011-07-19 13:15:51',NULL,'1',1,1)
 ,(337,NULL,'2011-07-19 16:18:21','2011-07-19 16:18:21',NULL,'1',1,1)
 ,(338,NULL,'2011-07-19 21:14:35','2011-07-19 21:14:35',NULL,'1',1,1)
 ,(339,NULL,'2011-07-19 21:22:16','2011-07-19 21:22:16',NULL,'1',1,1)
 ,(340,NULL,'2011-07-19 21:28:16','2011-07-19 21:33:14',NULL,'1',1,1)
 ,(341,NULL,'2011-07-19 21:34:38','2011-07-19 21:35:41',NULL,'1',1,1)
 ,(342,NULL,'2011-07-19 21:36:23','2011-07-19 21:45:15',NULL,'1',1,1)
 ,(343,NULL,'2011-07-19 21:37:57','2011-07-19 21:47:23',NULL,'1',1,1)
 ,(344,NULL,'2011-07-19 21:46:05','2011-07-19 21:46:05',NULL,'1',1,1)
 ,(345,NULL,'2011-07-19 21:48:25','2011-07-19 21:48:25',NULL,'1',1,1)
 ,(346,NULL,'2011-07-19 21:49:48','2011-07-19 21:49:48',NULL,'1',1,1)
 ,(347,NULL,'2011-07-19 21:50:14','2011-07-19 21:50:14',NULL,'1',1,1)
 ,(348,NULL,'2011-07-19 21:51:38','2011-07-19 22:00:32',NULL,'1',1,1)
 ,(349,NULL,'2011-07-19 21:55:31','2011-07-19 22:00:25',NULL,'1',1,1)
 ,(350,NULL,'2011-07-19 21:59:15','2011-07-19 21:59:35',NULL,'1',1,1)
 ,(351,NULL,'2011-07-19 22:01:49','2011-07-19 22:04:06',NULL,'1',1,1)
 ,(352,NULL,'2011-07-19 22:05:58','2011-07-19 22:12:39',NULL,'1',1,1)
 ,(353,NULL,'2011-07-19 22:08:24','2011-07-19 22:09:52',NULL,'1',1,1)
 ,(355,NULL,'2011-07-19 22:17:12','2011-07-19 22:17:12',NULL,'1',1,1)
 ,(356,NULL,'2011-07-19 22:17:59','2011-07-19 22:18:11',NULL,'1',1,1)
 ,(357,NULL,'2011-07-19 22:18:36','2011-07-19 22:19:20',NULL,'1',1,1)
 ,(358,NULL,'2011-07-19 22:20:02','2011-07-19 22:20:02',NULL,'1',1,1)
 ,(359,NULL,'2011-07-19 22:22:23','2011-07-19 22:22:23',NULL,'1',1,1)
 ,(360,NULL,'2011-07-19 22:23:12','2011-07-19 22:23:12',NULL,'1',1,1)
 ,(361,NULL,'2011-07-19 22:28:18','2011-07-19 22:28:18',NULL,'1',1,1)
 ,(362,NULL,'2011-07-19 22:30:59','2011-07-19 22:30:59',NULL,'1',1,1)
 ,(363,NULL,'2011-07-19 22:35:30','2011-07-19 22:37:45',NULL,'1',1,1)
 ,(364,NULL,'2011-07-19 22:37:56','2011-07-19 22:37:56',NULL,'1',1,1)
 ,(365,NULL,'2011-07-19 22:40:25','2011-07-19 22:41:32',NULL,'1',1,1)
 ,(366,NULL,'2011-07-19 22:42:09','2011-07-19 22:42:09',NULL,'1',1,1)
 ,(367,NULL,'2011-07-19 22:44:42','2011-07-19 22:51:51',NULL,'1',1,1)
 ,(368,NULL,'2011-07-19 22:52:44','2011-07-19 22:56:50',NULL,'1',1,1)
 ,(369,NULL,'2011-07-19 22:57:29','2011-07-19 22:57:41',NULL,'1',1,1)
 ,(370,NULL,'2011-07-19 22:58:12','2011-07-19 22:58:12',NULL,'1',1,1)
 ,(371,NULL,'2011-07-19 22:59:14','2011-07-19 23:00:37',NULL,'1',1,1)
 ,(372,NULL,'2011-07-19 23:02:51','2011-07-19 23:03:54',NULL,'1',1,1)
 ,(376,NULL,'2011-07-19 23:07:53','2011-07-19 23:07:53',NULL,'1',2,1)
 ,(375,NULL,'2011-07-19 23:06:59','2011-07-19 23:07:17',NULL,'1',2,1)
 ,(377,NULL,'2011-07-19 23:08:51','2011-07-19 23:08:51',NULL,'1',2,1)
 ,(378,NULL,'2011-07-19 23:09:55','2011-07-19 23:09:56',NULL,'1',2,1)
 ,(379,NULL,'2011-07-19 23:10:21','2011-07-19 23:10:21',NULL,'1',2,1)
 ,(380,NULL,'2011-07-19 23:17:27','2011-07-19 23:17:27',NULL,'1',1,1)
 ,(381,NULL,'2011-07-19 23:18:22','2011-07-19 23:18:22',NULL,'1',1,1)
 ,(382,NULL,'2011-07-19 23:20:15','2011-07-19 23:20:15',NULL,'1',2,1)
 ,(383,NULL,'2011-07-19 23:21:07','2011-07-19 23:21:07',NULL,'1',2,1)
 ,(384,NULL,'2011-07-19 23:23:05','2011-07-19 23:23:06',NULL,'1',1,1)
 ,(385,NULL,'2011-07-19 23:25:38','2011-07-19 23:25:38',NULL,'1',6,1)
 ,(386,NULL,'2011-07-19 23:29:39','2011-07-19 23:29:39',NULL,'1',1,1)
 ,(387,NULL,'2011-07-19 23:30:04','2011-07-19 23:30:04',NULL,'1',1,1)
 ,(388,NULL,'2011-07-20 00:05:48','2011-07-20 00:05:49',NULL,'1',1,1)
 ,(389,NULL,'2011-07-20 00:06:43','2011-07-20 00:06:43',NULL,'1',1,1)
 ,(390,NULL,'2011-07-20 11:49:05','2011-07-20 11:49:05',NULL,'1',1,1)
 ,(391,NULL,'2011-07-20 14:00:08','2011-07-20 14:01:02',NULL,'1',1,1)
 ,(392,NULL,'2011-07-20 14:02:20','2011-07-20 14:03:07',NULL,'1',1,1)
 ,(393,NULL,'2011-07-20 14:03:59','2011-07-20 14:04:10',NULL,'1',1,1)
 ,(394,NULL,'2011-07-20 14:04:40','2011-07-20 14:04:40',NULL,'1',1,1)
 ,(395,NULL,'2011-07-20 14:05:28','2011-07-20 14:05:28',NULL,'1',1,1)
 ,(396,NULL,'2011-07-20 14:13:38','2011-07-20 14:13:53',NULL,'1',1,1)
 ,(397,NULL,'2011-07-20 14:14:33','2011-07-20 14:14:33',NULL,'1',1,1)
 ,(398,NULL,'2011-07-20 14:16:04','2011-07-20 14:16:04',NULL,'1',1,1)
 ,(399,NULL,'2011-07-20 14:17:20','2011-07-20 14:17:20',NULL,'1',1,1)
 ,(400,NULL,'2011-07-20 14:18:02','2011-07-20 14:18:02',NULL,'1',1,1)
 ,(401,NULL,'2011-07-20 14:18:45','2011-07-20 14:18:45',NULL,'1',1,1)
 ,(402,NULL,'2011-07-20 14:20:34','2011-07-20 14:20:34',NULL,'1',1,1)
 ,(403,NULL,'2011-07-20 16:58:57','2011-07-20 16:58:57',NULL,'1',1,1)
 ,(404,NULL,'2011-07-20 23:22:56','2011-07-20 23:22:57',NULL,'1',1,1)
 ,(405,NULL,'2011-07-21 12:09:33','2011-07-21 12:09:33',NULL,'1',1,1)
 ,(406,NULL,'2011-07-21 12:09:58','2011-07-21 12:09:58',NULL,'1',1,1)
 ,(407,NULL,'2011-07-21 13:27:06','2011-07-21 13:27:07',NULL,'1',1,1)
 ,(408,NULL,'2011-07-27 17:09:22','2011-07-27 17:09:22',NULL,'1',1,1)
 ,(409,NULL,'2011-07-27 17:10:17','2011-07-27 17:10:18',NULL,'1',1,1)
 ,(418,NULL,'2011-07-30 11:28:56','2011-07-30 11:28:56',NULL,'1',30,1)
 ,(415,NULL,'2011-07-29 16:47:36','2011-07-29 16:47:37',NULL,'1',1,1)
 ,(419,NULL,'2011-07-30 12:01:39','2011-07-30 12:01:39',NULL,'1',31,1)
 ,(420,NULL,'2011-07-30 12:12:53','2011-07-30 12:12:53',NULL,'1',30,1)
 ,(422,NULL,'2011-07-30 13:03:53','2011-07-30 13:03:53',NULL,'1',1,1)
 ,(423,NULL,'2011-07-30 13:15:34','2011-07-30 13:16:06',NULL,'1',1,1)
 ,(424,NULL,'2011-07-30 13:19:33','2011-07-30 13:19:33',NULL,'1',1,1)
 ,(425,NULL,'2011-07-30 13:20:46','2011-07-30 13:20:46',NULL,'1',1,1)
 ,(426,NULL,'2011-07-30 13:21:44','2011-07-30 13:21:44',NULL,'1',1,1)
 ,(427,NULL,'2011-07-30 18:18:42','2011-07-30 18:18:42',NULL,'1',32,1)
 ,(428,NULL,'2011-07-30 18:32:56','2011-07-30 18:32:56',NULL,'1',33,1)
 ,(429,NULL,'2011-08-02 15:28:16','2011-08-02 15:28:17',NULL,'1',1,1)
 ,(430,NULL,'2011-08-02 15:34:18','2011-08-02 15:34:18',NULL,'1',1,1)
 ,(431,NULL,'2011-08-03 12:44:20','2011-08-03 12:44:21',NULL,'1',1,1)
 ,(432,NULL,'2011-08-05 09:13:14','2011-08-05 09:13:38',NULL,'1',1,1)
 ,(433,NULL,'2011-08-05 15:09:26','2011-08-05 15:09:27',NULL,'1',1,1)
 ,(435,NULL,'2011-08-10 13:33:48','2011-08-10 13:34:24',NULL,'1',1,1)
 ,(436,NULL,'2011-08-10 13:34:08','2011-08-10 13:34:08',NULL,'1',3,1)
 ,(437,NULL,'2011-08-10 13:39:37','2011-08-10 13:39:37',NULL,'1',2,1)
 ,(438,NULL,'2011-08-10 13:40:29','2011-08-10 13:40:29',NULL,'1',2,1)
 ,(439,NULL,'2011-08-10 13:40:36','2011-08-10 13:40:36',NULL,'1',2,1)
 ,(440,NULL,'2011-08-10 13:40:53','2011-08-10 13:40:53',NULL,'1',2,1)
 ,(441,NULL,'2011-08-10 13:42:59','2011-08-10 13:42:59',NULL,'1',2,1)
 ,(442,NULL,'2011-08-10 14:09:28','2011-08-10 14:09:28',NULL,'1',30,1);

DROP TABLE IF EXISTS CollectionAttributeValues;

CREATE TABLE IF NOT EXISTS `CollectionAttributeValues` (
  `cID` int(10) unsigned NOT NULL DEFAULT '0',
  `cvID` int(10) unsigned NOT NULL DEFAULT '0',
  `akID` int(10) unsigned NOT NULL DEFAULT '0',
  `avID` int(10) unsigned NOT NULL DEFAULT '0',
  PRIMARY KEY (`cID`,`cvID`,`akID`,`avID`)
) ENGINE=MyISAM DEFAULT CHARSET=utf8;

INSERT INTO CollectionAttributeValues VALUES(1,19,1,96)
 ,(1,19,2,97)
 ,(1,19,3,98)
 ,(1,19,4,99)
 ,(1,23,1,96)
 ,(1,23,2,97)
 ,(1,23,3,98)
 ,(1,23,4,99)
 ,(1,24,1,96)
 ,(1,24,2,97)
 ,(1,24,3,98)
 ,(1,24,4,99)
 ,(1,25,1,174)
 ,(1,25,2,175)
 ,(1,25,3,176)
 ,(1,25,4,177)
 ,(1,26,1,182)
 ,(1,26,2,183)
 ,(1,26,3,184)
 ,(1,26,4,185)
 ,(1,27,1,182)
 ,(1,27,2,183)
 ,(1,27,3,184)
 ,(1,27,4,185)
 ,(1,28,1,182)
 ,(1,28,2,183)
 ,(1,28,3,184)
 ,(1,28,4,185)
 ,(1,29,1,182)
 ,(1,29,2,183)
 ,(1,29,3,184)
 ,(1,29,4,185)
 ,(1,30,1,182)
 ,(1,30,2,183)
 ,(1,30,3,184)
 ,(1,30,4,185)
 ,(1,31,1,182)
 ,(1,31,2,183)
 ,(1,31,3,184)
 ,(1,31,4,185)
 ,(1,32,1,182)
 ,(1,32,2,183)
 ,(1,32,3,184)
 ,(1,32,4,185)
 ,(66,1,11,19)
 ,(71,2,1,32)
 ,(71,2,2,33)
 ,(71,2,3,34)
 ,(71,2,4,35)
 ,(71,3,1,32)
 ,(71,3,2,33)
 ,(71,3,3,34)
 ,(71,3,4,35)
 ,(71,4,1,32)
 ,(71,4,2,33)
 ,(71,4,3,34)
 ,(71,4,4,35)
 ,(71,5,1,32)
 ,(71,5,2,33)
 ,(71,5,3,34)
 ,(71,5,4,35)
 ,(71,6,1,32)
 ,(71,6,2,33)
 ,(71,6,3,34)
 ,(71,6,4,35)
 ,(71,7,1,32)
 ,(71,7,2,33)
 ,(71,7,3,34)
 ,(71,7,4,35)
 ,(71,8,1,32)
 ,(71,8,2,33)
 ,(71,8,3,34)
 ,(71,8,4,35)
 ,(71,9,1,32)
 ,(71,9,2,33)
 ,(71,9,3,34)
 ,(71,9,4,35)
 ,(71,10,1,112)
 ,(71,10,2,113)
 ,(71,10,3,114)
 ,(71,10,4,115)
 ,(71,11,1,112)
 ,(71,11,2,113)
 ,(71,11,3,114)
 ,(71,11,4,115)
 ,(71,12,1,112)
 ,(71,12,2,113)
 ,(71,12,3,114)
 ,(71,12,4,115)
 ,(71,13,1,186)
 ,(71,13,2,187)
 ,(71,13,3,188)
 ,(71,13,4,189)
 ,(71,14,1,186)
 ,(71,14,2,187)
 ,(71,14,3,188)
 ,(71,14,4,189)
 ,(71,15,1,186)
 ,(71,15,2,187)
 ,(71,15,3,188)
 ,(71,15,4,189)
 ,(75,4,1,46)
 ,(75,4,2,47)
 ,(75,4,3,48)
 ,(75,4,4,49)
 ,(75,7,1,108)
 ,(75,7,2,109)
 ,(75,7,3,110)
 ,(75,7,4,111)
 ,(75,8,1,108)
 ,(75,8,2,109)
 ,(75,8,3,110)
 ,(75,8,4,111)
 ,(75,9,1,354)
 ,(75,9,2,355)
 ,(75,9,3,356)
 ,(75,9,4,357)
 ,(76,2,1,50)
 ,(76,2,2,51)
 ,(76,2,3,52)
 ,(76,2,4,53)
 ,(76,3,1,50)
 ,(76,3,2,51)
 ,(76,3,3,52)
 ,(76,3,4,53)
 ,(76,4,1,50)
 ,(76,4,2,51)
 ,(76,4,3,52)
 ,(76,4,4,53)
 ,(76,5,1,104)
 ,(76,5,2,105)
 ,(76,5,3,106)
 ,(76,5,4,107)
 ,(76,6,1,104)
 ,(76,6,2,105)
 ,(76,6,3,106)
 ,(76,6,4,107)
 ,(76,7,1,126)
 ,(76,7,2,127)
 ,(76,7,3,128)
 ,(76,7,4,129)
 ,(76,8,1,130)
 ,(76,8,2,131)
 ,(76,8,3,132)
 ,(76,8,4,133)
 ,(76,9,1,130)
 ,(76,9,2,131)
 ,(76,9,3,132)
 ,(76,9,4,133)
 ,(76,10,1,130)
 ,(76,10,2,131)
 ,(76,10,3,132)
 ,(76,10,4,133)
 ,(76,11,1,130)
 ,(76,11,2,131)
 ,(76,11,3,132)
 ,(76,11,4,133)
 ,(76,12,1,130)
 ,(76,12,2,131)
 ,(76,12,3,132)
 ,(76,12,4,133)
 ,(76,13,1,130)
 ,(76,13,2,131)
 ,(76,13,3,132)
 ,(76,13,4,133)
 ,(76,14,1,130)
 ,(76,14,2,131)
 ,(76,14,3,132)
 ,(76,14,4,133)
 ,(76,15,1,130)
 ,(76,15,2,131)
 ,(76,15,3,132)
 ,(76,15,4,133)
 ,(76,16,1,178)
 ,(76,16,2,179)
 ,(76,16,3,180)
 ,(76,16,4,181)
 ,(76,17,1,178)
 ,(76,17,2,179)
 ,(76,17,3,180)
 ,(76,17,4,181)
 ,(76,18,1,178)
 ,(76,18,2,179)
 ,(76,18,3,180)
 ,(76,18,4,181)
 ,(76,19,1,242)
 ,(76,19,2,243)
 ,(76,19,3,244)
 ,(76,19,4,245)
 ,(76,20,1,266)
 ,(76,20,2,267)
 ,(76,20,3,268)
 ,(76,20,4,269)
 ,(76,21,1,270)
 ,(76,21,2,271)
 ,(76,21,3,272)
 ,(76,21,4,273)
 ,(76,22,1,278)
 ,(76,22,2,279)
 ,(76,22,3,280)
 ,(76,22,4,281)
 ,(76,23,1,282)
 ,(76,23,2,283)
 ,(76,23,3,284)
 ,(76,23,4,285)
 ,(76,24,1,290)
 ,(76,24,2,291)
 ,(76,24,3,292)
 ,(76,24,4,293)
 ,(76,25,1,298)
 ,(76,25,2,299)
 ,(76,25,3,300)
 ,(76,25,4,301)
 ,(76,26,1,302)
 ,(76,26,2,303)
 ,(76,26,3,304)
 ,(76,26,4,305)
 ,(76,27,1,314)
 ,(76,27,2,315)
 ,(76,27,3,316)
 ,(76,27,4,317)
 ,(76,28,1,322)
 ,(76,28,2,323)
 ,(76,28,3,324)
 ,(76,28,4,325)
 ,(76,29,1,330)
 ,(76,29,2,331)
 ,(76,29,3,332)
 ,(76,29,4,333)
 ,(76,30,1,334)
 ,(76,30,2,335)
 ,(76,30,3,336)
 ,(76,30,4,337)
 ,(76,31,1,338)
 ,(76,31,2,339)
 ,(76,31,3,340)
 ,(76,31,4,341)
 ,(76,32,1,350)
 ,(76,32,2,351)
 ,(76,32,3,352)
 ,(76,32,4,353)
 ,(76,33,1,384)
 ,(76,33,2,385)
 ,(76,33,3,386)
 ,(76,33,4,387)
 ,(77,11,1,58)
 ,(77,11,2,59)
 ,(77,11,3,60)
 ,(77,11,4,61)
 ,(77,12,1,100)
 ,(77,12,2,101)
 ,(77,12,3,102)
 ,(77,12,4,103)
 ,(77,13,1,100)
 ,(77,13,2,101)
 ,(77,13,3,102)
 ,(77,13,4,103)
 ,(77,14,1,100)
 ,(77,14,2,101)
 ,(77,14,3,102)
 ,(77,14,4,103)
 ,(77,15,1,100)
 ,(77,15,2,101)
 ,(77,15,3,102)
 ,(77,15,4,103)
 ,(77,16,1,100)
 ,(77,16,2,101)
 ,(77,16,3,102)
 ,(77,16,4,103)
 ,(77,17,1,100)
 ,(77,17,2,101)
 ,(77,17,3,102)
 ,(77,17,4,103)
 ,(77,18,1,100)
 ,(77,18,2,101)
 ,(77,18,3,102)
 ,(77,18,4,103)
 ,(77,19,1,100)
 ,(77,19,2,101)
 ,(77,19,3,102)
 ,(77,19,4,103)
 ,(77,20,1,310)
 ,(77,20,2,311)
 ,(77,20,3,312)
 ,(77,20,4,313)
 ,(77,21,1,310)
 ,(77,21,2,311)
 ,(77,21,3,312)
 ,(77,21,4,313)
 ,(77,22,1,310)
 ,(77,22,2,311)
 ,(77,22,3,312)
 ,(77,22,4,313)
 ,(77,23,1,310)
 ,(77,23,2,311)
 ,(77,23,3,312)
 ,(77,23,4,313)
 ,(79,2,1,70)
 ,(79,2,2,71)
 ,(79,2,3,72)
 ,(79,2,4,73)
 ,(79,3,1,74)
 ,(79,3,2,75)
 ,(79,3,3,76)
 ,(79,3,4,77)
 ,(79,4,1,78)
 ,(79,4,2,79)
 ,(79,4,3,80)
 ,(79,4,4,81)
 ,(79,5,1,82)
 ,(79,5,2,83)
 ,(79,5,3,84)
 ,(79,5,4,85)
 ,(79,6,1,86)
 ,(79,6,2,87)
 ,(79,6,3,88)
 ,(79,6,4,89)
 ,(79,7,1,134)
 ,(79,7,2,135)
 ,(79,7,3,136)
 ,(79,7,4,137)
 ,(79,8,1,138)
 ,(79,8,2,139)
 ,(79,8,3,140)
 ,(79,8,4,141)
 ,(82,2,1,146)
 ,(82,2,2,147)
 ,(82,2,3,148)
 ,(82,2,4,149)
 ,(82,3,1,146)
 ,(82,3,2,147)
 ,(82,3,3,148)
 ,(82,3,4,149)
 ,(82,4,1,146)
 ,(82,4,2,147)
 ,(82,4,3,148)
 ,(82,4,4,149)
 ,(82,5,1,146)
 ,(82,5,2,147)
 ,(82,5,3,148)
 ,(82,5,4,149)
 ,(82,6,1,146)
 ,(82,6,2,147)
 ,(82,6,3,148)
 ,(82,6,4,149)
 ,(83,2,1,150)
 ,(83,2,2,151)
 ,(83,2,3,152)
 ,(83,2,4,153)
 ,(83,3,1,150)
 ,(83,3,2,151)
 ,(83,3,3,152)
 ,(83,3,4,153)
 ,(83,4,1,150)
 ,(83,4,2,151)
 ,(83,4,3,152)
 ,(83,4,4,153)
 ,(83,5,1,150)
 ,(83,5,2,151)
 ,(83,5,3,152)
 ,(83,5,4,153)
 ,(83,6,1,150)
 ,(83,6,2,151)
 ,(83,6,3,152)
 ,(83,6,4,153)
 ,(83,7,1,150)
 ,(83,7,2,151)
 ,(83,7,3,152)
 ,(83,7,4,153)
 ,(83,8,1,150)
 ,(83,8,2,151)
 ,(83,8,3,152)
 ,(83,8,4,153)
 ,(83,9,1,150)
 ,(83,9,2,151)
 ,(83,9,3,152)
 ,(83,9,4,153)
 ,(83,10,1,150)
 ,(83,10,2,151)
 ,(83,10,3,152)
 ,(83,10,4,153)
 ,(83,11,1,150)
 ,(83,11,2,151)
 ,(83,11,3,152)
 ,(83,11,4,153)
 ,(83,12,1,150)
 ,(83,12,2,151)
 ,(83,12,3,152)
 ,(83,12,4,153)
 ,(83,13,1,166)
 ,(83,13,2,167)
 ,(83,13,3,168)
 ,(83,13,4,169)
 ,(85,2,1,170)
 ,(85,2,2,171)
 ,(85,2,3,172)
 ,(85,2,4,173)
 ,(85,3,1,170)
 ,(85,3,2,171)
 ,(85,3,3,172)
 ,(85,3,4,173)
 ,(85,4,1,170)
 ,(85,4,2,171)
 ,(85,4,3,172)
 ,(85,4,4,173)
 ,(86,2,1,190)
 ,(86,2,2,191)
 ,(86,2,3,192)
 ,(86,2,4,193)
 ,(86,3,1,190)
 ,(86,3,2,191)
 ,(86,3,3,192)
 ,(86,3,4,193)
 ,(86,4,1,202)
 ,(86,4,2,203)
 ,(86,4,3,204)
 ,(86,4,4,205)
 ,(86,5,1,206)
 ,(86,5,2,207)
 ,(86,5,3,208)
 ,(86,5,4,209)
 ,(86,6,1,210)
 ,(86,6,2,211)
 ,(86,6,3,212)
 ,(86,6,4,213)
 ,(86,7,1,210)
 ,(86,7,2,211)
 ,(86,7,3,212)
 ,(86,7,4,213)
 ,(86,8,1,226)
 ,(86,8,2,227)
 ,(86,8,3,228)
 ,(86,8,4,229)
 ,(86,9,1,226)
 ,(86,9,2,227)
 ,(86,9,3,228)
 ,(86,9,4,229)
 ,(86,10,1,226)
 ,(86,10,2,227)
 ,(86,10,3,228)
 ,(86,10,4,229)
 ,(86,11,1,226)
 ,(86,11,2,227)
 ,(86,11,3,228)
 ,(86,11,4,229)
 ,(86,12,1,226)
 ,(86,12,2,227)
 ,(86,12,3,228)
 ,(86,12,4,229)
 ,(86,13,1,226)
 ,(86,13,2,227)
 ,(86,13,3,228)
 ,(86,13,4,229)
 ,(86,14,1,226)
 ,(86,14,2,227)
 ,(86,14,3,228)
 ,(86,14,4,229)
 ,(86,15,1,226)
 ,(86,15,2,227)
 ,(86,15,3,228)
 ,(86,15,4,229)
 ,(89,2,1,214)
 ,(89,2,2,215)
 ,(89,2,3,216)
 ,(89,2,4,217)
 ,(89,3,1,214)
 ,(89,3,2,215)
 ,(89,3,3,216)
 ,(89,3,4,217)
 ,(89,4,1,214)
 ,(89,4,2,215)
 ,(89,4,3,216)
 ,(89,4,4,217)
 ,(89,5,1,214)
 ,(89,5,2,215)
 ,(89,5,3,216)
 ,(89,5,4,217)
 ,(89,6,1,214)
 ,(89,6,2,215)
 ,(89,6,3,216)
 ,(89,6,4,217)
 ,(89,7,1,214)
 ,(89,7,2,215)
 ,(89,7,3,216)
 ,(89,7,4,217)
 ,(89,8,1,214)
 ,(89,8,2,215)
 ,(89,8,3,216)
 ,(89,8,4,217)
 ,(89,9,1,214)
 ,(89,9,2,215)
 ,(89,9,3,216)
 ,(89,9,4,217)
 ,(89,10,1,214)
 ,(89,10,2,215)
 ,(89,10,3,216)
 ,(89,10,4,217)
 ,(89,11,1,214)
 ,(89,11,2,215)
 ,(89,11,3,216)
 ,(89,11,4,217)
 ,(89,12,1,214)
 ,(89,12,2,215)
 ,(89,12,3,216)
 ,(89,12,4,217)
 ,(89,13,1,214)
 ,(89,13,2,215)
 ,(89,13,3,216)
 ,(89,13,4,217)
 ,(89,14,1,214)
 ,(89,14,2,215)
 ,(89,14,3,216)
 ,(89,14,4,217)
 ,(89,15,1,214)
 ,(89,15,2,215)
 ,(89,15,3,216)
 ,(89,15,4,217)
 ,(89,16,1,214)
 ,(89,16,2,215)
 ,(89,16,3,216)
 ,(89,16,4,217)
 ,(89,17,1,214)
 ,(89,17,2,215)
 ,(89,17,3,216)
 ,(89,17,4,217)
 ,(89,18,1,214)
 ,(89,18,2,215)
 ,(89,18,3,216)
 ,(89,18,4,217)
 ,(89,19,1,214)
 ,(89,19,2,215)
 ,(89,19,3,216)
 ,(89,19,4,217)
 ,(89,20,1,214)
 ,(89,20,2,215)
 ,(89,20,3,216)
 ,(89,20,4,217)
 ,(89,21,1,214)
 ,(89,21,2,215)
 ,(89,21,3,216)
 ,(89,21,4,217)
 ,(89,22,1,214)
 ,(89,22,2,215)
 ,(89,22,3,216)
 ,(89,22,4,217)
 ,(89,23,1,214)
 ,(89,23,2,215)
 ,(89,23,3,216)
 ,(89,23,4,217)
 ,(89,24,1,214)
 ,(89,24,2,215)
 ,(89,24,3,216)
 ,(89,24,4,217)
 ,(89,25,1,214)
 ,(89,25,2,215)
 ,(89,25,3,216)
 ,(89,25,4,217)
 ,(89,26,1,214)
 ,(89,26,2,215)
 ,(89,26,3,216)
 ,(89,26,4,217)
 ,(89,27,1,214)
 ,(89,27,2,215)
 ,(89,27,3,216)
 ,(89,27,4,217)
 ,(89,28,1,214)
 ,(89,28,2,215)
 ,(89,28,3,216)
 ,(89,28,4,217)
 ,(89,29,1,214)
 ,(89,29,2,215)
 ,(89,29,3,216)
 ,(89,29,4,217)
 ,(89,30,1,214)
 ,(89,30,2,215)
 ,(89,30,3,216)
 ,(89,30,4,217)
 ,(89,31,1,214)
 ,(89,31,2,215)
 ,(89,31,3,216)
 ,(89,31,4,217)
 ,(89,32,1,214)
 ,(89,32,2,215)
 ,(89,32,3,216)
 ,(89,32,4,217)
 ,(89,33,1,214)
 ,(89,33,2,215)
 ,(89,33,3,216)
 ,(89,33,4,217)
 ,(89,34,1,214)
 ,(89,34,2,215)
 ,(89,34,3,216)
 ,(89,34,4,217)
 ,(89,35,1,214)
 ,(89,35,2,215)
 ,(89,35,3,216)
 ,(89,35,4,217)
 ,(89,36,1,214)
 ,(89,36,2,215)
 ,(89,36,3,216)
 ,(89,36,4,217)
 ,(89,37,1,214)
 ,(89,37,2,215)
 ,(89,37,3,216)
 ,(89,37,4,217)
 ,(90,2,1,218)
 ,(90,2,2,219)
 ,(90,2,3,220)
 ,(90,2,4,221)
 ,(90,3,1,218)
 ,(90,3,2,219)
 ,(90,3,3,220)
 ,(90,3,4,221)
 ,(90,4,1,218)
 ,(90,4,2,219)
 ,(90,4,3,220)
 ,(90,4,4,221)
 ,(90,5,1,218)
 ,(90,5,2,219)
 ,(90,5,3,220)
 ,(90,5,4,221)
 ,(90,6,1,218)
 ,(90,6,2,219)
 ,(90,6,3,220)
 ,(90,6,4,221)
 ,(90,7,1,218)
 ,(90,7,2,219)
 ,(90,7,3,220)
 ,(90,7,4,221)
 ,(90,8,1,218)
 ,(90,8,2,219)
 ,(90,8,3,220)
 ,(90,8,4,221)
 ,(90,9,1,218)
 ,(90,9,2,219)
 ,(90,9,3,220)
 ,(90,9,4,221)
 ,(90,10,1,222)
 ,(90,10,2,223)
 ,(90,10,3,224)
 ,(90,10,4,225)
 ,(90,11,1,436)
 ,(90,11,2,437)
 ,(90,11,3,438)
 ,(90,11,4,439)
 ,(90,12,1,440)
 ,(90,12,2,441)
 ,(90,12,3,442)
 ,(90,12,4,443)
 ,(91,2,1,230)
 ,(91,2,2,231)
 ,(91,2,3,232)
 ,(91,2,4,233)
 ,(92,2,1,234)
 ,(92,2,2,235)
 ,(92,2,3,236)
 ,(92,2,4,237)
 ,(92,3,1,238)
 ,(92,3,2,239)
 ,(92,3,3,240)
 ,(92,3,4,241)
 ,(92,4,1,238)
 ,(92,4,2,239)
 ,(92,4,3,240)
 ,(92,4,4,241)
 ,(92,5,1,238)
 ,(92,5,2,239)
 ,(92,5,3,240)
 ,(92,5,4,241)
 ,(92,6,1,238)
 ,(92,6,2,239)
 ,(92,6,3,240)
 ,(92,6,4,241)
 ,(92,7,1,238)
 ,(92,7,2,239)
 ,(92,7,3,240)
 ,(92,7,4,241)
 ,(96,2,1,346)
 ,(96,2,2,347)
 ,(96,2,3,348)
 ,(96,2,4,349)
 ,(96,3,1,346)
 ,(96,3,2,347)
 ,(96,3,3,348)
 ,(96,3,4,349)
 ,(96,4,1,346)
 ,(96,4,2,347)
 ,(96,4,3,348)
 ,(96,4,4,349)
 ,(96,5,1,358)
 ,(96,5,2,359)
 ,(96,5,3,360)
 ,(96,5,4,361)
 ,(96,6,1,358)
 ,(96,6,2,359)
 ,(96,6,3,360)
 ,(96,6,4,361)
 ,(96,7,1,358)
 ,(96,7,2,359)
 ,(96,7,3,360)
 ,(96,7,4,361)
 ,(96,8,1,358)
 ,(96,8,2,359)
 ,(96,8,3,360)
 ,(96,8,4,361)
 ,(96,9,1,358)
 ,(96,9,2,359)
 ,(96,9,3,360)
 ,(96,9,4,361)
 ,(96,10,1,358)
 ,(96,10,2,359)
 ,(96,10,3,360)
 ,(96,10,4,361)
 ,(96,11,1,358)
 ,(96,11,2,359)
 ,(96,11,3,360)
 ,(96,11,4,361)
 ,(96,12,1,358)
 ,(96,12,2,359)
 ,(96,12,3,360)
 ,(96,12,4,361)
 ,(96,13,1,358)
 ,(96,13,2,359)
 ,(96,13,3,360)
 ,(96,13,4,361)
 ,(96,14,1,358)
 ,(96,14,2,359)
 ,(96,14,3,360)
 ,(96,14,4,361)
 ,(96,15,1,358)
 ,(96,15,2,359)
 ,(96,15,3,360)
 ,(96,15,4,361)
 ,(96,16,1,380)
 ,(96,16,2,381)
 ,(96,16,3,382)
 ,(96,16,4,383)
 ,(96,17,1,388)
 ,(96,17,2,389)
 ,(96,17,3,390)
 ,(96,17,4,391)
 ,(96,18,1,396)
 ,(96,18,2,397)
 ,(96,18,3,398)
 ,(96,18,4,399)
 ,(96,19,1,404)
 ,(96,19,2,405)
 ,(96,19,3,406)
 ,(96,19,4,407)
 ,(96,20,1,408)
 ,(96,20,2,409)
 ,(96,20,3,410)
 ,(96,20,4,411)
 ,(96,21,1,412)
 ,(96,21,2,413)
 ,(96,21,3,414)
 ,(96,21,4,415)
 ,(96,22,1,416)
 ,(96,22,2,417)
 ,(96,22,3,418)
 ,(96,22,4,419)
 ,(96,23,1,428)
 ,(96,23,2,429)
 ,(96,23,3,430)
 ,(96,23,4,431)
 ,(96,24,1,428)
 ,(96,24,2,429)
 ,(96,24,3,430)
 ,(96,24,4,431)
 ,(96,25,1,428)
 ,(96,25,2,429)
 ,(96,25,3,430)
 ,(96,25,4,431)
 ,(96,26,1,428)
 ,(96,26,2,429)
 ,(96,26,3,430)
 ,(96,26,4,431)
 ,(96,27,1,428)
 ,(96,27,2,429)
 ,(96,27,3,430)
 ,(96,27,4,431)
 ,(96,28,1,428)
 ,(96,28,2,429)
 ,(96,28,3,430)
 ,(96,28,4,431)
 ,(96,29,1,428)
 ,(96,29,2,429)
 ,(96,29,3,430)
 ,(96,29,4,431)
 ,(96,30,1,428)
 ,(96,30,2,429)
 ,(96,30,3,430)
 ,(96,30,4,431)
 ,(96,31,1,428)
 ,(96,31,2,429)
 ,(96,31,3,430)
 ,(96,31,4,431)
 ,(96,32,1,428)
 ,(96,32,2,429)
 ,(96,32,3,430)
 ,(96,32,4,431)
 ,(96,33,1,428)
 ,(96,33,2,429)
 ,(96,33,3,430)
 ,(96,33,4,431)
 ,(96,34,1,428)
 ,(96,34,2,429)
 ,(96,34,3,430)
 ,(96,34,4,431)
 ,(96,35,1,428)
 ,(96,35,2,429)
 ,(96,35,3,430)
 ,(96,35,4,431)
 ,(96,36,1,428)
 ,(96,36,2,429)
 ,(96,36,3,430)
 ,(96,36,4,431)
 ,(96,37,1,428)
 ,(96,37,2,429)
 ,(96,37,3,430)
 ,(96,37,4,431)
 ,(96,38,1,428)
 ,(96,38,2,429)
 ,(96,38,3,430)
 ,(96,38,4,431)
 ,(96,39,1,428)
 ,(96,39,2,429)
 ,(96,39,3,430)
 ,(96,39,4,431)
 ,(96,40,1,428)
 ,(96,40,2,429)
 ,(96,40,3,430)
 ,(96,40,4,431)
 ,(96,41,1,428)
 ,(96,41,2,429)
 ,(96,41,3,430)
 ,(96,41,4,431)
 ,(96,42,1,428)
 ,(96,42,2,429)
 ,(96,42,3,430)
 ,(96,42,4,431)
 ,(96,43,1,428)
 ,(96,43,2,429)
 ,(96,43,3,430)
 ,(96,43,4,431)
 ,(96,44,1,428)
 ,(96,44,2,429)
 ,(96,44,3,430)
 ,(96,44,4,431)
 ,(96,45,1,428)
 ,(96,45,2,429)
 ,(96,45,3,430)
 ,(96,45,4,431)
 ,(96,46,1,428)
 ,(96,46,2,429)
 ,(96,46,3,430)
 ,(96,46,4,431)
 ,(96,47,1,428)
 ,(96,47,2,429)
 ,(96,47,3,430)
 ,(96,47,4,431)
 ,(96,48,1,428)
 ,(96,48,2,429)
 ,(96,48,3,430)
 ,(96,48,4,431)
 ,(96,49,1,428)
 ,(96,49,2,429)
 ,(96,49,3,430)
 ,(96,49,4,431)
 ,(96,50,1,428)
 ,(96,50,2,429)
 ,(96,50,3,430)
 ,(96,50,4,431)
 ,(96,51,1,428)
 ,(96,51,2,429)
 ,(96,51,3,430)
 ,(96,51,4,431)
 ,(96,52,1,428)
 ,(96,52,2,429)
 ,(96,52,3,430)
 ,(96,52,4,431)
 ,(96,53,1,428)
 ,(96,53,2,429)
 ,(96,53,3,430)
 ,(96,53,4,431)
 ,(96,54,1,428)
 ,(96,54,2,429)
 ,(96,54,3,430)
 ,(96,54,4,431)
 ,(96,55,1,428)
 ,(96,55,2,429)
 ,(96,55,3,430)
 ,(96,55,4,431)
 ,(96,56,1,428)
 ,(96,56,2,429)
 ,(96,56,3,430)
 ,(96,56,4,431)
 ,(96,57,1,428)
 ,(96,57,2,429)
 ,(96,57,3,430)
 ,(96,57,4,431)
 ,(96,58,1,428)
 ,(96,58,2,429)
 ,(96,58,3,430)
 ,(96,58,4,431)
 ,(96,59,1,428)
 ,(96,59,2,429)
 ,(96,59,3,430)
 ,(96,59,4,431)
 ,(96,60,1,428)
 ,(96,60,2,429)
 ,(96,60,3,430)
 ,(96,60,4,431)
 ,(96,61,1,428)
 ,(96,61,2,429)
 ,(96,61,3,430)
 ,(96,61,4,431)
 ,(96,62,1,428)
 ,(96,62,2,429)
 ,(96,62,3,430)
 ,(96,62,4,431)
 ,(96,63,1,428)
 ,(96,63,2,429)
 ,(96,63,3,430)
 ,(96,63,4,431)
 ,(96,64,1,428)
 ,(96,64,2,429)
 ,(96,64,3,430)
 ,(96,64,4,431)
 ,(96,65,1,428)
 ,(96,65,2,429)
 ,(96,65,3,430)
 ,(96,65,4,431)
 ,(96,66,1,428)
 ,(96,66,2,429)
 ,(96,66,3,430)
 ,(96,66,4,431)
 ,(96,67,1,428)
 ,(96,67,2,429)
 ,(96,67,3,430)
 ,(96,67,4,431)
 ,(96,68,1,428)
 ,(96,68,2,429)
 ,(96,68,3,430)
 ,(96,68,4,431)
 ,(96,69,1,428)
 ,(96,69,2,429)
 ,(96,69,3,430)
 ,(96,69,4,431)
 ,(96,70,1,428)
 ,(96,70,2,429)
 ,(96,70,3,430)
 ,(96,70,4,431)
 ,(96,71,1,428)
 ,(96,71,2,429)
 ,(96,71,3,430)
 ,(96,71,4,431)
 ,(96,72,1,428)
 ,(96,72,2,429)
 ,(96,72,3,430)
 ,(96,72,4,431)
 ,(96,73,1,428)
 ,(96,73,2,429)
 ,(96,73,3,430)
 ,(96,73,4,431)
 ,(96,74,1,428)
 ,(96,74,2,429)
 ,(96,74,3,430)
 ,(96,74,4,431)
 ,(96,75,1,428)
 ,(96,75,2,429)
 ,(96,75,3,430)
 ,(96,75,4,431)
 ,(96,76,1,428)
 ,(96,76,2,429)
 ,(96,76,3,430)
 ,(96,76,4,431)
 ,(96,77,1,428)
 ,(96,77,2,429)
 ,(96,77,3,430)
 ,(96,77,4,431)
 ,(96,78,1,428)
 ,(96,78,2,429)
 ,(96,78,3,430)
 ,(96,78,4,431)
 ,(96,79,1,428)
 ,(96,79,2,429)
 ,(96,79,3,430)
 ,(96,79,4,431)
 ,(96,80,1,428)
 ,(96,80,2,429)
 ,(96,80,3,430)
 ,(96,80,4,431)
 ,(96,81,1,428)
 ,(96,81,2,429)
 ,(96,81,3,430)
 ,(96,81,4,431)
 ,(96,82,1,428)
 ,(96,82,2,429)
 ,(96,82,3,430)
 ,(96,82,4,431)
 ,(96,83,1,428)
 ,(96,83,2,429)
 ,(96,83,3,430)
 ,(96,83,4,431)
 ,(96,84,1,428)
 ,(96,84,2,429)
 ,(96,84,3,430)
 ,(96,84,4,431)
 ,(96,85,1,428)
 ,(96,85,2,429)
 ,(96,85,3,430)
 ,(96,85,4,431)
 ,(96,86,1,428)
 ,(96,86,2,429)
 ,(96,86,3,430)
 ,(96,86,4,431)
 ,(96,87,1,428)
 ,(96,87,2,429)
 ,(96,87,3,430)
 ,(96,87,4,431)
 ,(96,88,1,428)
 ,(96,88,2,429)
 ,(96,88,3,430)
 ,(96,88,4,431)
 ,(96,89,1,428)
 ,(96,89,2,429)
 ,(96,89,3,430)
 ,(96,89,4,431)
 ,(96,90,1,428)
 ,(96,90,2,429)
 ,(96,90,3,430)
 ,(96,90,4,431)
 ,(96,91,1,428)
 ,(96,91,2,429)
 ,(96,91,3,430)
 ,(96,91,4,431)
 ,(96,92,1,428)
 ,(96,92,2,429)
 ,(96,92,3,430)
 ,(96,92,4,431)
 ,(98,2,1,392)
 ,(98,2,2,393)
 ,(98,2,3,394)
 ,(98,2,4,395)
 ,(98,3,1,400)
 ,(98,3,2,401)
 ,(98,3,3,402)
 ,(98,3,4,403)
 ,(98,4,1,420)
 ,(98,4,2,421)
 ,(98,4,3,422)
 ,(98,4,4,423)
 ,(98,5,1,424)
 ,(98,5,2,425)
 ,(98,5,3,426)
 ,(98,5,4,427)
 ,(98,6,1,424)
 ,(98,6,2,425)
 ,(98,6,3,426)
 ,(98,6,4,427)
 ,(99,2,1,432)
 ,(99,2,2,433)
 ,(99,2,3,434)
 ,(99,2,4,435)
 ,(99,3,1,432)
 ,(99,3,2,433)
 ,(99,3,3,434)
 ,(99,3,4,435)
 ,(101,2,1,458)
 ,(101,2,2,459)
 ,(101,2,3,460)
 ,(101,2,4,461)
 ,(101,3,1,458)
 ,(101,3,2,459)
 ,(101,3,3,460)
 ,(101,3,4,461)
 ,(103,2,1,470)
 ,(103,2,2,471)
 ,(103,2,3,472)
 ,(103,2,4,473)
 ,(106,2,1,482)
 ,(106,2,2,483)
 ,(106,2,3,484)
 ,(106,2,4,485)
 ,(106,3,1,482)
 ,(106,3,2,483)
 ,(106,3,3,484)
 ,(106,3,4,485)
 ,(115,2,1,518)
 ,(115,2,2,519)
 ,(115,2,3,520)
 ,(115,2,4,521)
 ,(115,2,5,522)
 ,(115,2,7,523)
 ,(115,2,8,524)
 ,(115,3,1,518)
 ,(115,3,2,519)
 ,(115,3,3,520)
 ,(115,3,4,521)
 ,(115,3,5,522)
 ,(115,3,7,523)
 ,(115,3,8,524)
 ,(115,4,1,518)
 ,(115,4,2,519)
 ,(115,4,3,520)
 ,(115,4,4,521)
 ,(115,4,5,522)
 ,(115,4,7,523)
 ,(115,4,8,524)
 ,(115,5,1,525)
 ,(115,5,2,526)
 ,(115,5,3,527)
 ,(115,5,4,528)
 ,(115,5,5,529)
 ,(115,5,6,530)
 ,(115,5,7,531)
 ,(115,5,8,532)
 ,(115,6,1,525)
 ,(115,6,2,526)
 ,(115,6,3,527)
 ,(115,6,4,528)
 ,(115,6,5,529)
 ,(115,6,6,530)
 ,(115,6,7,531)
 ,(115,6,8,532)
 ,(115,7,1,525)
 ,(115,7,2,526)
 ,(115,7,3,527)
 ,(115,7,4,528)
 ,(115,7,5,529)
 ,(115,7,6,530)
 ,(115,7,7,531)
 ,(115,7,8,532)
 ,(115,8,1,525)
 ,(115,8,2,526)
 ,(115,8,3,527)
 ,(115,8,4,528)
 ,(115,8,5,529)
 ,(115,8,6,530)
 ,(115,8,7,531)
 ,(115,8,8,532)
 ,(116,2,1,533)
 ,(116,2,2,534)
 ,(116,2,3,535)
 ,(116,2,4,536)
 ,(116,2,5,537)
 ,(116,2,7,538)
 ,(116,2,8,539)
 ,(116,3,1,533)
 ,(116,3,2,534)
 ,(116,3,3,535)
 ,(116,3,4,536)
 ,(116,3,5,537)
 ,(116,3,7,538)
 ,(116,3,8,539)
 ,(116,4,1,533)
 ,(116,4,2,534)
 ,(116,4,3,535)
 ,(116,4,4,536)
 ,(116,4,5,537)
 ,(116,4,7,538)
 ,(116,4,8,539)
 ,(116,5,1,533)
 ,(116,5,2,534)
 ,(116,5,3,535)
 ,(116,5,4,536)
 ,(116,5,5,537)
 ,(116,5,7,538)
 ,(116,5,8,539)
 ,(116,6,1,533)
 ,(116,6,2,534)
 ,(116,6,3,535)
 ,(116,6,4,536)
 ,(116,6,5,537)
 ,(116,6,7,538)
 ,(116,6,8,539)
 ,(116,7,1,540)
 ,(116,7,2,541)
 ,(116,7,3,542)
 ,(116,7,4,543)
 ,(116,7,5,544)
 ,(116,7,6,545)
 ,(116,7,7,546)
 ,(116,7,8,547)
 ,(116,8,1,548)
 ,(116,8,2,549)
 ,(116,8,3,550)
 ,(116,8,4,551)
 ,(116,8,5,552)
 ,(116,8,6,553)
 ,(116,8,7,554)
 ,(116,8,8,555)
 ,(116,9,1,548)
 ,(116,9,2,549)
 ,(116,9,3,550)
 ,(116,9,4,551)
 ,(116,9,5,552)
 ,(116,9,6,553)
 ,(116,9,7,554)
 ,(116,9,8,555)
 ,(116,10,1,548)
 ,(116,10,2,549)
 ,(116,10,3,550)
 ,(116,10,4,551)
 ,(116,10,5,552)
 ,(116,10,6,553)
 ,(116,10,7,554)
 ,(116,10,8,555)
 ,(116,11,1,548)
 ,(116,11,2,549)
 ,(116,11,3,550)
 ,(116,11,4,551)
 ,(116,11,5,552)
 ,(116,11,6,553)
 ,(116,11,7,554)
 ,(116,11,8,555)
 ,(116,12,1,556)
 ,(116,12,2,557)
 ,(116,12,3,558)
 ,(116,12,4,559)
 ,(116,12,5,560)
 ,(116,12,6,561)
 ,(116,12,7,562)
 ,(116,12,8,563)
 ,(116,13,1,556)
 ,(116,13,2,557)
 ,(116,13,3,558)
 ,(116,13,4,559)
 ,(116,13,5,560)
 ,(116,13,6,561)
 ,(116,13,7,562)
 ,(116,13,8,563);

DROP TABLE IF EXISTS CollectionSearchIndexAttributes;

CREATE TABLE IF NOT EXISTS `CollectionSearchIndexAttributes` (
  `cID` int(11) unsigned NOT NULL DEFAULT '0',
  `ak_meta_title` text,
  `ak_meta_description` text,
  `ak_meta_keywords` text,
  `ak_exclude_nav` tinyint(4) DEFAULT '0',
  `ak_exclude_page_list` tinyint(4) DEFAULT '0',
  `ak_header_extra_content` text,
  `ak_exclude_search_index` tinyint(4) DEFAULT '0',
  `ak_exclude_sitemapxml` tinyint(4) DEFAULT '0',
  `ak_tags` text,
  PRIMARY KEY (`cID`)
) ENGINE=MyISAM DEFAULT CHARSET=latin1;

INSERT INTO CollectionSearchIndexAttributes VALUES(2,NULL,NULL,NULL,0,0,NULL,0,0,NULL)
 ,(65,NULL,NULL,NULL,0,0,NULL,0,0,NULL)
 ,(42,NULL,NULL,NULL,0,0,NULL,0,0,NULL)
 ,(67,'','','',0,0,NULL,0,0,NULL)
 ,(68,'','','',1,0,NULL,0,0,NULL)
 ,(66,NULL,NULL,NULL,0,0,NULL,0,0,'\n')
 ,(69,'','','',0,0,NULL,0,0,NULL)
 ,(70,'','','',0,0,NULL,0,0,NULL)
 ,(71,'Search Bitcoin Blog','Stay tuned to our blog to learn about the exciting things that are just around the corner.','Bitcoin, Search, Blog, Promotion, Public Announcements',0,0,NULL,0,0,NULL)
 ,(72,'','','',0,0,NULL,0,0,'\nsample\nHello World\n')
 ,(73,'','','',0,0,NULL,0,0,'\nsample\n')
 ,(75,'Contact Us','Contact us as search bitcoin','Bitcoins, contact',1,0,NULL,0,0,NULL)
 ,(78,NULL,NULL,NULL,0,0,NULL,0,0,NULL)
 ,(79,'Indexing bitcoin websites','Search bitcoin aggregates content','bitcoin, aggregate, index, crawl, blog',0,0,NULL,0,0,NULL)
 ,(77,'Learn about bitcoins','Introduction to bitcoins for those that are new to the concept of this digital currency.','bitcoins, introduction, learn more, get started',0,0,NULL,0,0,NULL)
 ,(74,NULL,NULL,NULL,0,0,NULL,0,0,NULL)
 ,(80,'Search bitcoin interview','Bruce Wagner interviews search bitcoin about our btceconomy plugin','bitcoin, btceconomy, interview',0,0,NULL,0,0,NULL)
 ,(81,'Search bitcoin interview','Search bitcoin received its first publicity as Bruce Wagner interviews our website administrator over the live feed of bitcoin merchandise found on our homepage.','Bitcoin, interview, plugin, btceconomy',0,0,NULL,0,0,NULL)
 ,(82,'Bruce Wagner interviews Search Bitcoin','Bruce Wagner and associates decided to an interview covering our website plugin that creates a live feed out of the merchandise available in the bitcoin community','bitcoin, website plugin, interview, bruce wagner',0,0,NULL,0,0,NULL)
 ,(83,'BTC Economy Story','The feed can be easily embedded into any webpage. It is my hope that people will continue to use the plugin to help promote the bitcoin econommy. Anyone who wants to add items to the feed may do so by contacting me, and there will be no fees for having their merchandise added. ','Bitcoin, story, experiment, plugin, btc economy',0,0,NULL,0,0,NULL)
 ,(84,NULL,NULL,NULL,0,0,NULL,0,0,NULL)
 ,(85,'Total Mastermind Interviews Search Bitcoin','Denny Morales at Total Mastermind interviews Search Bitcoin about our BTC Economy plugin.','Bitcoin, Interview, BTC Economy, Totalmastermind',0,0,NULL,0,0,NULL)
 ,(1,'Search bitcoin','Find everything that is available for sale in the bitcoin community.','Bitcoin, Search, Find, Trade, Aggregate, Shop, Store, Merchandise, Products, Services, Classifieds, Advertisement',0,0,NULL,0,0,NULL)
 ,(76,'Chamber of Commerce','We are helping to build the bitcoin chamber of commerce by providing our database of bitcoin businesses to the public.','Bitcoin, Chamber of Commerce, Businesses, Directory, Listing, Trade',1,0,NULL,0,0,NULL)
 ,(87,NULL,NULL,NULL,0,0,NULL,0,0,NULL)
 ,(86,'Bitcoin Plugins','Bring the technology and tools found in search bitcoin to your website or blog. We are actively developing a set of  bitcoin widgets that can be added to almost any website.','Bitcoin, Plugin, Gadget, Widget, Apps',0,0,NULL,0,0,NULL)
 ,(88,NULL,NULL,NULL,0,0,NULL,0,0,NULL)
 ,(89,'BTC Economy','The BTC Economy plugin creates a live feed out of bitcoin merchandise and services that have been found using our search engine. Anyone can embed the plugin into their website or blog.','Bitcoin, BTC Economy, Plugin, Widget, Gadget, Live Feed, Merchandise',0,0,NULL,0,0,NULL)
 ,(90,'BTC Find','The BTC Flip is a search engine for finding bitcoin merchandise and services. It can easily be embedded into any website or blog.','Bitcoin, Flip, Find, Search, Plugin, Gadget, Widget, App',0,0,NULL,0,0,NULL)
 ,(91,'Support for Blogger and Blogspot','You can now run the BTC Economy plugin in blogger and blogspot. Stay tuned for support in other systems such as Wordpress and Concrete5.','Bitcoin, Gadget, Blogger, Blogspot, BTC Economy',0,0,NULL,0,0,NULL)
 ,(92,'Financials','Search Bitcoin wants to maintain the trust we have established with our users and partners. Therefore, we have decided to be completely open about our revenue sources.','Search Bitcoin, Financials',1,0,NULL,0,0,NULL)
 ,(93,'Submit URL','Submit your website to Search Bitcoin here. There are no fees, and your bitcoin site will be promoted through all of channels.','Search Bitcoin, Submit, Vendor, Fees',0,0,NULL,0,0,NULL)
 ,(94,'Remove webpage from Search Bitcoin','Use this webpage if you want to remove your website from our database. Your store will no longer be included in our search or in our live feeds embedded in webpages throughout the bitcoin community.','Bitcoin, Remove, Search',0,0,NULL,0,0,NULL)
 ,(95,'','','',0,0,NULL,0,0,NULL)
 ,(96,'Add Website','Add your website to our search engine. There are no fees, and your bitcoin site will be promoted through all of channels.','Search Bitcoin, Submit, Vendor, Fees',0,0,NULL,0,0,NULL)
 ,(97,'','','',0,0,NULL,0,0,NULL)
 ,(98,'Remove Webpage','Use this webpage to remove your website from Search Bitcoin and from all the services we provide to other websites in the bitcoin community.','Search Bitcoin, Remove, Webpage',0,0,NULL,0,0,NULL)
 ,(99,'Marketing Services','Search Bitcoin provides some of the busiest websites with our search engine and live feed of bitcoin merchandise. We are ideally position to help you advertise your business. ','Bitcoin, Marketing, Advertise',1,0,NULL,0,0,NULL)
 ,(100,'Partnership with weusecoins','We have worked closely with the development team at www.weusecoins.com to create the first bitcoin search engine.','Bitcoin, Partnership, weusecoins',0,0,NULL,0,0,NULL)
 ,(101,'Collaboration with weusecoins','We have worked closely with the development team at www.weusecoins.com to create the first bitcoin search engine.','Bitcoin, Weusecoins, Search Engine, Collaboration',0,0,NULL,0,0,NULL)
 ,(102,'','','',1,0,NULL,0,0,NULL)
 ,(103,'BTC Economy Podcast','Hashing It Out just released a podcast with a focus on the bitcoin economy and the BTC Economy plugin. Thanks Hashing It Out!','Bitcoin, Podcast, BTC Economy',0,0,NULL,0,0,NULL)
 ,(104,'','','',1,0,NULL,0,0,NULL)
 ,(105,'Feed and Search API','Do you have an awesome idea on how to use the data that we\'ve collected? Then contact us to request access to our API, which is under active development.','API, Feed, Search',0,0,NULL,0,0,NULL)
 ,(106,'Feed and Search API','Do you have an awesome idea on what you can do with data that we have collected at Search Bitcoin? Contact us to request access to our API, which is under active development.','API, Feed, Search',0,0,NULL,0,0,NULL)
 ,(107,NULL,NULL,NULL,0,0,NULL,0,0,NULL)
 ,(108,NULL,NULL,NULL,0,0,NULL,0,0,NULL)
 ,(109,'','','',1,0,NULL,0,0,NULL)
 ,(110,NULL,NULL,NULL,0,0,NULL,0,0,NULL)
 ,(113,NULL,NULL,NULL,1,1,NULL,1,1,NULL)
 ,(115,'Vendor Reviews','Read a description about each vendor, and write a review about any experiences you might have with them.','Bitcoin, Review, Vendor',1,1,'<link rel=\"stylesheet\" type=\"text/css\" href=\"http://api.searchbitcoin.com/scripts/frontend/review.css\" /> ',1,1,NULL)
 ,(116,'Test','This is a test page','test',1,1,'<link rel=\"stylesheet\" type=\"text/css\" href=\"/independent/home.css\" />\r\n<script type=\"text/javascript\" src=\"/independent/jquery-tmpl.min.js\"></script>\r\n<script type=\"text/javascript\" src=\"/independent/home.js\"></script>',1,1,NULL);

DROP TABLE IF EXISTS CollectionVersionAreaLayouts;

CREATE TABLE IF NOT EXISTS `CollectionVersionAreaLayouts` (
  `cvalID` int(10) unsigned NOT NULL AUTO_INCREMENT,
  `cID` int(10) unsigned DEFAULT '0',
  `cvID` int(10) unsigned DEFAULT '0',
  `arHandle` varchar(255) DEFAULT NULL,
  `layoutID` int(10) unsigned NOT NULL DEFAULT '0',
  `position` int(10) DEFAULT '1000',
  `areaNameNumber` int(10) unsigned DEFAULT '0',
  PRIMARY KEY (`cvalID`),
  KEY `areaLayoutsIndex` (`cID`,`cvID`,`arHandle`)
) ENGINE=MyISAM AUTO_INCREMENT=7 DEFAULT CHARSET=utf8;

INSERT INTO CollectionVersionAreaLayouts VALUES(1,116,8,'Main',1,1,1)
 ,(2,116,9,'Main',1,1,1)
 ,(3,116,10,'Main',1,1,1)
 ,(4,116,11,'Main',2,1,1)
 ,(5,116,12,'Main',2,1,1)
 ,(6,116,13,'Main',3,1,1);

DROP TABLE IF EXISTS CollectionVersionAreaStyles;

CREATE TABLE IF NOT EXISTS `CollectionVersionAreaStyles` (
  `cID` int(10) unsigned NOT NULL DEFAULT '0',
  `cvID` int(10) unsigned NOT NULL DEFAULT '0',
  `arHandle` varchar(255) NOT NULL,
  `csrID` int(10) unsigned NOT NULL DEFAULT '0',
  PRIMARY KEY (`cID`,`cvID`,`arHandle`)
) ENGINE=MyISAM DEFAULT CHARSET=utf8;



DROP TABLE IF EXISTS CollectionVersionBlockPermissions;

CREATE TABLE IF NOT EXISTS `CollectionVersionBlockPermissions` (
  `cID` int(10) unsigned NOT NULL DEFAULT '0',
  `cvID` int(10) unsigned NOT NULL DEFAULT '1',
  `bID` int(10) unsigned NOT NULL DEFAULT '0',
  `gID` int(10) unsigned NOT NULL DEFAULT '0',
  `uID` int(10) unsigned NOT NULL DEFAULT '0',
  `cbgPermissions` varchar(32) DEFAULT NULL,
  PRIMARY KEY (`cID`,`cvID`,`bID`,`gID`,`uID`)
) ENGINE=MyISAM DEFAULT CHARSET=utf8;



DROP TABLE IF EXISTS CollectionVersionBlockStyles;

CREATE TABLE IF NOT EXISTS `CollectionVersionBlockStyles` (
  `cID` int(10) unsigned NOT NULL DEFAULT '0',
  `cvID` int(10) unsigned NOT NULL DEFAULT '0',
  `bID` int(10) unsigned NOT NULL DEFAULT '0',
  `arHandle` varchar(255) NOT NULL,
  `csrID` int(10) unsigned NOT NULL DEFAULT '0',
  PRIMARY KEY (`cID`,`cvID`,`bID`,`arHandle`)
) ENGINE=MyISAM DEFAULT CHARSET=utf8;

INSERT INTO CollectionVersionBlockStyles VALUES(75,7,76,'Main',0)
 ,(75,7,1,'Header Nav',0)
 ,(1,24,74,'Main',0)
 ,(75,8,140,'Sidebar',0)
 ,(1,24,64,'Header',0)
 ,(76,6,10,'Header Nav',0)
 ,(75,7,78,'Main',0)
 ,(75,7,75,'Header',0)
 ,(76,8,104,'Main',0)
 ,(1,24,1,'Header Nav',0)
 ,(76,1,10,'Header Nav',0)
 ,(76,1,11,'Header',0)
 ,(76,2,10,'Header Nav',0)
 ,(76,6,103,'Header',0)
 ,(75,8,76,'Main',0)
 ,(75,8,133,'Sidebar',0)
 ,(75,8,1,'Header Nav',0)
 ,(75,8,75,'Header',0)
 ,(75,8,78,'Main',0)
 ,(75,8,134,'Sidebar',0)
 ,(71,1,1,'Header Nav',0)
 ,(71,1,2,'Header',0)
 ,(71,1,3,'Sidebar',0)
 ,(71,2,1,'Header Nav',0)
 ,(71,2,2,'Header',0)
 ,(79,1,40,'Blog Post Footer',0)
 ,(79,1,18,'Sidebar',0)
 ,(79,1,16,'Blog Post More',0)
 ,(79,1,15,'Main',0)
 ,(79,1,14,'Blog Post Header',0)
 ,(79,1,13,'Header',0)
 ,(79,1,12,'Header Nav',0)
 ,(79,3,18,'Sidebar',0)
 ,(79,2,12,'Header Nav',0)
 ,(79,1,17,'Blog Post Footer',0)
 ,(79,1,23,'Sidebar',0)
 ,(79,2,17,'Blog Post Footer',0)
 ,(79,2,40,'Blog Post Footer',0)
 ,(79,3,12,'Header Nav',0)
 ,(79,2,18,'Sidebar',0)
 ,(79,2,98,'Main',0)
 ,(79,3,14,'Blog Post Header',0)
 ,(79,3,98,'Main',0)
 ,(79,3,40,'Blog Post Footer',0)
 ,(79,2,23,'Sidebar',0)
 ,(79,4,40,'Blog Post Footer',0)
 ,(79,4,14,'Blog Post Header',0)
 ,(79,4,18,'Sidebar',0)
 ,(79,4,12,'Header Nav',0)
 ,(79,3,23,'Sidebar',0)
 ,(79,3,17,'Blog Post Footer',0)
 ,(79,5,12,'Header Nav',0)
 ,(79,4,23,'Sidebar',0)
 ,(79,4,17,'Blog Post Footer',0)
 ,(79,4,98,'Main',0)
 ,(79,2,14,'Blog Post Header',0)
 ,(77,14,128,'Main',0)
 ,(77,14,73,'Sidebar',0)
 ,(76,8,120,'Sidebar',0)
 ,(76,6,104,'Main',0)
 ,(79,7,40,'Blog Post Footer',0)
 ,(1,24,114,'Sidebar',0)
 ,(1,24,117,'Main',2)
 ,(76,7,10,'Header Nav',0)
 ,(1,24,124,'Main',0)
 ,(76,6,120,'Sidebar',0)
 ,(76,6,119,'Sidebar',0)
 ,(71,12,1,'Header Nav',0)
 ,(71,12,83,'Sidebar',0)
 ,(1,19,1,'Header Nav',0)
 ,(71,12,112,'Header',0)
 ,(71,12,110,'Sidebar',0)
 ,(71,12,85,'Sidebar',0)
 ,(1,19,74,'Main',0)
 ,(1,19,64,'Header',0)
 ,(71,12,84,'Sidebar',0)
 ,(71,12,97,'Sidebar',0)
 ,(71,12,115,'Main',0)
 ,(1,19,93,'Sidebar',0)
 ,(1,19,66,'Main',0)
 ,(76,7,103,'Header',0)
 ,(1,19,114,'Sidebar',0)
 ,(79,7,14,'Blog Post Header',0)
 ,(1,19,94,'Sidebar',0)
 ,(77,13,1,'Header Nav',0)
 ,(1,19,59,'Sidebar',0)
 ,(1,19,116,'Main',0)
 ,(79,8,12,'Header Nav',0)
 ,(79,7,17,'Blog Post Footer',0)
 ,(76,8,103,'Header',0)
 ,(77,13,70,'Sidebar',0)
 ,(76,8,119,'Sidebar',0)
 ,(76,7,104,'Main',0)
 ,(77,13,69,'Sidebar',0)
 ,(76,7,120,'Sidebar',0)
 ,(77,13,105,'Header',0)
 ,(75,7,133,'Sidebar',0)
 ,(75,7,77,'Main',0)
 ,(75,7,132,'Sidebar',0)
 ,(75,7,131,'Sidebar',0)
 ,(75,7,134,'Sidebar',0)
 ,(79,5,99,'Main',0)
 ,(79,7,12,'Header Nav',0)
 ,(76,7,119,'Sidebar',0)
 ,(76,8,10,'Header Nav',0)
 ,(79,5,23,'Sidebar',0)
 ,(79,5,17,'Blog Post Footer',0)
 ,(79,6,12,'Header Nav',0)
 ,(79,5,40,'Blog Post Footer',0)
 ,(79,5,14,'Blog Post Header',0)
 ,(79,5,18,'Sidebar',0)
 ,(71,5,1,'Header Nav',0)
 ,(79,6,99,'Main',0)
 ,(79,6,40,'Blog Post Footer',0)
 ,(79,6,18,'Sidebar',0)
 ,(79,6,14,'Blog Post Header',0)
 ,(71,5,83,'Sidebar',0)
 ,(71,5,88,'Header',0)
 ,(71,5,84,'Sidebar',0)
 ,(71,5,85,'Sidebar',0)
 ,(71,5,86,'Sidebar',0)
 ,(71,6,1,'Header Nav',0)
 ,(71,6,83,'Sidebar',0)
 ,(1,23,74,'Main',0)
 ,(71,6,90,'Main',0)
 ,(71,6,84,'Sidebar',0)
 ,(71,6,85,'Sidebar',0)
 ,(71,6,86,'Sidebar',0)
 ,(71,6,91,'Header',0)
 ,(1,23,114,'Sidebar',0)
 ,(1,23,125,'Sidebar',0)
 ,(79,7,23,'Sidebar',0)
 ,(1,23,126,'Sidebar',0)
 ,(79,7,18,'Sidebar',0)
 ,(77,13,118,'Main',0)
 ,(77,13,73,'Sidebar',0)
 ,(77,13,71,'Sidebar',0)
 ,(77,13,96,'Sidebar',0)
 ,(1,23,124,'Main',0)
 ,(1,23,127,'Sidebar',0)
 ,(1,23,1,'Header Nav',0)
 ,(1,23,117,'Main',2)
 ,(79,7,142,'Main',0)
 ,(1,23,64,'Header',0)
 ,(79,8,40,'Blog Post Footer',0)
 ,(71,7,1,'Header Nav',0)
 ,(79,8,18,'Sidebar',0)
 ,(79,8,14,'Blog Post Header',0)
 ,(71,7,83,'Sidebar',0)
 ,(71,7,90,'Main',0)
 ,(71,7,91,'Header',0)
 ,(71,7,84,'Sidebar',0)
 ,(71,7,85,'Sidebar',0)
 ,(79,6,17,'Blog Post Footer',0)
 ,(71,7,97,'Sidebar',0)
 ,(79,6,23,'Sidebar',0)
 ,(71,8,1,'Header Nav',0)
 ,(71,8,83,'Sidebar',0)
 ,(76,3,10,'Header Nav',0)
 ,(71,8,91,'Header',0)
 ,(71,8,84,'Sidebar',0)
 ,(71,8,85,'Sidebar',0)
 ,(71,8,97,'Sidebar',0)
 ,(71,8,100,'Main',0)
 ,(79,8,142,'Main',0)
 ,(77,11,1,'Header Nav',0)
 ,(77,15,1,'Header Nav',0)
 ,(79,8,23,'Sidebar',0)
 ,(79,8,17,'Blog Post Footer',0)
 ,(77,11,69,'Sidebar',0)
 ,(77,11,105,'Header',0)
 ,(76,4,10,'Header Nav',0)
 ,(77,11,70,'Sidebar',0)
 ,(77,11,71,'Sidebar',0)
 ,(77,11,96,'Sidebar',0)
 ,(77,11,73,'Sidebar',0)
 ,(77,11,107,'Main',0)
 ,(76,4,102,'Sidebar',0)
 ,(76,4,103,'Header',0)
 ,(76,4,104,'Main',0)
 ,(77,15,69,'Sidebar',0)
 ,(77,15,129,'Sidebar',0)
 ,(77,15,130,'Sidebar',0)
 ,(77,16,1,'Header Nav',0)
 ,(77,15,70,'Sidebar',0)
 ,(77,15,105,'Header',0)
 ,(77,14,130,'Sidebar',0)
 ,(77,14,105,'Header',0)
 ,(77,12,1,'Header Nav',0)
 ,(77,14,129,'Sidebar',0)
 ,(77,14,70,'Sidebar',0)
 ,(77,14,1,'Header Nav',0)
 ,(77,14,69,'Sidebar',0)
 ,(77,12,69,'Sidebar',0)
 ,(77,12,105,'Header',0)
 ,(77,12,107,'Main',0)
 ,(77,12,70,'Sidebar',0)
 ,(77,12,71,'Sidebar',0)
 ,(77,12,96,'Sidebar',0)
 ,(77,12,73,'Sidebar',0)
 ,(76,5,10,'Header Nav',0)
 ,(76,5,102,'Sidebar',0)
 ,(76,5,103,'Header',0)
 ,(76,5,104,'Main',0)
 ,(76,5,109,'Sidebar',0)
 ,(1,24,125,'Sidebar',0)
 ,(1,24,126,'Sidebar',0)
 ,(1,24,141,'Sidebar',0)
 ,(75,8,132,'Sidebar',0)
 ,(75,8,77,'Main',0)
 ,(71,10,1,'Header Nav',0)
 ,(71,10,83,'Sidebar',0)
 ,(71,10,91,'Header',0)
 ,(71,10,100,'Main',0)
 ,(71,10,110,'Sidebar',0)
 ,(71,10,85,'Sidebar',0)
 ,(71,10,84,'Sidebar',0)
 ,(71,10,97,'Sidebar',0)
 ,(71,11,1,'Header Nav',0)
 ,(71,11,83,'Sidebar',0)
 ,(77,15,73,'Sidebar',0)
 ,(71,11,100,'Main',0)
 ,(71,11,110,'Sidebar',0)
 ,(71,11,85,'Sidebar',0)
 ,(71,11,84,'Sidebar',0)
 ,(71,11,97,'Sidebar',0)
 ,(71,11,112,'Header',0)
 ,(77,15,143,'Main',0)
 ,(77,16,69,'Sidebar',0)
 ,(77,16,105,'Header',0)
 ,(77,17,1,'Header Nav',0)
 ,(77,16,70,'Sidebar',0)
 ,(77,16,129,'Sidebar',0)
 ,(77,16,130,'Sidebar',0)
 ,(77,16,73,'Sidebar',0)
 ,(77,16,144,'Main',0)
 ,(77,17,69,'Sidebar',0)
 ,(77,17,105,'Header',0)
 ,(77,17,70,'Sidebar',0)
 ,(77,17,129,'Sidebar',0)
 ,(77,17,130,'Sidebar',0)
 ,(77,17,73,'Sidebar',0)
 ,(77,17,145,'Main',0)
 ,(76,10,120,'Sidebar',0)
 ,(76,10,103,'Header',0)
 ,(76,10,10,'Header Nav',0)
 ,(76,11,10,'Header Nav',0)
 ,(76,10,119,'Sidebar',0)
 ,(76,10,149,'Main',0)
 ,(76,10,147,'Main',0)
 ,(76,10,150,'Main',0)
 ,(76,11,103,'Header',0)
 ,(76,11,120,'Sidebar',0)
 ,(76,11,152,'Main',0)
 ,(76,11,119,'Sidebar',0)
 ,(76,11,149,'Main',0)
 ,(76,12,10,'Header Nav',0)
 ,(76,11,151,'Main',0)
 ,(76,12,103,'Header',0)
 ,(76,12,120,'Sidebar',0)
 ,(76,13,10,'Header Nav',0)
 ,(76,12,119,'Sidebar',0)
 ,(76,12,149,'Main',0)
 ,(76,12,154,'Main',0)
 ,(76,12,153,'Main',0)
 ,(76,13,103,'Header',0)
 ,(76,13,120,'Sidebar',0)
 ,(76,14,10,'Header Nav',0)
 ,(76,13,119,'Sidebar',0)
 ,(76,13,149,'Main',0)
 ,(76,13,153,'Main',0)
 ,(76,13,155,'Main',0)
 ,(76,14,103,'Header',0)
 ,(76,14,120,'Sidebar',0)
 ,(77,18,1,'Header Nav',0)
 ,(76,14,119,'Sidebar',0)
 ,(76,14,149,'Main',0)
 ,(76,14,153,'Main',0)
 ,(76,14,156,'Main',0)
 ,(77,18,69,'Sidebar',0)
 ,(77,18,105,'Header',0)
 ,(82,1,12,'Header Nav',0)
 ,(77,18,70,'Sidebar',0)
 ,(77,18,129,'Sidebar',0)
 ,(77,18,130,'Sidebar',0)
 ,(77,18,73,'Sidebar',0)
 ,(77,18,157,'Main',0)
 ,(82,1,13,'Header',0)
 ,(82,1,14,'Blog Post Header',0)
 ,(82,1,15,'Main',0)
 ,(82,1,16,'Blog Post More',0)
 ,(82,1,18,'Sidebar',0)
 ,(82,1,40,'Blog Post Footer',0)
 ,(82,1,17,'Blog Post Footer',0)
 ,(82,1,23,'Sidebar',0)
 ,(82,2,12,'Header Nav',0)
 ,(82,2,13,'Header',0)
 ,(82,2,14,'Blog Post Header',0)
 ,(82,2,15,'Main',0)
 ,(82,2,16,'Blog Post More',0)
 ,(82,2,18,'Sidebar',0)
 ,(82,2,40,'Blog Post Footer',0)
 ,(82,2,17,'Blog Post Footer',0)
 ,(82,2,23,'Sidebar',0)
 ,(82,3,12,'Header Nav',0)
 ,(82,3,13,'Header',0)
 ,(82,3,14,'Blog Post Header',0)
 ,(82,5,40,'Blog Post Footer',0)
 ,(82,3,18,'Sidebar',0)
 ,(82,3,40,'Blog Post Footer',0)
 ,(82,3,17,'Blog Post Footer',0)
 ,(82,3,23,'Sidebar',0)
 ,(82,5,18,'Sidebar',0)
 ,(82,5,13,'Header',0)
 ,(82,5,12,'Header Nav',0)
 ,(82,5,14,'Blog Post Header',0)
 ,(82,4,160,'Main',0)
 ,(82,6,12,'Header Nav',0)
 ,(82,5,17,'Blog Post Footer',0)
 ,(82,5,23,'Sidebar',0)
 ,(82,5,160,'Main',0)
 ,(82,5,161,'Main',0)
 ,(82,6,13,'Header',0)
 ,(82,6,14,'Blog Post Header',0)
 ,(82,6,18,'Sidebar',0)
 ,(82,6,40,'Blog Post Footer',0)
 ,(76,15,10,'Header Nav',0)
 ,(82,6,17,'Blog Post Footer',0)
 ,(82,6,23,'Sidebar',0)
 ,(82,6,160,'Main',0)
 ,(82,6,162,'Main',0)
 ,(76,15,103,'Header',0)
 ,(76,15,120,'Sidebar',0)
 ,(76,15,156,'Main',0)
 ,(76,15,119,'Sidebar',0)
 ,(83,1,12,'Header Nav',0)
 ,(76,15,153,'Main',0)
 ,(76,15,163,'Main',0)
 ,(83,1,13,'Header',0)
 ,(83,1,14,'Blog Post Header',0)
 ,(83,1,15,'Main',0)
 ,(83,1,16,'Blog Post More',0)
 ,(83,1,18,'Sidebar',0)
 ,(83,1,40,'Blog Post Footer',0)
 ,(83,1,17,'Blog Post Footer',0)
 ,(83,1,23,'Sidebar',0)
 ,(83,2,12,'Header Nav',0)
 ,(83,2,13,'Header',0)
 ,(83,2,14,'Blog Post Header',0)
 ,(83,3,13,'Header',0)
 ,(83,3,12,'Header Nav',0)
 ,(83,2,18,'Sidebar',0)
 ,(83,2,40,'Blog Post Footer',0)
 ,(83,2,17,'Blog Post Footer',0)
 ,(83,2,23,'Sidebar',0)
 ,(83,3,14,'Blog Post Header',0)
 ,(83,3,18,'Sidebar',0)
 ,(83,3,40,'Blog Post Footer',0)
 ,(83,4,12,'Header Nav',0)
 ,(83,3,17,'Blog Post Footer',0)
 ,(83,3,23,'Sidebar',0)
 ,(83,3,168,'Main',0)
 ,(83,4,13,'Header',0)
 ,(83,4,14,'Blog Post Header',0)
 ,(83,4,18,'Sidebar',0)
 ,(83,4,40,'Blog Post Footer',0)
 ,(83,5,12,'Header Nav',0)
 ,(83,4,17,'Blog Post Footer',0)
 ,(83,4,23,'Sidebar',0)
 ,(83,4,169,'Main',0)
 ,(83,5,13,'Header',0)
 ,(83,5,14,'Blog Post Header',0)
 ,(83,5,18,'Sidebar',0)
 ,(83,5,40,'Blog Post Footer',0)
 ,(83,6,12,'Header Nav',0)
 ,(83,5,17,'Blog Post Footer',0)
 ,(83,5,23,'Sidebar',0)
 ,(83,5,170,'Main',0)
 ,(83,6,13,'Header',0)
 ,(83,6,14,'Blog Post Header',0)
 ,(83,6,18,'Sidebar',0)
 ,(83,6,40,'Blog Post Footer',0)
 ,(83,7,12,'Header Nav',0)
 ,(83,6,17,'Blog Post Footer',0)
 ,(83,6,23,'Sidebar',0)
 ,(83,6,171,'Main',0)
 ,(83,7,13,'Header',0)
 ,(83,7,14,'Blog Post Header',0)
 ,(83,7,18,'Sidebar',0)
 ,(83,7,40,'Blog Post Footer',0)
 ,(83,8,12,'Header Nav',0)
 ,(83,7,17,'Blog Post Footer',0)
 ,(83,7,23,'Sidebar',0)
 ,(83,7,172,'Main',0)
 ,(83,8,13,'Header',0)
 ,(83,8,14,'Blog Post Header',0)
 ,(83,8,18,'Sidebar',0)
 ,(83,8,40,'Blog Post Footer',0)
 ,(83,9,12,'Header Nav',0)
 ,(83,8,17,'Blog Post Footer',0)
 ,(83,8,23,'Sidebar',0)
 ,(83,8,173,'Main',0)
 ,(83,9,13,'Header',0)
 ,(83,9,14,'Blog Post Header',0)
 ,(83,9,18,'Sidebar',0)
 ,(83,9,40,'Blog Post Footer',0)
 ,(83,10,12,'Header Nav',0)
 ,(83,9,17,'Blog Post Footer',0)
 ,(83,9,23,'Sidebar',0)
 ,(83,9,174,'Main',0)
 ,(83,10,13,'Header',0)
 ,(83,10,14,'Blog Post Header',0)
 ,(83,10,18,'Sidebar',0)
 ,(83,10,40,'Blog Post Footer',0)
 ,(83,11,12,'Header Nav',0)
 ,(83,10,17,'Blog Post Footer',0)
 ,(83,10,23,'Sidebar',0)
 ,(83,10,175,'Main',0)
 ,(83,11,13,'Header',0)
 ,(83,11,14,'Blog Post Header',0)
 ,(83,11,18,'Sidebar',0)
 ,(83,11,40,'Blog Post Footer',0)
 ,(83,12,12,'Header Nav',0)
 ,(83,11,17,'Blog Post Footer',0)
 ,(83,11,23,'Sidebar',0)
 ,(83,11,176,'Main',0)
 ,(83,12,13,'Header',0)
 ,(83,12,14,'Blog Post Header',0)
 ,(83,12,18,'Sidebar',0)
 ,(83,12,40,'Blog Post Footer',0)
 ,(83,12,17,'Blog Post Footer',0)
 ,(83,12,23,'Sidebar',0)
 ,(83,12,177,'Main',0)
 ,(83,13,17,'Blog Post Footer',0)
 ,(83,13,177,'Main',0)
 ,(83,13,40,'Blog Post Footer',0)
 ,(83,13,18,'Sidebar',0)
 ,(83,13,14,'Blog Post Header',0)
 ,(83,13,12,'Header Nav',0)
 ,(83,13,13,'Header',0)
 ,(85,1,14,'Blog Post Header',0)
 ,(85,1,13,'Header',0)
 ,(85,1,12,'Header Nav',0)
 ,(83,13,23,'Sidebar',0)
 ,(85,1,15,'Main',0)
 ,(85,1,16,'Blog Post More',0)
 ,(85,1,18,'Sidebar',0)
 ,(85,1,40,'Blog Post Footer',0)
 ,(85,1,17,'Blog Post Footer',0)
 ,(85,1,23,'Sidebar',0)
 ,(85,2,12,'Header Nav',0)
 ,(85,2,13,'Header',0)
 ,(85,2,14,'Blog Post Header',0)
 ,(85,4,18,'Sidebar',0)
 ,(85,2,18,'Sidebar',0)
 ,(85,2,40,'Blog Post Footer',0)
 ,(85,2,17,'Blog Post Footer',0)
 ,(85,2,23,'Sidebar',0)
 ,(85,4,181,'Main',0)
 ,(85,4,13,'Header',0)
 ,(85,4,14,'Blog Post Header',0)
 ,(85,4,12,'Header Nav',0)
 ,(1,25,1,'Header Nav',0)
 ,(85,4,40,'Blog Post Footer',0)
 ,(85,4,23,'Sidebar',0)
 ,(85,4,17,'Blog Post Footer',0)
 ,(85,4,182,'Main',0)
 ,(1,25,64,'Header',0)
 ,(1,25,74,'Main',0)
 ,(1,25,114,'Sidebar',0)
 ,(1,25,117,'Main',2)
 ,(1,25,141,'Sidebar',0)
 ,(1,25,124,'Main',0)
 ,(1,25,125,'Sidebar',0)
 ,(1,25,126,'Sidebar',0)
 ,(76,16,10,'Header Nav',0)
 ,(76,16,103,'Header',0)
 ,(76,16,120,'Sidebar',0)
 ,(76,16,156,'Main',0)
 ,(76,16,119,'Sidebar',0)
 ,(76,16,163,'Main',0)
 ,(76,16,153,'Main',0)
 ,(1,26,1,'Header Nav',0)
 ,(1,26,64,'Header',0)
 ,(1,26,74,'Main',0)
 ,(1,26,114,'Sidebar',0)
 ,(1,26,117,'Main',2)
 ,(1,26,141,'Sidebar',0)
 ,(1,26,124,'Main',0)
 ,(1,26,125,'Sidebar',0)
 ,(1,26,126,'Sidebar',0)
 ,(71,13,1,'Header Nav',0)
 ,(71,13,83,'Sidebar',0)
 ,(71,13,112,'Header',0)
 ,(71,13,115,'Main',0)
 ,(71,13,110,'Sidebar',0)
 ,(71,13,85,'Sidebar',0)
 ,(71,13,84,'Sidebar',0)
 ,(71,13,97,'Sidebar',0)
 ,(86,1,1,'Header Nav',0)
 ,(86,1,2,'Header',0)
 ,(86,1,3,'Sidebar',0)
 ,(86,2,1,'Header Nav',0)
 ,(86,2,2,'Header',0)
 ,(86,2,3,'Sidebar',0)
 ,(88,1,2,'Header',0)
 ,(88,1,1,'Header Nav',0)
 ,(88,1,3,'Sidebar',0)
 ,(86,3,1,'Header Nav',0)
 ,(86,3,2,'Header',0)
 ,(86,3,3,'Sidebar',0)
 ,(86,4,2,'Header',0)
 ,(86,4,1,'Header Nav',0)
 ,(86,5,1,'Header Nav',0)
 ,(86,4,183,'Main',0)
 ,(86,5,2,'Header',0)
 ,(86,5,183,'Main',0)
 ,(86,6,1,'Header Nav',0)
 ,(86,6,2,'Header',0)
 ,(86,6,183,'Main',0)
 ,(88,2,1,'Header Nav',0)
 ,(88,2,2,'Header',0)
 ,(88,2,3,'Sidebar',0)
 ,(88,3,1,'Header Nav',0)
 ,(88,3,2,'Header',0)
 ,(89,1,1,'Header Nav',0)
 ,(88,3,184,'Main',0)
 ,(88,3,185,'Main',0)
 ,(88,3,189,'Main',0)
 ,(89,1,2,'Header',0)
 ,(89,1,3,'Sidebar',0)
 ,(89,2,1,'Header Nav',0)
 ,(89,2,2,'Header',0)
 ,(86,7,1,'Header Nav',0)
 ,(86,7,2,'Header',0)
 ,(89,3,1,'Header Nav',0)
 ,(86,7,193,'Main',0)
 ,(89,3,2,'Header',0)
 ,(89,4,1,'Header Nav',0)
 ,(89,4,2,'Header',0)
 ,(89,4,194,'Sidebar',0)
 ,(89,4,195,'Main',0)
 ,(1,27,1,'Header Nav',0)
 ,(89,4,197,'Main',0)
 ,(1,27,64,'Header',0)
 ,(1,27,74,'Main',0)
 ,(1,27,114,'Sidebar',0)
 ,(89,5,1,'Header Nav',0)
 ,(1,27,141,'Sidebar',0)
 ,(1,27,124,'Main',0)
 ,(1,27,125,'Sidebar',0)
 ,(1,27,126,'Sidebar',0)
 ,(1,27,198,'Main',2)
 ,(89,5,2,'Header',0)
 ,(89,5,194,'Sidebar',0)
 ,(89,6,1,'Header Nav',0)
 ,(89,5,197,'Main',0)
 ,(89,5,199,'Main',0)
 ,(89,6,2,'Header',0)
 ,(89,6,194,'Sidebar',0)
 ,(89,6,197,'Main',0)
 ,(89,6,203,'Main',0)
 ,(89,6,201,'Main',0)
 ,(89,8,197,'Main',0)
 ,(89,9,1,'Header Nav',0)
 ,(89,8,194,'Sidebar',0)
 ,(89,8,2,'Header',0)
 ,(89,8,1,'Header Nav',0)
 ,(89,8,204,'Main',0)
 ,(89,8,205,'Main',0)
 ,(89,8,206,'Main',0)
 ,(89,9,2,'Header',0)
 ,(89,9,194,'Sidebar',0)
 ,(89,9,206,'Main',0)
 ,(89,9,197,'Main',0)
 ,(89,9,204,'Main',0)
 ,(89,9,205,'Main',0)
 ,(89,10,1,'Header Nav',0)
 ,(89,10,2,'Header',0)
 ,(89,10,194,'Sidebar',0)
 ,(89,10,206,'Main',0)
 ,(89,10,197,'Main',0)
 ,(89,11,1,'Header Nav',0)
 ,(89,10,204,'Main',0)
 ,(89,10,205,'Main',0)
 ,(89,10,208,'Sidebar',0)
 ,(89,11,2,'Header',0)
 ,(89,11,194,'Sidebar',0)
 ,(89,11,206,'Main',0)
 ,(89,11,197,'Main',0)
 ,(89,12,1,'Header Nav',0)
 ,(89,11,204,'Main',0)
 ,(89,11,205,'Main',0)
 ,(89,11,209,'Sidebar',0)
 ,(89,12,2,'Header',0)
 ,(89,12,194,'Sidebar',0)
 ,(89,12,206,'Main',0)
 ,(89,12,197,'Main',0)
 ,(89,13,1,'Header Nav',0)
 ,(89,12,204,'Main',0)
 ,(89,12,205,'Main',0)
 ,(89,12,210,'Sidebar',0)
 ,(89,13,2,'Header',0)
 ,(89,13,194,'Sidebar',0)
 ,(89,13,206,'Main',0)
 ,(89,13,197,'Main',0)
 ,(89,14,1,'Header Nav',0)
 ,(89,13,204,'Main',0)
 ,(89,13,205,'Main',0)
 ,(89,13,211,'Sidebar',0)
 ,(89,14,2,'Header',0)
 ,(89,14,194,'Sidebar',0)
 ,(89,14,206,'Main',0)
 ,(89,14,197,'Main',0)
 ,(89,15,1,'Header Nav',0)
 ,(89,14,204,'Main',0)
 ,(89,14,205,'Main',0)
 ,(89,14,212,'Sidebar',0)
 ,(89,15,2,'Header',0)
 ,(90,1,10,'Header Nav',0)
 ,(89,15,206,'Main',0)
 ,(89,15,197,'Main',0)
 ,(89,15,212,'Sidebar',0)
 ,(89,15,204,'Main',0)
 ,(89,15,205,'Main',0)
 ,(89,15,213,'Sidebar',0)
 ,(90,1,11,'Header',0)
 ,(90,2,10,'Header Nav',0)
 ,(90,2,11,'Header',0)
 ,(90,3,10,'Header Nav',0)
 ,(90,3,11,'Header',0)
 ,(90,4,10,'Header Nav',0)
 ,(90,4,11,'Header',0)
 ,(90,4,214,'Main',0)
 ,(90,5,10,'Header Nav',0)
 ,(90,5,11,'Header',0)
 ,(90,6,10,'Header Nav',0)
 ,(90,5,216,'Main',0)
 ,(90,6,11,'Header',0)
 ,(90,7,10,'Header Nav',0)
 ,(90,6,218,'Sidebar',0)
 ,(90,6,219,'Main',0)
 ,(90,7,11,'Header',0)
 ,(90,7,218,'Sidebar',0)
 ,(90,8,10,'Header Nav',0)
 ,(90,7,220,'Main',0)
 ,(90,8,11,'Header',0)
 ,(90,8,218,'Sidebar',0)
 ,(89,16,1,'Header Nav',0)
 ,(90,8,221,'Main',0)
 ,(89,16,2,'Header',0)
 ,(89,16,223,'Main',0)
 ,(89,16,213,'Sidebar',0)
 ,(89,16,197,'Main',0)
 ,(89,16,212,'Sidebar',0)
 ,(89,16,204,'Main',0)
 ,(89,17,1,'Header Nav',0)
 ,(89,16,222,'Main',0)
 ,(89,17,2,'Header',0)
 ,(89,17,213,'Sidebar',0)
 ,(89,17,222,'Main',0)
 ,(89,17,197,'Main',0)
 ,(89,17,212,'Sidebar',0)
 ,(89,17,204,'Main',0)
 ,(89,18,1,'Header Nav',0)
 ,(89,17,224,'Main',0)
 ,(89,18,2,'Header',0)
 ,(89,18,213,'Sidebar',0)
 ,(89,19,1,'Header Nav',0)
 ,(89,18,197,'Main',0)
 ,(89,18,212,'Sidebar',0)
 ,(89,18,204,'Main',0)
 ,(89,18,224,'Main',0)
 ,(89,18,225,'Main',0)
 ,(89,19,2,'Header',0)
 ,(89,19,213,'Sidebar',0)
 ,(90,9,10,'Header Nav',0)
 ,(89,19,197,'Main',0)
 ,(89,19,212,'Sidebar',0)
 ,(89,19,204,'Main',0)
 ,(89,19,224,'Main',0)
 ,(89,19,226,'Main',0)
 ,(90,9,11,'Header',0)
 ,(90,9,218,'Sidebar',0)
 ,(90,10,10,'Header Nav',0)
 ,(90,9,227,'Main',0)
 ,(90,10,11,'Header',0)
 ,(90,10,218,'Sidebar',0)
 ,(90,10,227,'Main',0)
 ,(89,20,1,'Header Nav',0)
 ,(89,20,2,'Header',0)
 ,(89,20,226,'Main',0)
 ,(89,20,197,'Main',0)
 ,(89,20,212,'Sidebar',0)
 ,(89,20,204,'Main',0)
 ,(89,20,224,'Main',0)
 ,(89,20,228,'Sidebar',0)
 ,(86,9,2,'Header',0)
 ,(86,9,1,'Header Nav',0)
 ,(86,9,229,'Main',0)
 ,(86,9,230,'Sidebar',0)
 ,(86,9,193,'Main',0)
 ,(86,10,1,'Header Nav',0)
 ,(86,10,2,'Header',0)
 ,(86,10,229,'Main',0)
 ,(86,10,230,'Sidebar',0)
 ,(86,10,193,'Main',0)
 ,(86,10,231,'Sidebar',0)
 ,(86,11,1,'Header Nav',0)
 ,(86,10,233,'Sidebar',0)
 ,(86,11,2,'Header',0)
 ,(86,11,229,'Main',0)
 ,(86,11,230,'Sidebar',0)
 ,(86,11,193,'Main',0)
 ,(86,12,1,'Header Nav',0)
 ,(86,11,233,'Sidebar',0)
 ,(86,11,234,'Sidebar',0)
 ,(86,12,2,'Header',0)
 ,(86,12,229,'Main',0)
 ,(86,12,230,'Sidebar',0)
 ,(86,12,193,'Main',0)
 ,(86,12,234,'Sidebar',0)
 ,(86,13,1,'Header Nav',0)
 ,(86,12,235,'Sidebar',0)
 ,(86,13,2,'Header',0)
 ,(86,13,229,'Main',0)
 ,(86,13,230,'Sidebar',0)
 ,(86,13,193,'Main',0)
 ,(91,1,12,'Header Nav',0)
 ,(86,13,235,'Sidebar',0)
 ,(91,1,13,'Header',0)
 ,(91,1,14,'Blog Post Header',0)
 ,(91,1,15,'Main',0)
 ,(91,1,16,'Blog Post More',0)
 ,(91,1,18,'Sidebar',0)
 ,(91,1,40,'Blog Post Footer',0)
 ,(91,1,17,'Blog Post Footer',0)
 ,(91,1,23,'Sidebar',0)
 ,(91,2,12,'Header Nav',0)
 ,(91,2,13,'Header',0)
 ,(91,2,14,'Blog Post Header',0)
 ,(92,1,2,'Header',0)
 ,(92,1,1,'Header Nav',0)
 ,(91,2,18,'Sidebar',0)
 ,(91,2,40,'Blog Post Footer',0)
 ,(91,2,17,'Blog Post Footer',0)
 ,(91,2,23,'Sidebar',0)
 ,(92,1,3,'Sidebar',0)
 ,(92,3,2,'Header',0)
 ,(92,3,1,'Header Nav',0)
 ,(92,3,3,'Sidebar',0)
 ,(92,3,238,'Main',0)
 ,(92,3,237,'Main',0)
 ,(92,3,241,'Sidebar',0)
 ,(92,3,239,'Main',0)
 ,(92,3,240,'Main',0)
 ,(92,4,1,'Header Nav',0)
 ,(92,4,2,'Header',0)
 ,(92,4,3,'Sidebar',0)
 ,(92,4,238,'Main',0)
 ,(92,5,1,'Header Nav',0)
 ,(92,4,241,'Sidebar',0)
 ,(92,4,239,'Main',0)
 ,(92,4,240,'Main',0)
 ,(92,4,242,'Main',0)
 ,(92,5,2,'Header',0)
 ,(92,6,1,'Header Nav',0)
 ,(92,5,238,'Main',0)
 ,(92,5,241,'Sidebar',0)
 ,(92,5,242,'Main',0)
 ,(92,5,239,'Main',0)
 ,(92,5,240,'Main',0)
 ,(92,6,2,'Header',0)
 ,(92,6,238,'Main',0)
 ,(92,6,241,'Sidebar',0)
 ,(92,6,242,'Main',0)
 ,(76,17,10,'Header Nav',0)
 ,(92,6,240,'Main',0)
 ,(92,6,243,'Main',0)
 ,(76,17,103,'Header',0)
 ,(76,17,120,'Sidebar',0)
 ,(76,17,119,'Sidebar',0)
 ,(76,17,163,'Main',0)
 ,(76,17,153,'Main',0)
 ,(76,17,244,'Main',0)
 ,(76,18,163,'Main',0)
 ,(76,18,119,'Sidebar',0)
 ,(76,19,10,'Header Nav',0)
 ,(76,18,10,'Header Nav',0)
 ,(76,18,120,'Sidebar',0)
 ,(76,18,103,'Header',0)
 ,(76,18,153,'Main',0)
 ,(76,18,246,'Main',0)
 ,(76,19,103,'Header',0)
 ,(76,19,120,'Sidebar',0)
 ,(76,19,246,'Main',0)
 ,(76,19,119,'Sidebar',0)
 ,(76,19,163,'Main',0)
 ,(76,19,153,'Main',0)
 ,(96,20,1,'Header Nav',0)
 ,(96,19,264,'Main',0)
 ,(96,20,2,'Header',0)
 ,(96,20,271,'Sidebar',0)
 ,(96,20,269,'Main',0)
 ,(96,19,269,'Main',0)
 ,(96,19,2,'Header',0)
 ,(96,19,1,'Header Nav',0)
 ,(96,19,271,'Sidebar',0)
 ,(96,19,272,'Sidebar',0)
 ,(96,19,260,'Main',0)
 ,(76,20,10,'Header Nav',0)
 ,(76,20,103,'Header',0)
 ,(76,20,120,'Sidebar',0)
 ,(76,20,246,'Main',0)
 ,(76,20,119,'Sidebar',0)
 ,(76,20,163,'Main',0)
 ,(76,20,153,'Main',0)
 ,(76,21,10,'Header Nav',0)
 ,(76,21,103,'Header',0)
 ,(76,21,120,'Sidebar',0)
 ,(76,21,246,'Main',0)
 ,(76,21,119,'Sidebar',0)
 ,(76,21,163,'Main',0)
 ,(76,21,153,'Main',0)
 ,(96,20,272,'Sidebar',0)
 ,(96,20,260,'Main',0)
 ,(76,22,10,'Header Nav',0)
 ,(76,22,103,'Header',0)
 ,(76,22,120,'Sidebar',0)
 ,(76,22,246,'Main',0)
 ,(76,22,119,'Sidebar',0)
 ,(76,22,163,'Main',0)
 ,(76,22,153,'Main',0)
 ,(76,23,10,'Header Nav',0)
 ,(76,23,103,'Header',0)
 ,(76,23,120,'Sidebar',0)
 ,(76,23,246,'Main',0)
 ,(76,23,119,'Sidebar',0)
 ,(76,23,163,'Main',0)
 ,(76,23,153,'Main',0)
 ,(96,21,1,'Header Nav',0)
 ,(96,20,264,'Main',0)
 ,(76,24,10,'Header Nav',0)
 ,(76,24,103,'Header',0)
 ,(76,24,120,'Sidebar',0)
 ,(76,24,246,'Main',0)
 ,(76,24,119,'Sidebar',0)
 ,(76,24,163,'Main',0)
 ,(76,24,153,'Main',0)
 ,(96,21,269,'Main',0)
 ,(96,21,2,'Header',0)
 ,(76,25,10,'Header Nav',0)
 ,(76,25,103,'Header',0)
 ,(76,25,120,'Sidebar',0)
 ,(76,25,246,'Main',0)
 ,(76,25,119,'Sidebar',0)
 ,(76,25,163,'Main',0)
 ,(76,25,153,'Main',0)
 ,(76,26,10,'Header Nav',0)
 ,(76,26,103,'Header',0)
 ,(76,26,120,'Sidebar',0)
 ,(76,26,246,'Main',0)
 ,(76,26,119,'Sidebar',0)
 ,(76,26,163,'Main',0)
 ,(76,26,153,'Main',0)
 ,(96,21,260,'Main',0)
 ,(96,21,271,'Sidebar',0)
 ,(77,20,1,'Header Nav',0)
 ,(77,20,69,'Sidebar',0)
 ,(77,20,105,'Header',0)
 ,(77,20,157,'Main',0)
 ,(77,20,70,'Sidebar',0)
 ,(77,20,245,'Sidebar',0)
 ,(77,20,129,'Sidebar',0)
 ,(77,20,130,'Sidebar',0)
 ,(77,20,73,'Sidebar',0)
 ,(76,27,10,'Header Nav',0)
 ,(76,27,103,'Header',0)
 ,(76,27,120,'Sidebar',0)
 ,(76,27,246,'Main',0)
 ,(76,27,119,'Sidebar',0)
 ,(76,27,163,'Main',0)
 ,(76,27,153,'Main',0)
 ,(96,21,264,'Main',0)
 ,(96,21,272,'Sidebar',0)
 ,(76,28,10,'Header Nav',0)
 ,(76,28,103,'Header',0)
 ,(76,28,120,'Sidebar',0)
 ,(76,28,246,'Main',0)
 ,(76,28,119,'Sidebar',0)
 ,(76,28,163,'Main',0)
 ,(76,28,153,'Main',0)
 ,(96,22,1,'Header Nav',0)
 ,(76,29,10,'Header Nav',0)
 ,(76,29,103,'Header',0)
 ,(76,29,120,'Sidebar',0)
 ,(76,29,246,'Main',0)
 ,(76,29,119,'Sidebar',0)
 ,(76,29,163,'Main',0)
 ,(76,29,153,'Main',0)
 ,(96,22,269,'Main',0)
 ,(96,22,2,'Header',0)
 ,(96,22,260,'Main',0)
 ,(96,22,271,'Sidebar',0)
 ,(96,22,272,'Sidebar',0)
 ,(96,22,264,'Main',0)
 ,(98,4,1,'Header Nav',0)
 ,(98,4,2,'Header',0)
 ,(76,30,246,'Main',0)
 ,(76,30,120,'Sidebar',0)
 ,(76,30,103,'Header',0)
 ,(76,30,119,'Sidebar',0)
 ,(76,30,10,'Header Nav',0)
 ,(76,30,163,'Main',0)
 ,(76,30,153,'Main',0)
 ,(76,31,10,'Header Nav',0)
 ,(76,31,103,'Header',0)
 ,(76,31,120,'Sidebar',0)
 ,(76,31,246,'Main',0)
 ,(76,31,119,'Sidebar',0)
 ,(76,31,163,'Main',0)
 ,(76,31,153,'Main',0)
 ,(96,1,3,'Sidebar',0)
 ,(96,1,2,'Header',0)
 ,(96,1,1,'Header Nav',0)
 ,(96,2,1,'Header Nav',0)
 ,(96,2,2,'Header',0)
 ,(96,2,3,'Sidebar',0)
 ,(76,32,10,'Header Nav',0)
 ,(76,32,103,'Header',0)
 ,(76,32,120,'Sidebar',0)
 ,(76,32,246,'Main',0)
 ,(76,32,119,'Sidebar',0)
 ,(76,32,163,'Main',0)
 ,(76,32,153,'Main',0)
 ,(96,3,1,'Header Nav',0)
 ,(96,3,2,'Header',0)
 ,(96,4,1,'Header Nav',0)
 ,(96,4,2,'Header',0)
 ,(75,9,1,'Header Nav',0)
 ,(96,4,256,'Main',0)
 ,(75,9,75,'Header',0)
 ,(75,9,78,'Main',0)
 ,(75,9,134,'Sidebar',0)
 ,(75,9,76,'Main',0)
 ,(75,9,133,'Sidebar',0)
 ,(75,9,77,'Main',0)
 ,(75,9,132,'Sidebar',0)
 ,(75,9,140,'Sidebar',0)
 ,(96,5,1,'Header Nav',0)
 ,(96,5,2,'Header',0)
 ,(96,5,256,'Main',0)
 ,(96,5,255,'Main',0)
 ,(96,5,257,'Main',0)
 ,(96,9,1,'Header Nav',0)
 ,(96,8,2,'Header',0)
 ,(96,8,1,'Header Nav',0)
 ,(96,8,261,'Main',0)
 ,(96,9,2,'Header',0)
 ,(96,10,1,'Header Nav',0)
 ,(96,9,260,'Main',0)
 ,(96,6,1,'Header Nav',0)
 ,(96,6,2,'Header',0)
 ,(96,6,256,'Main',0)
 ,(96,7,1,'Header Nav',0)
 ,(96,6,257,'Main',0)
 ,(96,6,259,'Main',0)
 ,(96,7,2,'Header',0)
 ,(96,7,256,'Main',0)
 ,(96,9,262,'Main',0)
 ,(96,7,257,'Main',0)
 ,(96,10,2,'Header',0)
 ,(96,10,262,'Main',0)
 ,(96,10,260,'Main',0)
 ,(96,10,264,'Main',0)
 ,(96,11,1,'Header Nav',0)
 ,(96,11,2,'Header',0)
 ,(96,11,262,'Main',0)
 ,(96,11,260,'Main',0)
 ,(96,11,264,'Main',0)
 ,(96,12,1,'Header Nav',0)
 ,(96,12,2,'Header',0)
 ,(96,12,262,'Main',0)
 ,(96,12,260,'Main',0)
 ,(96,12,264,'Main',0)
 ,(96,13,1,'Header Nav',0)
 ,(96,13,2,'Header',0)
 ,(96,14,1,'Header Nav',0)
 ,(96,13,267,'Sidebar',0)
 ,(96,13,260,'Main',0)
 ,(96,13,264,'Main',0)
 ,(96,13,268,'Main',0)
 ,(96,14,2,'Header',0)
 ,(96,14,267,'Sidebar',0)
 ,(96,14,260,'Main',0)
 ,(96,14,264,'Main',0)
 ,(96,14,269,'Main',0)
 ,(96,15,264,'Main',0)
 ,(96,15,260,'Main',0)
 ,(96,15,269,'Main',0)
 ,(96,15,1,'Header Nav',0)
 ,(1,28,198,'Main',2)
 ,(96,15,2,'Header',0)
 ,(96,15,271,'Sidebar',0)
 ,(96,16,264,'Main',0)
 ,(96,16,272,'Sidebar',0)
 ,(96,16,260,'Main',0)
 ,(96,16,271,'Sidebar',0)
 ,(96,16,2,'Header',0)
 ,(96,16,1,'Header Nav',0)
 ,(96,16,269,'Main',0)
 ,(76,33,10,'Header Nav',0)
 ,(76,33,103,'Header',0)
 ,(76,33,120,'Sidebar',0)
 ,(76,33,246,'Main',0)
 ,(76,33,119,'Sidebar',0)
 ,(76,33,163,'Main',0)
 ,(76,33,153,'Main',0)
 ,(96,17,1,'Header Nav',0)
 ,(96,17,2,'Header',0)
 ,(96,17,269,'Main',0)
 ,(96,17,271,'Sidebar',0)
 ,(96,17,260,'Main',0)
 ,(96,17,272,'Sidebar',0)
 ,(96,17,264,'Main',0)
 ,(98,1,1,'Header Nav',0)
 ,(98,1,2,'Header',0)
 ,(98,1,3,'Sidebar',0)
 ,(98,2,1,'Header Nav',0)
 ,(98,2,2,'Header',0)
 ,(96,18,1,'Header Nav',0)
 ,(96,18,2,'Header',0)
 ,(96,18,269,'Main',0)
 ,(96,18,271,'Sidebar',0)
 ,(96,18,260,'Main',0)
 ,(96,18,272,'Sidebar',0)
 ,(96,18,264,'Main',0)
 ,(98,3,1,'Header Nav',0)
 ,(98,3,2,'Header',0)
 ,(98,3,273,'Main',0)
 ,(98,3,275,'Sidebar',0)
 ,(98,3,274,'Main',0)
 ,(98,3,276,'Sidebar',0)
 ,(98,3,277,'Sidebar',0)
 ,(1,30,64,'Header',0)
 ,(1,29,64,'Header',0)
 ,(1,29,74,'Main',0)
 ,(1,29,114,'Sidebar',0)
 ,(1,29,198,'Main',2)
 ,(1,29,124,'Main',0)
 ,(1,29,270,'Sidebar',0)
 ,(1,29,125,'Sidebar',0)
 ,(1,29,126,'Sidebar',0)
 ,(1,29,278,'Header Nav',0)
 ,(86,14,2,'Header',0)
 ,(86,14,229,'Main',0)
 ,(86,14,230,'Sidebar',0)
 ,(86,14,193,'Main',0)
 ,(86,14,235,'Sidebar',0)
 ,(86,14,279,'Header Nav',0)
 ,(1,30,74,'Main',0)
 ,(1,30,114,'Sidebar',0)
 ,(1,31,64,'Header',0)
 ,(1,30,198,'Main',2)
 ,(1,30,270,'Sidebar',0)
 ,(1,30,124,'Main',0)
 ,(1,30,125,'Sidebar',0)
 ,(1,30,126,'Sidebar',0)
 ,(1,30,280,'Header Nav',0)
 ,(1,31,74,'Main',0)
 ,(1,31,114,'Sidebar',0)
 ,(98,4,273,'Main',0)
 ,(1,31,198,'Main',2)
 ,(1,31,270,'Sidebar',0)
 ,(1,31,124,'Main',0)
 ,(1,31,125,'Sidebar',0)
 ,(1,31,126,'Sidebar',0)
 ,(1,31,281,'Header Nav',0)
 ,(98,4,275,'Sidebar',0)
 ,(98,4,274,'Main',0)
 ,(98,4,276,'Sidebar',0)
 ,(98,4,277,'Sidebar',0)
 ,(98,5,1,'Header Nav',0)
 ,(98,5,2,'Header',0)
 ,(98,5,273,'Main',0)
 ,(98,5,275,'Sidebar',0)
 ,(98,5,274,'Main',0)
 ,(98,5,276,'Sidebar',0)
 ,(98,5,277,'Sidebar',0)
 ,(96,23,1,'Header Nav',0)
 ,(96,23,2,'Header',0)
 ,(96,23,269,'Main',0)
 ,(96,23,271,'Sidebar',0)
 ,(96,23,260,'Main',0)
 ,(96,23,272,'Sidebar',0)
 ,(96,23,264,'Main',0)
 ,(96,24,1,'Header Nav',0)
 ,(96,24,2,'Header',0)
 ,(96,25,1,'Header Nav',0)
 ,(96,24,271,'Sidebar',0)
 ,(96,24,260,'Main',0)
 ,(96,24,272,'Sidebar',0)
 ,(96,24,264,'Main',0)
 ,(96,24,282,'Main',0)
 ,(96,25,2,'Header',0)
 ,(96,25,271,'Sidebar',0)
 ,(77,21,1,'Header Nav',0)
 ,(96,25,260,'Main',0)
 ,(96,25,272,'Sidebar',0)
 ,(96,25,264,'Main',0)
 ,(96,25,283,'Main',0)
 ,(77,21,69,'Sidebar',0)
 ,(77,21,105,'Header',0)
 ,(77,21,157,'Main',0)
 ,(77,21,70,'Sidebar',0)
 ,(71,14,1,'Header Nav',0)
 ,(77,21,129,'Sidebar',0)
 ,(77,21,130,'Sidebar',0)
 ,(77,21,73,'Sidebar',0)
 ,(77,21,284,'Sidebar',0)
 ,(71,14,83,'Sidebar',0)
 ,(71,14,112,'Header',0)
 ,(71,14,115,'Main',0)
 ,(96,26,1,'Header Nav',0)
 ,(71,14,85,'Sidebar',0)
 ,(71,14,84,'Sidebar',0)
 ,(71,14,97,'Sidebar',0)
 ,(71,14,285,'Sidebar',0)
 ,(96,26,2,'Header',0)
 ,(96,26,287,'Sidebar',0)
 ,(96,26,260,'Main',0)
 ,(99,1,1,'Header Nav',0)
 ,(96,26,264,'Main',0)
 ,(96,26,286,'Main',0)
 ,(99,1,2,'Header',0)
 ,(99,1,3,'Sidebar',0)
 ,(99,2,1,'Header Nav',0)
 ,(99,2,2,'Header',0)
 ,(99,2,3,'Sidebar',0)
 ,(99,3,1,'Header Nav',0)
 ,(99,3,2,'Header',0)
 ,(90,11,10,'Header Nav',0)
 ,(90,11,11,'Header',0)
 ,(90,11,218,'Sidebar',0)
 ,(86,15,2,'Header',0)
 ,(90,11,290,'Main',0)
 ,(90,12,10,'Header Nav',0)
 ,(86,15,230,'Sidebar',0)
 ,(86,15,279,'Header Nav',0)
 ,(86,15,193,'Main',0)
 ,(86,15,235,'Sidebar',0)
 ,(86,15,291,'Main',0)
 ,(90,12,11,'Header',0)
 ,(90,12,218,'Sidebar',0)
 ,(90,12,290,'Main',0)
 ,(96,27,1,'Header Nav',0)
 ,(96,27,2,'Header',0)
 ,(96,28,1,'Header Nav',0)
 ,(96,27,287,'Sidebar',0)
 ,(96,27,260,'Main',0)
 ,(96,27,288,'Sidebar',0)
 ,(96,27,264,'Main',0)
 ,(96,27,292,'Main',0)
 ,(96,28,2,'Header',0)
 ,(96,29,1,'Header Nav',0)
 ,(96,28,292,'Main',0)
 ,(96,28,260,'Main',0)
 ,(96,28,288,'Sidebar',0)
 ,(96,28,264,'Main',0)
 ,(96,28,293,'Sidebar',0)
 ,(96,29,2,'Header',0)
 ,(96,29,292,'Main',0)
 ,(96,29,293,'Sidebar',0)
 ,(92,7,1,'Header Nav',0)
 ,(96,29,288,'Sidebar',0)
 ,(96,29,264,'Main',0)
 ,(96,29,294,'Main',0)
 ,(92,7,2,'Header',0)
 ,(92,7,238,'Main',0)
 ,(96,30,1,'Header Nav',0)
 ,(92,7,242,'Main',0)
 ,(92,7,243,'Main',0)
 ,(92,7,240,'Main',0)
 ,(92,7,295,'Sidebar',0)
 ,(96,30,2,'Header',0)
 ,(96,31,1,'Header Nav',0)
 ,(96,30,293,'Sidebar',0)
 ,(96,30,288,'Sidebar',0)
 ,(96,30,294,'Main',0)
 ,(96,30,264,'Main',0)
 ,(96,30,297,'Main',0)
 ,(96,31,2,'Header',0)
 ,(96,31,293,'Sidebar',0)
 ,(96,32,1,'Header Nav',0)
 ,(96,31,288,'Sidebar',0)
 ,(96,31,294,'Main',0)
 ,(96,31,264,'Main',0)
 ,(96,31,298,'Main',0)
 ,(96,32,2,'Header',0)
 ,(96,32,293,'Sidebar',0)
 ,(96,32,298,'Main',0)
 ,(96,32,288,'Sidebar',0)
 ,(96,32,300,'Main',0)
 ,(96,33,1,'Header Nav',0)
 ,(96,32,299,'Main',0)
 ,(96,33,2,'Header',0)
 ,(96,33,293,'Sidebar',0)
 ,(96,33,298,'Main',0)
 ,(96,33,288,'Sidebar',0)
 ,(89,21,1,'Header Nav',0)
 ,(96,33,300,'Main',0)
 ,(96,33,301,'Main',0)
 ,(89,21,2,'Header',0)
 ,(89,21,226,'Main',0)
 ,(89,21,228,'Sidebar',0)
 ,(89,21,197,'Main',0)
 ,(89,21,212,'Sidebar',0)
 ,(89,22,1,'Header Nav',0)
 ,(89,21,224,'Main',0)
 ,(89,21,302,'Main',0)
 ,(89,22,2,'Header',0)
 ,(89,22,226,'Main',0)
 ,(89,22,228,'Sidebar',0)
 ,(89,23,1,'Header Nav',0)
 ,(89,22,212,'Sidebar',0)
 ,(89,22,302,'Main',0)
 ,(89,22,224,'Main',0)
 ,(89,22,303,'Main',0)
 ,(89,23,2,'Header',0)
 ,(89,23,226,'Main',0)
 ,(89,23,228,'Sidebar',0)
 ,(89,23,212,'Sidebar',0)
 ,(89,23,303,'Main',0)
 ,(89,23,302,'Main',0)
 ,(89,24,1,'Header Nav',0)
 ,(89,23,304,'Main',0)
 ,(89,24,2,'Header',0)
 ,(89,24,226,'Main',0)
 ,(89,24,228,'Sidebar',0)
 ,(89,24,212,'Sidebar',0)
 ,(89,24,303,'Main',0)
 ,(89,24,302,'Main',0)
 ,(89,24,304,'Main',0)
 ,(89,25,1,'Header Nav',0)
 ,(89,25,2,'Header',0)
 ,(89,25,226,'Main',0)
 ,(89,25,228,'Sidebar',0)
 ,(89,25,212,'Sidebar',0)
 ,(89,25,303,'Main',0)
 ,(89,25,305,'Sidebar',0)
 ,(89,25,302,'Main',0)
 ,(89,25,304,'Main',0)
 ,(89,25,307,'Sidebar',0)
 ,(101,1,14,'Blog Post Header',0)
 ,(101,1,13,'Header',0)
 ,(101,1,12,'Header Nav',0)
 ,(101,1,15,'Main',0)
 ,(101,1,16,'Blog Post More',0)
 ,(101,1,18,'Sidebar',0)
 ,(101,1,40,'Blog Post Footer',0)
 ,(101,1,17,'Blog Post Footer',0)
 ,(101,1,23,'Sidebar',0)
 ,(101,2,12,'Header Nav',0)
 ,(101,2,13,'Header',0)
 ,(101,2,14,'Blog Post Header',0)
 ,(101,3,13,'Header',0)
 ,(101,3,12,'Header Nav',0)
 ,(101,2,18,'Sidebar',0)
 ,(101,2,40,'Blog Post Footer',0)
 ,(101,2,17,'Blog Post Footer',0)
 ,(101,2,23,'Sidebar',0)
 ,(101,3,14,'Blog Post Header',0)
 ,(101,3,18,'Sidebar',0)
 ,(101,3,40,'Blog Post Footer',0)
 ,(96,37,325,'Main',0)
 ,(101,3,17,'Blog Post Footer',0)
 ,(101,3,23,'Sidebar',0)
 ,(101,3,309,'Main',0)
 ,(96,38,2,'Header',0)
 ,(96,34,1,'Header Nav',0)
 ,(96,34,2,'Header',0)
 ,(96,34,293,'Sidebar',0)
 ,(96,34,298,'Main',0)
 ,(96,34,288,'Sidebar',0)
 ,(96,37,324,'Main',0)
 ,(96,35,1,'Header Nav',0)
 ,(96,35,2,'Header',0)
 ,(96,35,293,'Sidebar',0)
 ,(96,35,298,'Main',0)
 ,(96,35,288,'Sidebar',0)
 ,(96,35,322,'Main',0)
 ,(96,36,1,'Header Nav',0)
 ,(96,36,2,'Header',0)
 ,(96,36,293,'Sidebar',0)
 ,(96,36,298,'Main',0)
 ,(96,36,288,'Sidebar',0)
 ,(96,36,322,'Main',0)
 ,(96,37,1,'Header Nav',0)
 ,(96,36,324,'Main',0)
 ,(96,37,2,'Header',0)
 ,(96,37,293,'Sidebar',0)
 ,(96,37,298,'Main',0)
 ,(96,37,288,'Sidebar',0)
 ,(96,38,1,'Header Nav',0)
 ,(96,38,293,'Sidebar',0)
 ,(96,38,298,'Main',0)
 ,(96,38,288,'Sidebar',0)
 ,(89,26,1,'Header Nav',0)
 ,(96,38,324,'Main',0)
 ,(96,38,326,'Main',0)
 ,(89,26,2,'Header',0)
 ,(89,26,226,'Main',0)
 ,(89,26,228,'Sidebar',0)
 ,(96,39,1,'Header Nav',0)
 ,(89,26,303,'Main',0)
 ,(89,26,305,'Sidebar',0)
 ,(89,26,302,'Main',0)
 ,(89,26,304,'Main',0)
 ,(89,26,307,'Sidebar',0)
 ,(89,26,327,'Sidebar',0)
 ,(96,39,2,'Header',0)
 ,(96,39,293,'Sidebar',0)
 ,(96,39,298,'Main',0)
 ,(96,39,288,'Sidebar',0)
 ,(96,40,1,'Header Nav',0)
 ,(96,39,324,'Main',0)
 ,(96,39,328,'Main',0)
 ,(96,40,2,'Header',0)
 ,(96,40,293,'Sidebar',0)
 ,(96,40,298,'Main',0)
 ,(96,40,288,'Sidebar',0)
 ,(96,41,1,'Header Nav',0)
 ,(96,40,324,'Main',0)
 ,(96,40,329,'Main',0)
 ,(96,41,2,'Header',0)
 ,(96,41,293,'Sidebar',0)
 ,(96,41,298,'Main',0)
 ,(96,41,288,'Sidebar',0)
 ,(96,42,1,'Header Nav',0)
 ,(96,41,324,'Main',0)
 ,(96,41,330,'Main',0)
 ,(96,42,2,'Header',0)
 ,(96,42,293,'Sidebar',0)
 ,(96,42,298,'Main',0)
 ,(96,42,288,'Sidebar',0)
 ,(96,43,1,'Header Nav',0)
 ,(96,42,324,'Main',0)
 ,(96,42,331,'Main',0)
 ,(96,43,2,'Header',0)
 ,(96,43,293,'Sidebar',0)
 ,(96,43,298,'Main',0)
 ,(96,43,288,'Sidebar',0)
 ,(103,1,12,'Header Nav',0)
 ,(96,43,324,'Main',0)
 ,(96,43,332,'Main',0)
 ,(103,1,13,'Header',0)
 ,(103,1,14,'Blog Post Header',0)
 ,(103,1,15,'Main',0)
 ,(103,1,16,'Blog Post More',0)
 ,(103,1,18,'Sidebar',0)
 ,(103,1,40,'Blog Post Footer',0)
 ,(103,1,17,'Blog Post Footer',0)
 ,(103,1,23,'Sidebar',0)
 ,(103,2,12,'Header Nav',0)
 ,(103,2,13,'Header',0)
 ,(103,2,14,'Blog Post Header',0)
 ,(89,27,2,'Header',0)
 ,(89,27,1,'Header Nav',0)
 ,(103,2,18,'Sidebar',0)
 ,(103,2,40,'Blog Post Footer',0)
 ,(103,2,17,'Blog Post Footer',0)
 ,(103,2,23,'Sidebar',0)
 ,(89,27,226,'Main',0)
 ,(89,27,228,'Sidebar',0)
 ,(89,27,303,'Main',0)
 ,(89,28,1,'Header Nav',0)
 ,(89,27,302,'Main',0)
 ,(89,27,305,'Sidebar',0)
 ,(89,27,304,'Main',0)
 ,(89,27,307,'Sidebar',0)
 ,(89,27,334,'Sidebar',0)
 ,(89,28,2,'Header',0)
 ,(89,28,226,'Main',0)
 ,(89,28,228,'Sidebar',0)
 ,(89,28,303,'Main',0)
 ,(89,28,302,'Main',0)
 ,(89,28,305,'Sidebar',0)
 ,(89,28,304,'Main',0)
 ,(89,28,307,'Sidebar',0)
 ,(89,28,335,'Sidebar',0)
 ,(89,29,2,'Header',0)
 ,(89,29,1,'Header Nav',0)
 ,(89,29,226,'Main',0)
 ,(89,29,228,'Sidebar',0)
 ,(89,29,303,'Main',0)
 ,(96,44,1,'Header Nav',0)
 ,(89,29,302,'Main',0)
 ,(89,29,305,'Sidebar',0)
 ,(89,29,304,'Main',0)
 ,(89,29,307,'Sidebar',0)
 ,(89,29,337,'Sidebar',0)
 ,(96,44,2,'Header',0)
 ,(96,45,1,'Header Nav',0)
 ,(96,44,298,'Main',0)
 ,(96,44,288,'Sidebar',0)
 ,(96,44,332,'Main',0)
 ,(96,44,324,'Main',0)
 ,(96,44,338,'Sidebar',0)
 ,(96,45,2,'Header',0)
 ,(96,45,298,'Main',0)
 ,(96,45,338,'Sidebar',0)
 ,(96,45,288,'Sidebar',0)
 ,(96,45,332,'Main',0)
 ,(96,45,324,'Main',0)
 ,(96,45,339,'Sidebar',0)
 ,(96,46,1,'Header Nav',0)
 ,(96,46,2,'Header',0)
 ,(96,46,298,'Main',0)
 ,(96,46,338,'Sidebar',0)
 ,(96,46,288,'Sidebar',0)
 ,(96,46,332,'Main',0)
 ,(96,46,324,'Main',0)
 ,(96,46,339,'Sidebar',0)
 ,(96,47,1,'Header Nav',0)
 ,(96,46,341,'Sidebar',0)
 ,(96,47,2,'Header',0)
 ,(96,47,298,'Main',0)
 ,(96,50,324,'Main',0)
 ,(96,47,332,'Main',0)
 ,(96,47,324,'Main',0)
 ,(96,47,344,'Sidebar',0)
 ,(96,47,342,'Sidebar',0)
 ,(96,50,344,'Sidebar',0)
 ,(96,50,298,'Main',0)
 ,(96,48,350,'Sidebar',0)
 ,(96,50,332,'Main',0)
 ,(96,50,349,'Sidebar',0)
 ,(96,48,351,'Sidebar',0)
 ,(96,50,2,'Header',0)
 ,(96,49,355,'Sidebar',0)
 ,(96,50,1,'Header Nav',0)
 ,(96,51,1,'Header Nav',0)
 ,(96,50,353,'Sidebar',0)
 ,(96,50,352,'Sidebar',0)
 ,(96,50,356,'Sidebar',0)
 ,(96,51,344,'Sidebar',0)
 ,(96,51,298,'Main',0)
 ,(96,51,2,'Header',0)
 ,(96,51,332,'Main',0)
 ,(96,52,2,'Header',0)
 ,(96,51,324,'Main',0)
 ,(96,52,298,'Main',0)
 ,(96,52,1,'Header Nav',0)
 ,(96,51,357,'Sidebar',0)
 ,(96,52,344,'Sidebar',0)
 ,(96,52,332,'Main',0)
 ,(96,52,324,'Main',0)
 ,(96,53,1,'Header Nav',0)
 ,(96,52,358,'Sidebar',0)
 ,(96,53,2,'Header',0)
 ,(96,53,298,'Main',0)
 ,(96,53,344,'Sidebar',0)
 ,(96,53,332,'Main',0)
 ,(96,53,324,'Main',0)
 ,(96,54,1,'Header Nav',0)
 ,(96,53,359,'Sidebar',0)
 ,(96,54,2,'Header',0)
 ,(96,54,298,'Main',0)
 ,(96,54,344,'Sidebar',0)
 ,(96,54,332,'Main',0)
 ,(96,54,324,'Main',0)
 ,(96,55,1,'Header Nav',0)
 ,(96,54,360,'Sidebar',0)
 ,(96,55,2,'Header',0)
 ,(96,55,298,'Main',0)
 ,(96,55,344,'Sidebar',0)
 ,(96,55,332,'Main',0)
 ,(96,55,324,'Main',0)
 ,(96,56,1,'Header Nav',0)
 ,(96,55,361,'Sidebar',0)
 ,(96,56,2,'Header',0)
 ,(96,56,298,'Main',0)
 ,(96,56,344,'Sidebar',0)
 ,(96,56,332,'Main',0)
 ,(96,56,324,'Main',0)
 ,(96,57,1,'Header Nav',0)
 ,(96,56,362,'Sidebar',0)
 ,(96,57,2,'Header',0)
 ,(96,57,298,'Main',0)
 ,(96,57,344,'Sidebar',0)
 ,(96,57,332,'Main',0)
 ,(96,57,324,'Main',0)
 ,(96,58,1,'Header Nav',0)
 ,(96,57,363,'Sidebar',0)
 ,(96,58,2,'Header',0)
 ,(96,58,298,'Main',0)
 ,(96,58,344,'Sidebar',0)
 ,(96,58,332,'Main',0)
 ,(96,58,324,'Main',0)
 ,(96,59,1,'Header Nav',0)
 ,(96,58,365,'Sidebar',0)
 ,(96,59,2,'Header',0)
 ,(96,59,298,'Main',0)
 ,(96,59,344,'Sidebar',0)
 ,(96,59,332,'Main',0)
 ,(96,60,1,'Header Nav',0)
 ,(96,59,324,'Main',0)
 ,(96,59,366,'Sidebar',0)
 ,(96,60,2,'Header',0)
 ,(96,60,298,'Main',0)
 ,(96,60,344,'Sidebar',0)
 ,(96,60,332,'Main',0)
 ,(96,61,1,'Header Nav',0)
 ,(96,60,324,'Main',0)
 ,(96,60,367,'Sidebar',0)
 ,(96,61,2,'Header',0)
 ,(96,61,298,'Main',0)
 ,(96,61,344,'Sidebar',0)
 ,(96,61,332,'Main',0)
 ,(96,62,1,'Header Nav',0)
 ,(96,61,324,'Main',0)
 ,(96,61,368,'Sidebar',0)
 ,(96,62,2,'Header',0)
 ,(96,62,298,'Main',0)
 ,(96,62,344,'Sidebar',0)
 ,(96,62,332,'Main',0)
 ,(96,63,1,'Header Nav',0)
 ,(96,62,324,'Main',0)
 ,(96,62,369,'Sidebar',0)
 ,(96,63,2,'Header',0)
 ,(96,63,298,'Main',0)
 ,(96,63,371,'Sidebar',0)
 ,(96,63,332,'Main',0)
 ,(96,64,1,'Header Nav',0)
 ,(96,63,324,'Main',0)
 ,(96,63,370,'Sidebar',0)
 ,(96,64,2,'Header',0)
 ,(96,64,298,'Main',0)
 ,(96,64,370,'Sidebar',0)
 ,(96,64,332,'Main',0)
 ,(96,64,371,'Sidebar',0)
 ,(96,64,324,'Main',0)
 ,(96,64,372,'Sidebar',0)
 ,(96,65,1,'Header Nav',0)
 ,(96,65,2,'Header',0)
 ,(96,65,298,'Main',0)
 ,(96,65,370,'Sidebar',0)
 ,(96,65,332,'Main',0)
 ,(96,65,371,'Sidebar',0)
 ,(96,66,1,'Header Nav',0)
 ,(96,65,372,'Sidebar',0)
 ,(96,65,376,'Main',0)
 ,(96,66,2,'Header',0)
 ,(96,66,298,'Main',0)
 ,(96,66,370,'Sidebar',0)
 ,(96,66,332,'Main',0)
 ,(96,66,371,'Sidebar',0)
 ,(96,66,372,'Sidebar',0)
 ,(96,67,1,'Header Nav',0)
 ,(96,66,377,'Main',0)
 ,(96,67,2,'Header',0)
 ,(96,67,298,'Main',0)
 ,(96,67,370,'Sidebar',0)
 ,(96,67,332,'Main',0)
 ,(96,67,371,'Sidebar',0)
 ,(96,67,372,'Sidebar',0)
 ,(96,68,1,'Header Nav',0)
 ,(96,67,378,'Main',0)
 ,(96,68,2,'Header',0)
 ,(96,68,298,'Main',0)
 ,(96,68,370,'Sidebar',0)
 ,(96,68,332,'Main',0)
 ,(96,68,371,'Sidebar',0)
 ,(96,68,372,'Sidebar',0)
 ,(96,69,1,'Header Nav',0)
 ,(96,68,379,'Main',0)
 ,(96,69,2,'Header',0)
 ,(96,69,298,'Main',0)
 ,(96,69,370,'Sidebar',0)
 ,(96,69,332,'Main',0)
 ,(96,69,371,'Sidebar',0)
 ,(96,69,372,'Sidebar',0)
 ,(96,70,1,'Header Nav',0)
 ,(96,70,2,'Header',0)
 ,(96,70,298,'Main',0)
 ,(96,70,370,'Sidebar',0)
 ,(96,70,332,'Main',0)
 ,(96,70,371,'Sidebar',0)
 ,(96,70,372,'Sidebar',0)
 ,(96,71,1,'Header Nav',0)
 ,(96,71,2,'Header',0)
 ,(96,71,298,'Main',0)
 ,(96,71,370,'Sidebar',0)
 ,(96,71,332,'Main',0)
 ,(96,71,371,'Sidebar',0)
 ,(96,71,372,'Sidebar',0)
 ,(96,72,1,'Header Nav',0)
 ,(96,71,381,'Main',0)
 ,(96,72,2,'Header',0)
 ,(96,72,298,'Main',0)
 ,(96,72,370,'Sidebar',0)
 ,(96,72,332,'Main',0)
 ,(96,72,371,'Sidebar',0)
 ,(96,72,372,'Sidebar',0)
 ,(96,72,381,'Main',0)
 ,(96,73,1,'Header Nav',0)
 ,(96,73,2,'Header',0)
 ,(96,73,298,'Main',0)
 ,(96,73,370,'Sidebar',0)
 ,(96,73,332,'Main',0)
 ,(96,73,371,'Sidebar',0)
 ,(96,73,372,'Sidebar',0)
 ,(96,73,381,'Main',0)
 ,(96,74,1,'Header Nav',0)
 ,(96,73,383,'Main',0)
 ,(96,74,2,'Header',0)
 ,(96,74,298,'Main',0)
 ,(96,74,370,'Sidebar',0)
 ,(96,74,332,'Main',0)
 ,(96,74,371,'Sidebar',0)
 ,(96,74,372,'Sidebar',0)
 ,(96,74,381,'Main',0)
 ,(96,75,1,'Header Nav',0)
 ,(96,75,2,'Header',0)
 ,(96,75,298,'Main',0)
 ,(96,75,370,'Sidebar',0)
 ,(96,75,332,'Main',0)
 ,(96,75,371,'Sidebar',0)
 ,(71,15,1,'Header Nav',0)
 ,(96,75,381,'Main',0)
 ,(96,75,384,'Sidebar',0)
 ,(71,15,83,'Sidebar',0)
 ,(71,15,112,'Header',0)
 ,(96,76,1,'Header Nav',0)
 ,(71,15,285,'Sidebar',0)
 ,(71,15,85,'Sidebar',0)
 ,(71,15,84,'Sidebar',0)
 ,(71,15,97,'Sidebar',0)
 ,(71,15,385,'Main',0)
 ,(96,76,2,'Header',0)
 ,(96,76,298,'Main',0)
 ,(96,76,370,'Sidebar',0)
 ,(96,76,332,'Main',0)
 ,(96,77,1,'Header Nav',0)
 ,(96,76,381,'Main',0)
 ,(96,76,384,'Sidebar',0)
 ,(96,76,386,'Sidebar',0)
 ,(96,77,2,'Header',0)
 ,(96,77,298,'Main',0)
 ,(96,77,370,'Sidebar',0)
 ,(96,77,332,'Main',0)
 ,(96,78,1,'Header Nav',0)
 ,(96,77,381,'Main',0)
 ,(96,77,384,'Sidebar',0)
 ,(96,77,387,'Sidebar',0)
 ,(96,78,2,'Header',0)
 ,(96,78,298,'Main',0)
 ,(96,78,370,'Sidebar',0)
 ,(96,78,332,'Main',0)
 ,(96,79,1,'Header Nav',0)
 ,(96,78,381,'Main',0)
 ,(96,78,384,'Sidebar',0)
 ,(96,78,388,'Sidebar',0)
 ,(96,79,2,'Header',0)
 ,(96,79,298,'Main',0)
 ,(96,79,370,'Sidebar',0)
 ,(96,79,332,'Main',0)
 ,(89,30,1,'Header Nav',0)
 ,(96,79,381,'Main',0)
 ,(96,79,384,'Sidebar',0)
 ,(96,79,389,'Sidebar',0)
 ,(89,30,2,'Header',0)
 ,(89,30,226,'Main',0)
 ,(89,30,228,'Sidebar',0)
 ,(89,30,303,'Main',0)
 ,(96,80,1,'Header Nav',0)
 ,(89,30,302,'Main',0)
 ,(89,30,305,'Sidebar',0)
 ,(89,30,304,'Main',0)
 ,(89,30,307,'Sidebar',0)
 ,(89,30,390,'Sidebar',0)
 ,(96,80,2,'Header',0)
 ,(96,81,1,'Header Nav',0)
 ,(96,80,370,'Sidebar',0)
 ,(96,80,332,'Main',0)
 ,(96,80,389,'Sidebar',0)
 ,(96,80,381,'Main',0)
 ,(96,80,384,'Sidebar',0)
 ,(96,80,391,'Main',0)
 ,(96,81,2,'Header',0)
 ,(96,81,370,'Sidebar',0)
 ,(96,81,391,'Main',0)
 ,(96,82,1,'Header Nav',0)
 ,(96,81,389,'Sidebar',0)
 ,(96,81,381,'Main',0)
 ,(96,81,384,'Sidebar',0)
 ,(96,82,2,'Header',0)
 ,(96,82,370,'Sidebar',0)
 ,(96,83,1,'Header Nav',0)
 ,(96,82,389,'Sidebar',0)
 ,(96,82,381,'Main',0)
 ,(96,82,384,'Sidebar',0)
 ,(96,82,392,'Main',0)
 ,(96,83,2,'Header',0)
 ,(96,83,370,'Sidebar',0)
 ,(96,84,1,'Header Nav',0)
 ,(96,83,381,'Main',0)
 ,(96,83,389,'Sidebar',0)
 ,(96,83,384,'Sidebar',0)
 ,(96,83,393,'Main',0)
 ,(96,84,2,'Header',0)
 ,(96,84,370,'Sidebar',0)
 ,(96,85,1,'Header Nav',0)
 ,(96,84,381,'Main',0)
 ,(96,84,389,'Sidebar',0)
 ,(96,84,384,'Sidebar',0)
 ,(96,84,394,'Main',0)
 ,(96,85,2,'Header',0)
 ,(96,85,370,'Sidebar',0)
 ,(96,86,1,'Header Nav',0)
 ,(96,85,381,'Main',0)
 ,(96,85,389,'Sidebar',0)
 ,(96,85,384,'Sidebar',0)
 ,(96,85,395,'Main',0)
 ,(96,86,2,'Header',0)
 ,(96,86,370,'Sidebar',0)
 ,(96,86,395,'Main',0)
 ,(96,87,1,'Header Nav',0)
 ,(96,86,389,'Sidebar',0)
 ,(96,86,384,'Sidebar',0)
 ,(96,86,396,'Main',0)
 ,(96,87,2,'Header',0)
 ,(96,87,370,'Sidebar',0)
 ,(96,87,395,'Main',0)
 ,(96,87,389,'Sidebar',0)
 ,(96,88,1,'Header Nav',0)
 ,(96,87,384,'Sidebar',0)
 ,(96,87,397,'Main',0)
 ,(96,88,2,'Header',0)
 ,(96,88,370,'Sidebar',0)
 ,(96,88,395,'Main',0)
 ,(96,88,389,'Sidebar',0)
 ,(96,89,1,'Header Nav',0)
 ,(96,88,384,'Sidebar',0)
 ,(96,88,398,'Main',0)
 ,(96,89,2,'Header',0)
 ,(96,89,370,'Sidebar',0)
 ,(96,89,395,'Main',0)
 ,(96,89,389,'Sidebar',0)
 ,(96,90,1,'Header Nav',0)
 ,(96,89,384,'Sidebar',0)
 ,(96,89,399,'Main',0)
 ,(96,90,2,'Header',0)
 ,(96,90,370,'Sidebar',0)
 ,(96,90,395,'Main',0)
 ,(96,90,389,'Sidebar',0)
 ,(96,91,1,'Header Nav',0)
 ,(96,90,401,'Main',0)
 ,(96,90,400,'Sidebar',0)
 ,(96,91,2,'Header',0)
 ,(96,91,370,'Sidebar',0)
 ,(96,91,395,'Main',0)
 ,(96,91,389,'Sidebar',0)
 ,(98,6,1,'Header Nav',0)
 ,(96,91,400,'Sidebar',0)
 ,(96,91,402,'Main',0)
 ,(98,6,2,'Header',0)
 ,(89,31,1,'Header Nav',0)
 ,(98,6,275,'Sidebar',0)
 ,(98,6,274,'Main',0)
 ,(98,6,276,'Sidebar',0)
 ,(98,6,277,'Sidebar',0)
 ,(98,6,403,'Main',0)
 ,(89,31,2,'Header',0)
 ,(89,31,226,'Main',0)
 ,(89,31,228,'Sidebar',0)
 ,(89,31,303,'Main',0)
 ,(89,31,302,'Main',0)
 ,(89,31,305,'Sidebar',0)
 ,(89,31,304,'Main',0)
 ,(89,31,307,'Sidebar',0)
 ,(89,31,404,'Sidebar',0)
 ,(106,1,14,'Blog Post Header',0)
 ,(106,1,13,'Header',0)
 ,(106,1,12,'Header Nav',0)
 ,(106,1,15,'Main',0)
 ,(106,1,16,'Blog Post More',0)
 ,(106,1,18,'Sidebar',0)
 ,(106,1,40,'Blog Post Footer',0)
 ,(106,1,17,'Blog Post Footer',0)
 ,(106,1,23,'Sidebar',0)
 ,(106,2,12,'Header Nav',0)
 ,(106,2,13,'Header',0)
 ,(106,2,14,'Blog Post Header',0)
 ,(106,3,13,'Header',0)
 ,(106,3,12,'Header Nav',0)
 ,(106,2,18,'Sidebar',0)
 ,(106,2,40,'Blog Post Footer',0)
 ,(106,2,17,'Blog Post Footer',0)
 ,(106,2,23,'Sidebar',0)
 ,(106,3,14,'Blog Post Header',0)
 ,(106,3,18,'Sidebar',0)
 ,(106,3,40,'Blog Post Footer',0)
 ,(89,32,1,'Header Nav',0)
 ,(106,3,17,'Blog Post Footer',0)
 ,(106,3,23,'Sidebar',0)
 ,(106,3,406,'Main',0)
 ,(89,32,2,'Header',0)
 ,(89,32,226,'Main',0)
 ,(89,32,228,'Sidebar',0)
 ,(89,32,303,'Main',0)
 ,(89,33,1,'Header Nav',0)
 ,(89,32,302,'Main',0)
 ,(89,32,305,'Sidebar',0)
 ,(89,32,304,'Main',0)
 ,(89,32,307,'Sidebar',0)
 ,(89,32,407,'Sidebar',0)
 ,(89,33,2,'Header',0)
 ,(89,33,226,'Main',0)
 ,(89,33,228,'Sidebar',0)
 ,(89,33,303,'Main',0)
 ,(89,34,1,'Header Nav',0)
 ,(89,33,302,'Main',0)
 ,(89,33,305,'Sidebar',0)
 ,(89,33,304,'Main',0)
 ,(89,33,307,'Sidebar',0)
 ,(89,33,408,'Sidebar',0)
 ,(89,34,2,'Header',0)
 ,(89,34,226,'Main',0)
 ,(89,34,228,'Sidebar',0)
 ,(89,34,303,'Main',0)
 ,(96,92,415,'Main',0)
 ,(89,34,302,'Main',0)
 ,(89,34,305,'Sidebar',0)
 ,(89,34,304,'Main',0)
 ,(89,34,307,'Sidebar',0)
 ,(89,34,409,'Sidebar',0)
 ,(96,92,400,'Sidebar',0)
 ,(96,92,402,'Main',0)
 ,(96,92,1,'Header Nav',0)
 ,(96,92,2,'Header',0)
 ,(96,92,370,'Sidebar',0)
 ,(115,2,1,'Header Nav',0)
 ,(96,92,389,'Sidebar',0)
 ,(115,1,3,'Sidebar',0)
 ,(115,1,1,'Header Nav',0)
 ,(115,1,2,'Header',0)
 ,(115,2,2,'Header',0)
 ,(115,2,3,'Sidebar',0)
 ,(115,3,1,'Header Nav',0)
 ,(115,3,2,'Header',0)
 ,(115,3,3,'Sidebar',0)
 ,(115,4,1,'Header Nav',0)
 ,(115,4,2,'Header',0)
 ,(115,4,3,'Sidebar',0)
 ,(115,5,1,'Header Nav',0)
 ,(115,5,2,'Header',0)
 ,(115,5,3,'Sidebar',0)
 ,(115,7,3,'Sidebar',0)
 ,(115,7,2,'Header',0)
 ,(115,7,1,'Header Nav',0)
 ,(115,8,1,'Header Nav',0)
 ,(115,7,420,'Main',0)
 ,(115,8,2,'Header',0)
 ,(116,1,1,'Header Nav',0)
 ,(115,8,420,'Main',0)
 ,(116,1,2,'Header',0)
 ,(116,1,3,'Sidebar',0)
 ,(116,2,1,'Header Nav',0)
 ,(116,2,2,'Header',0)
 ,(116,2,3,'Sidebar',0)
 ,(116,3,1,'Header Nav',0)
 ,(116,3,2,'Header',0)
 ,(116,3,3,'Sidebar',0)
 ,(116,4,1,'Header Nav',0)
 ,(116,4,2,'Header',0)
 ,(116,4,3,'Sidebar',0)
 ,(77,22,1,'Header Nav',0)
 ,(77,22,69,'Sidebar',0)
 ,(77,22,105,'Header',0)
 ,(77,22,70,'Sidebar',0)
 ,(77,22,284,'Sidebar',0)
 ,(89,35,1,'Header Nav',0)
 ,(77,22,130,'Sidebar',0)
 ,(77,22,73,'Sidebar',0)
 ,(77,22,429,'Main',0)
 ,(89,35,2,'Header',0)
 ,(89,35,226,'Main',0)
 ,(89,35,228,'Sidebar',0)
 ,(89,35,303,'Main',0)
 ,(77,23,1,'Header Nav',0)
 ,(89,35,302,'Main',0)
 ,(89,35,305,'Sidebar',0)
 ,(89,35,304,'Main',0)
 ,(89,35,307,'Sidebar',0)
 ,(89,35,430,'Sidebar',0)
 ,(77,23,69,'Sidebar',0)
 ,(77,23,105,'Header',0)
 ,(89,36,1,'Header Nav',0)
 ,(77,23,70,'Sidebar',0)
 ,(77,23,284,'Sidebar',0)
 ,(77,23,130,'Sidebar',0)
 ,(77,23,73,'Sidebar',0)
 ,(77,23,431,'Main',0)
 ,(89,36,2,'Header',0)
 ,(89,36,226,'Main',0)
 ,(89,36,228,'Sidebar',0)
 ,(89,36,303,'Main',0)
 ,(89,37,1,'Header Nav',0)
 ,(89,36,302,'Main',0)
 ,(89,36,305,'Sidebar',0)
 ,(89,36,304,'Main',0)
 ,(89,36,307,'Sidebar',0)
 ,(89,36,432,'Sidebar',0)
 ,(89,37,2,'Header',0)
 ,(89,37,226,'Main',0)
 ,(89,37,228,'Sidebar',0)
 ,(89,37,303,'Main',0)
 ,(116,5,1,'Header Nav',0)
 ,(89,37,302,'Main',0)
 ,(89,37,305,'Sidebar',0)
 ,(89,37,304,'Main',0)
 ,(89,37,307,'Sidebar',0)
 ,(89,37,433,'Sidebar',0)
 ,(116,5,2,'Header',0)
 ,(116,6,1,'Header Nav',0)
 ,(116,6,2,'Header',0)
 ,(116,7,1,'Header Nav',0)
 ,(116,7,2,'Header',0)
 ,(116,8,1,'Header Nav',0)
 ,(116,8,2,'Header',0)
 ,(116,9,1,'Header Nav',0)
 ,(116,9,2,'Header',0)
 ,(116,10,1,'Header Nav',0)
 ,(116,9,438,'Main : Layout 1 : Cell 1',0)
 ,(116,10,2,'Header',0)
 ,(116,10,438,'Main : Layout 1 : Cell 1',0)
 ,(116,10,439,'Main : Layout 1 : Cell 2',0)
 ,(116,10,440,'Main : Layout 1 : Cell 1',0)
 ,(116,11,1,'Header Nav',0)
 ,(116,11,2,'Header',0)
 ,(1,32,64,'Header',0)
 ,(116,11,439,'Main : Layout 1 : Cell 2',0)
 ,(116,11,441,'Main : Layout 1 : Cell 3',0)
 ,(116,11,440,'Main : Layout 1 : Cell 1',0)
 ,(1,32,74,'Main',0)
 ,(1,32,114,'Sidebar',0)
 ,(1,32,281,'Header Nav',0)
 ,(1,32,198,'Main',2)
 ,(1,32,270,'Sidebar',0)
 ,(1,32,124,'Main',0)
 ,(1,32,125,'Sidebar',0)
 ,(1,32,126,'Sidebar',0)
 ,(116,12,1,'Header Nav',0)
 ,(116,12,2,'Header',0)
 ,(116,12,439,'Main : Layout 1 : Cell 2',0)
 ,(116,12,441,'Main : Layout 1 : Cell 3',0)
 ,(116,13,1,'Header Nav',0)
 ,(116,13,2,'Header',0)
 ,(116,13,442,'Main : Layout 1 : Cell 1',0);

DROP TABLE IF EXISTS CollectionVersionBlocks;

CREATE TABLE IF NOT EXISTS `CollectionVersionBlocks` (
  `cID` int(10) unsigned NOT NULL DEFAULT '0',
  `cvID` int(10) unsigned NOT NULL DEFAULT '1',
  `bID` int(10) unsigned NOT NULL DEFAULT '0',
  `arHandle` varchar(255) NOT NULL,
  `cbDisplayOrder` int(10) unsigned NOT NULL DEFAULT '0',
  `isOriginal` varchar(1) NOT NULL DEFAULT '0',
  `cbOverrideAreaPermissions` tinyint(1) NOT NULL DEFAULT '0',
  `cbIncludeAll` tinyint(1) NOT NULL DEFAULT '0',
  PRIMARY KEY (`cID`,`cvID`,`bID`,`arHandle`),
  KEY `cbIncludeAll` (`cbIncludeAll`)
) ENGINE=MyISAM DEFAULT CHARSET=utf8;

INSERT INTO CollectionVersionBlocks VALUES(2,1,1,'Header Nav',0,'1',0,0)
 ,(2,1,2,'Header',0,'1',0,0)
 ,(2,1,3,'Sidebar',0,'1',0,0)
 ,(1,24,114,'Sidebar',0,'0',0,0)
 ,(71,12,1,'Header Nav',0,'0',0,0)
 ,(75,7,1,'Header Nav',0,'0',0,0)
 ,(76,8,104,'Main',0,'0',0,0)
 ,(64,1,7,'Header Nav',0,'1',0,0)
 ,(64,1,8,'Header',0,'1',0,0)
 ,(64,1,9,'Sidebar',0,'1',0,0)
 ,(65,1,10,'Header Nav',0,'1',0,0)
 ,(65,1,11,'Header',0,'1',0,0)
 ,(66,1,12,'Header Nav',0,'1',0,0)
 ,(66,1,13,'Header',0,'1',0,0)
 ,(66,1,14,'Blog Post Header',0,'1',0,0)
 ,(66,1,15,'Main',0,'1',0,0)
 ,(66,1,16,'Blog Post More',0,'1',0,0)
 ,(66,1,17,'Blog Post Footer',1,'1',0,1)
 ,(66,1,18,'Sidebar',0,'1',0,0)
 ,(76,6,10,'Header Nav',0,'0',0,0)
 ,(79,8,14,'Blog Post Header',0,'0',0,0)
 ,(76,6,103,'Header',0,'0',0,0)
 ,(76,6,104,'Main',0,'0',0,0)
 ,(76,8,120,'Sidebar',0,'0',0,0)
 ,(75,7,75,'Header',0,'0',0,0)
 ,(75,7,78,'Main',0,'0',0,0)
 ,(76,7,104,'Main',0,'0',0,0)
 ,(1,24,117,'Main',1,'0',0,0)
 ,(1,24,74,'Main',0,'0',0,0)
 ,(76,6,120,'Sidebar',0,'1',0,0)
 ,(76,6,119,'Sidebar',1,'1',0,0)
 ,(66,1,23,'Sidebar',1,'1',0,0)
 ,(76,1,11,'Header',0,'0',0,0)
 ,(1,24,1,'Header Nav',0,'0',0,0)
 ,(1,19,1,'Header Nav',0,'0',0,0)
 ,(76,2,10,'Header Nav',0,'0',0,0)
 ,(75,7,133,'Sidebar',1,'0',0,0)
 ,(71,12,83,'Sidebar',0,'0',0,0)
 ,(75,8,76,'Main',1,'0',0,0)
 ,(75,8,133,'Sidebar',1,'0',0,0)
 ,(75,8,1,'Header Nav',0,'0',0,0)
 ,(75,8,75,'Header',0,'0',0,0)
 ,(75,8,78,'Main',0,'0',0,0)
 ,(75,8,134,'Sidebar',0,'0',0,0)
 ,(76,1,10,'Header Nav',0,'0',0,0)
 ,(75,8,77,'Main',2,'0',0,0)
 ,(71,1,1,'Header Nav',0,'0',0,0)
 ,(71,1,2,'Header',0,'0',0,0)
 ,(71,1,3,'Sidebar',0,'0',0,0)
 ,(71,2,1,'Header Nav',0,'0',0,0)
 ,(71,2,2,'Header',0,'0',0,0)
 ,(71,2,28,'Sidebar',0,'1',0,0)
 ,(71,2,29,'Sidebar',1,'1',0,0)
 ,(71,2,30,'Main',0,'1',0,0)
 ,(79,1,40,'Blog Post Footer',0,'0',0,0)
 ,(79,1,18,'Sidebar',0,'0',0,0)
 ,(79,1,16,'Blog Post More',0,'0',0,0)
 ,(79,1,15,'Main',0,'0',0,0)
 ,(79,1,14,'Blog Post Header',0,'0',0,0)
 ,(79,1,13,'Header',0,'0',0,0)
 ,(79,1,12,'Header Nav',0,'0',0,0)
 ,(79,2,18,'Sidebar',0,'0',0,0)
 ,(79,2,98,'Main',0,'1',0,0)
 ,(79,3,12,'Header Nav',0,'0',0,0)
 ,(79,1,17,'Blog Post Footer',1,'0',0,0)
 ,(79,1,23,'Sidebar',1,'0',0,0)
 ,(79,2,12,'Header Nav',0,'0',0,0)
 ,(79,3,14,'Blog Post Header',0,'0',0,0)
 ,(79,2,14,'Blog Post Header',0,'0',0,0)
 ,(79,2,17,'Blog Post Footer',1,'0',0,0)
 ,(79,3,18,'Sidebar',0,'0',0,0)
 ,(79,2,23,'Sidebar',1,'0',0,0)
 ,(79,4,17,'Blog Post Footer',1,'0',0,0)
 ,(79,4,98,'Main',0,'0',0,0)
 ,(79,4,40,'Blog Post Footer',0,'0',0,0)
 ,(79,4,18,'Sidebar',0,'0',0,0)
 ,(79,6,12,'Header Nav',0,'0',0,0)
 ,(79,5,40,'Blog Post Footer',0,'0',0,0)
 ,(79,4,23,'Sidebar',1,'0',0,0)
 ,(79,5,12,'Header Nav',0,'0',0,0)
 ,(79,5,14,'Blog Post Header',0,'0',0,0)
 ,(79,5,18,'Sidebar',0,'0',0,0)
 ,(79,6,40,'Blog Post Footer',0,'0',0,0)
 ,(79,6,18,'Sidebar',0,'0',0,0)
 ,(79,6,14,'Blog Post Header',0,'0',0,0)
 ,(79,5,99,'Main',0,'1',0,0)
 ,(79,5,23,'Sidebar',1,'0',0,0)
 ,(66,1,40,'Blog Post Footer',0,'1',0,0)
 ,(79,5,17,'Blog Post Footer',1,'0',0,0)
 ,(79,2,40,'Blog Post Footer',0,'0',0,0)
 ,(79,4,14,'Blog Post Header',0,'0',0,0)
 ,(79,4,12,'Header Nav',0,'0',0,0)
 ,(79,3,23,'Sidebar',1,'0',0,0)
 ,(79,3,17,'Blog Post Footer',1,'0',0,0)
 ,(79,3,98,'Main',0,'0',0,0)
 ,(79,3,40,'Blog Post Footer',0,'0',0,0)
 ,(71,8,83,'Sidebar',0,'0',0,0)
 ,(71,8,1,'Header Nav',0,'0',0,0)
 ,(79,6,23,'Sidebar',1,'0',0,0)
 ,(79,6,17,'Blog Post Footer',1,'0',0,0)
 ,(79,6,99,'Main',0,'0',0,0)
 ,(36,2,41,'Global',0,'1',0,0)
 ,(75,7,76,'Main',1,'0',0,0)
 ,(77,14,73,'Sidebar',4,'0',0,0)
 ,(77,14,128,'Main',0,'1',0,0)
 ,(79,7,142,'Main',0,'1',0,0)
 ,(75,8,140,'Sidebar',3,'1',0,0)
 ,(1,24,64,'Header',0,'0',0,0)
 ,(79,7,40,'Blog Post Footer',0,'0',0,0)
 ,(71,12,85,'Sidebar',2,'0',0,0)
 ,(71,12,110,'Sidebar',1,'0',0,0)
 ,(71,12,112,'Header',0,'0',0,0)
 ,(71,12,97,'Sidebar',4,'0',0,0)
 ,(1,19,114,'Sidebar',0,'0',0,0)
 ,(1,19,74,'Main',0,'0',0,0)
 ,(1,19,64,'Header',0,'0',0,0)
 ,(71,12,115,'Main',0,'1',0,0)
 ,(71,12,84,'Sidebar',3,'0',0,0)
 ,(79,7,23,'Sidebar',1,'0',0,0)
 ,(1,19,116,'Main',1,'1',0,0)
 ,(1,19,59,'Sidebar',3,'0',0,0)
 ,(1,19,93,'Sidebar',2,'0',0,0)
 ,(79,7,17,'Blog Post Footer',1,'0',0,0)
 ,(1,19,94,'Sidebar',1,'0',0,0)
 ,(1,19,66,'Main',2,'0',0,0)
 ,(75,7,131,'Sidebar',3,'0',0,0)
 ,(75,7,134,'Sidebar',0,'1',0,0)
 ,(76,8,103,'Header',0,'0',0,0)
 ,(76,7,120,'Sidebar',0,'0',0,0)
 ,(75,7,132,'Sidebar',2,'0',0,0)
 ,(79,8,12,'Header Nav',0,'0',0,0)
 ,(77,13,105,'Header',0,'0',0,0)
 ,(77,13,1,'Header Nav',0,'0',0,0)
 ,(76,7,119,'Sidebar',1,'0',0,0)
 ,(76,8,10,'Header Nav',0,'0',0,0)
 ,(75,7,77,'Main',2,'0',0,0)
 ,(77,13,69,'Sidebar',0,'0',0,0)
 ,(79,8,23,'Sidebar',1,'0',0,0)
 ,(77,15,1,'Header Nav',0,'0',0,0)
 ,(76,8,119,'Sidebar',1,'0',0,0)
 ,(79,7,12,'Header Nav',0,'0',0,0)
 ,(79,7,14,'Blog Post Header',0,'0',0,0)
 ,(79,7,18,'Sidebar',0,'0',0,0)
 ,(77,13,118,'Main',0,'1',0,0)
 ,(77,13,73,'Sidebar',4,'0',0,0)
 ,(77,13,71,'Sidebar',2,'0',0,0)
 ,(75,4,1,'Header Nav',0,'0',0,0)
 ,(77,13,96,'Sidebar',3,'0',0,0)
 ,(77,13,70,'Sidebar',1,'0',0,0)
 ,(76,9,103,'Header',0,'0',0,0)
 ,(75,4,75,'Header',0,'1',0,0)
 ,(75,4,76,'Main',1,'1',0,0)
 ,(75,4,77,'Main',2,'1',0,0)
 ,(75,4,78,'Main',0,'1',0,0)
 ,(75,4,79,'Sidebar',0,'1',0,0)
 ,(75,4,80,'Sidebar',1,'1',0,0)
 ,(75,4,81,'Sidebar',2,'1',0,0)
 ,(75,4,82,'Sidebar',3,'1',0,0)
 ,(71,3,1,'Header Nav',0,'0',0,0)
 ,(71,4,1,'Header Nav',0,'0',0,0)
 ,(71,3,28,'Sidebar',0,'0',0,0)
 ,(71,3,30,'Main',0,'0',0,0)
 ,(71,3,29,'Sidebar',1,'0',0,0)
 ,(79,8,18,'Sidebar',0,'0',0,0)
 ,(71,4,88,'Header',0,'1',0,0)
 ,(71,4,83,'Sidebar',0,'1',0,0)
 ,(71,4,84,'Sidebar',1,'1',0,0)
 ,(71,4,85,'Sidebar',2,'1',0,0)
 ,(71,4,86,'Sidebar',3,'1',0,0)
 ,(79,8,40,'Blog Post Footer',0,'0',0,0)
 ,(76,3,102,'Sidebar',0,'1',0,0)
 ,(77,15,105,'Header',0,'0',0,0)
 ,(77,15,69,'Sidebar',0,'0',0,0)
 ,(79,8,142,'Main',0,'0',0,0)
 ,(79,8,17,'Blog Post Footer',1,'0',0,0)
 ,(71,8,100,'Main',0,'1',0,0)
 ,(71,8,97,'Sidebar',3,'0',0,0)
 ,(71,8,85,'Sidebar',2,'0',0,0)
 ,(76,3,10,'Header Nav',0,'0',0,0)
 ,(71,8,91,'Header',0,'0',0,0)
 ,(71,8,84,'Sidebar',1,'0',0,0)
 ,(71,5,1,'Header Nav',0,'0',0,0)
 ,(77,17,69,'Sidebar',0,'0',0,0)
 ,(77,17,105,'Header',0,'0',0,0)
 ,(76,9,10,'Header Nav',0,'0',0,0)
 ,(76,3,103,'Header',0,'1',0,0)
 ,(76,3,104,'Main',0,'1',0,0)
 ,(71,5,83,'Sidebar',0,'0',0,0)
 ,(71,5,88,'Header',0,'0',0,0)
 ,(71,5,84,'Sidebar',1,'0',0,0)
 ,(71,5,85,'Sidebar',2,'0',0,0)
 ,(71,5,86,'Sidebar',3,'0',0,0)
 ,(71,5,90,'Main',0,'1',0,0)
 ,(71,6,1,'Header Nav',0,'0',0,0)
 ,(71,6,83,'Sidebar',0,'0',0,0)
 ,(1,23,1,'Header Nav',0,'0',0,0)
 ,(71,6,90,'Main',0,'0',0,0)
 ,(71,6,84,'Sidebar',1,'0',0,0)
 ,(71,6,85,'Sidebar',2,'0',0,0)
 ,(71,6,86,'Sidebar',3,'0',0,0)
 ,(71,6,91,'Header',0,'1',0,0)
 ,(77,16,130,'Sidebar',3,'0',0,0)
 ,(77,16,70,'Sidebar',1,'0',0,0)
 ,(77,16,129,'Sidebar',2,'0',0,0)
 ,(1,23,64,'Header',0,'0',0,0)
 ,(1,23,74,'Main',0,'0',0,0)
 ,(1,23,114,'Sidebar',0,'0',0,0)
 ,(1,23,117,'Main',1,'0',0,0)
 ,(77,16,1,'Header Nav',0,'0',0,0)
 ,(1,23,125,'Sidebar',2,'1',0,0)
 ,(1,23,126,'Sidebar',3,'1',0,0)
 ,(1,23,127,'Sidebar',1,'1',0,0)
 ,(1,23,124,'Main',2,'1',0,0)
 ,(77,15,70,'Sidebar',1,'0',0,0)
 ,(77,15,129,'Sidebar',2,'0',0,0)
 ,(77,15,130,'Sidebar',3,'0',0,0)
 ,(77,15,73,'Sidebar',4,'0',0,0)
 ,(77,15,143,'Main',0,'1',0,0)
 ,(77,16,69,'Sidebar',0,'0',0,0)
 ,(77,16,105,'Header',0,'0',0,0)
 ,(77,17,1,'Header Nav',0,'0',0,0)
 ,(71,7,1,'Header Nav',0,'0',0,0)
 ,(77,16,144,'Main',0,'1',0,0)
 ,(77,16,73,'Sidebar',4,'0',0,0)
 ,(71,7,83,'Sidebar',0,'0',0,0)
 ,(71,7,90,'Main',0,'0',0,0)
 ,(71,7,91,'Header',0,'0',0,0)
 ,(71,7,84,'Sidebar',1,'0',0,0)
 ,(71,7,85,'Sidebar',2,'0',0,0)
 ,(77,17,145,'Main',0,'1',0,0)
 ,(71,7,97,'Sidebar',3,'1',0,0)
 ,(77,11,1,'Header Nav',0,'0',0,0)
 ,(77,17,73,'Sidebar',4,'0',0,0)
 ,(77,17,130,'Sidebar',3,'0',0,0)
 ,(77,17,129,'Sidebar',2,'0',0,0)
 ,(77,17,70,'Sidebar',1,'0',0,0)
 ,(77,11,69,'Sidebar',0,'0',0,0)
 ,(77,11,105,'Header',0,'0',0,0)
 ,(76,9,147,'Main',3,'1',0,0)
 ,(77,11,70,'Sidebar',1,'0',0,0)
 ,(77,11,71,'Sidebar',2,'0',0,0)
 ,(77,11,96,'Sidebar',3,'0',0,0)
 ,(77,11,73,'Sidebar',4,'0',0,0)
 ,(77,11,107,'Main',0,'1',0,0)
 ,(76,4,10,'Header Nav',0,'0',0,0)
 ,(76,4,102,'Sidebar',0,'0',0,0)
 ,(76,4,103,'Header',0,'0',0,0)
 ,(76,4,104,'Main',0,'0',0,0)
 ,(76,4,109,'Sidebar',1,'1',0,0)
 ,(71,9,1,'Header Nav',0,'0',0,0)
 ,(71,9,83,'Sidebar',0,'0',0,0)
 ,(71,9,91,'Header',0,'0',0,0)
 ,(71,9,100,'Main',0,'0',0,0)
 ,(71,9,84,'Sidebar',3,'0',0,0)
 ,(71,9,85,'Sidebar',2,'0',0,0)
 ,(71,9,97,'Sidebar',4,'0',0,0)
 ,(71,9,110,'Sidebar',1,'1',0,0)
 ,(76,10,10,'Header Nav',0,'0',0,0)
 ,(76,9,149,'Main',2,'1',0,0)
 ,(76,9,119,'Sidebar',1,'0',0,0)
 ,(76,9,146,'Main',0,'1',0,0)
 ,(76,9,120,'Sidebar',0,'0',0,0)
 ,(76,7,103,'Header',0,'0',0,0)
 ,(77,14,129,'Sidebar',2,'1',0,0)
 ,(77,12,1,'Header Nav',0,'0',0,0)
 ,(77,14,70,'Sidebar',1,'0',0,0)
 ,(77,14,130,'Sidebar',3,'1',0,0)
 ,(77,14,1,'Header Nav',0,'0',0,0)
 ,(77,14,69,'Sidebar',0,'0',0,0)
 ,(77,14,105,'Header',0,'0',0,0)
 ,(77,12,69,'Sidebar',0,'0',0,0)
 ,(77,12,105,'Header',0,'0',0,0)
 ,(77,12,107,'Main',0,'0',0,0)
 ,(77,12,70,'Sidebar',1,'0',0,0)
 ,(77,12,71,'Sidebar',2,'0',0,0)
 ,(77,12,96,'Sidebar',3,'0',0,0)
 ,(77,12,73,'Sidebar',4,'0',0,0)
 ,(76,5,10,'Header Nav',0,'0',0,0)
 ,(76,5,102,'Sidebar',0,'0',0,0)
 ,(76,5,103,'Header',0,'0',0,0)
 ,(76,5,104,'Main',0,'0',0,0)
 ,(76,5,109,'Sidebar',1,'0',0,0)
 ,(1,24,141,'Sidebar',1,'1',0,0)
 ,(1,24,126,'Sidebar',3,'0',0,0)
 ,(1,24,125,'Sidebar',2,'0',0,0)
 ,(1,24,124,'Main',2,'0',0,0)
 ,(76,7,10,'Header Nav',0,'0',0,0)
 ,(75,8,132,'Sidebar',2,'0',0,0)
 ,(71,10,1,'Header Nav',0,'0',0,0)
 ,(71,10,83,'Sidebar',0,'0',0,0)
 ,(71,10,91,'Header',0,'0',0,0)
 ,(71,10,100,'Main',0,'0',0,0)
 ,(71,10,110,'Sidebar',1,'0',0,0)
 ,(71,10,85,'Sidebar',2,'0',0,0)
 ,(71,10,84,'Sidebar',3,'0',0,0)
 ,(71,10,97,'Sidebar',4,'0',0,0)
 ,(71,11,1,'Header Nav',0,'0',0,0)
 ,(71,11,83,'Sidebar',0,'0',0,0)
 ,(76,10,103,'Header',0,'0',0,0)
 ,(71,11,100,'Main',0,'0',0,0)
 ,(71,11,110,'Sidebar',1,'0',0,0)
 ,(71,11,85,'Sidebar',2,'0',0,0)
 ,(71,11,84,'Sidebar',3,'0',0,0)
 ,(71,11,97,'Sidebar',4,'0',0,0)
 ,(71,11,112,'Header',0,'1',0,0)
 ,(76,10,120,'Sidebar',0,'0',0,0)
 ,(76,11,10,'Header Nav',0,'0',0,0)
 ,(76,10,119,'Sidebar',1,'0',0,0)
 ,(76,10,149,'Main',1,'0',0,0)
 ,(76,10,147,'Main',2,'0',0,0)
 ,(76,10,150,'Main',0,'1',0,0)
 ,(76,11,103,'Header',0,'0',0,0)
 ,(76,11,120,'Sidebar',0,'0',0,0)
 ,(76,11,152,'Main',2,'1',0,0)
 ,(76,11,119,'Sidebar',1,'0',0,0)
 ,(76,11,149,'Main',1,'0',0,0)
 ,(76,12,10,'Header Nav',0,'0',0,0)
 ,(76,11,151,'Main',0,'1',0,0)
 ,(76,12,103,'Header',0,'0',0,0)
 ,(76,12,120,'Sidebar',0,'0',0,0)
 ,(76,13,10,'Header Nav',0,'0',0,0)
 ,(76,12,119,'Sidebar',1,'0',0,0)
 ,(76,12,149,'Main',1,'0',0,0)
 ,(76,12,154,'Main',0,'1',0,0)
 ,(76,12,153,'Main',2,'1',0,0)
 ,(76,13,103,'Header',0,'0',0,0)
 ,(76,13,120,'Sidebar',0,'0',0,0)
 ,(76,14,10,'Header Nav',0,'0',0,0)
 ,(76,13,119,'Sidebar',1,'0',0,0)
 ,(76,13,149,'Main',1,'0',0,0)
 ,(76,13,153,'Main',2,'0',0,0)
 ,(76,13,155,'Main',0,'1',0,0)
 ,(76,14,103,'Header',0,'0',0,0)
 ,(76,14,120,'Sidebar',0,'0',0,0)
 ,(77,18,1,'Header Nav',0,'0',0,0)
 ,(76,14,119,'Sidebar',1,'0',0,0)
 ,(76,14,149,'Main',1,'0',0,0)
 ,(76,14,153,'Main',2,'0',0,0)
 ,(76,14,156,'Main',0,'1',0,0)
 ,(77,18,69,'Sidebar',0,'0',0,0)
 ,(77,18,105,'Header',0,'0',0,0)
 ,(82,1,12,'Header Nav',0,'0',0,0)
 ,(77,18,70,'Sidebar',1,'0',0,0)
 ,(77,18,129,'Sidebar',2,'0',0,0)
 ,(77,18,130,'Sidebar',3,'0',0,0)
 ,(77,18,73,'Sidebar',4,'0',0,0)
 ,(77,18,157,'Main',0,'1',0,0)
 ,(82,1,13,'Header',0,'0',0,0)
 ,(82,1,14,'Blog Post Header',0,'0',0,0)
 ,(82,1,15,'Main',0,'0',0,0)
 ,(82,1,16,'Blog Post More',0,'0',0,0)
 ,(82,1,18,'Sidebar',0,'0',0,0)
 ,(82,1,40,'Blog Post Footer',0,'0',0,0)
 ,(82,1,17,'Blog Post Footer',1,'0',0,0)
 ,(82,1,23,'Sidebar',1,'0',0,0)
 ,(82,2,12,'Header Nav',0,'0',0,0)
 ,(82,2,13,'Header',0,'0',0,0)
 ,(82,2,14,'Blog Post Header',0,'0',0,0)
 ,(82,2,15,'Main',0,'0',0,0)
 ,(82,2,16,'Blog Post More',0,'0',0,0)
 ,(82,2,18,'Sidebar',0,'0',0,0)
 ,(82,2,40,'Blog Post Footer',0,'0',0,0)
 ,(82,2,17,'Blog Post Footer',1,'0',0,0)
 ,(82,2,23,'Sidebar',1,'0',0,0)
 ,(82,3,12,'Header Nav',0,'0',0,0)
 ,(82,3,13,'Header',0,'0',0,0)
 ,(82,3,14,'Blog Post Header',0,'0',0,0)
 ,(82,3,159,'Main',1,'1',0,0)
 ,(82,3,158,'Main',0,'1',0,0)
 ,(82,3,18,'Sidebar',0,'0',0,0)
 ,(82,3,40,'Blog Post Footer',0,'0',0,0)
 ,(82,3,17,'Blog Post Footer',1,'0',0,0)
 ,(82,3,23,'Sidebar',1,'0',0,0)
 ,(82,4,12,'Header Nav',0,'0',0,0)
 ,(82,4,13,'Header',0,'0',0,0)
 ,(82,4,14,'Blog Post Header',0,'0',0,0)
 ,(82,4,18,'Sidebar',0,'0',0,0)
 ,(82,4,40,'Blog Post Footer',0,'0',0,0)
 ,(82,4,17,'Blog Post Footer',1,'0',0,0)
 ,(82,4,23,'Sidebar',1,'0',0,0)
 ,(82,4,159,'Main',0,'0',0,0)
 ,(82,5,12,'Header Nav',0,'0',0,0)
 ,(82,4,160,'Main',1,'1',0,0)
 ,(82,5,13,'Header',0,'0',0,0)
 ,(82,5,14,'Blog Post Header',0,'0',0,0)
 ,(82,5,18,'Sidebar',0,'0',0,0)
 ,(82,5,40,'Blog Post Footer',0,'0',0,0)
 ,(82,6,12,'Header Nav',0,'0',0,0)
 ,(82,5,17,'Blog Post Footer',1,'0',0,0)
 ,(82,5,23,'Sidebar',1,'0',0,0)
 ,(82,5,160,'Main',1,'0',0,0)
 ,(82,5,161,'Main',0,'1',0,0)
 ,(82,6,13,'Header',0,'0',0,0)
 ,(82,6,14,'Blog Post Header',0,'0',0,0)
 ,(82,6,18,'Sidebar',0,'0',0,0)
 ,(82,6,40,'Blog Post Footer',0,'0',0,0)
 ,(76,15,10,'Header Nav',0,'0',0,0)
 ,(82,6,17,'Blog Post Footer',1,'0',0,0)
 ,(82,6,23,'Sidebar',1,'0',0,0)
 ,(82,6,160,'Main',1,'0',0,0)
 ,(82,6,162,'Main',0,'1',0,0)
 ,(76,15,103,'Header',0,'0',0,0)
 ,(76,15,120,'Sidebar',0,'0',0,0)
 ,(76,15,156,'Main',0,'0',0,0)
 ,(76,15,119,'Sidebar',1,'0',0,0)
 ,(83,1,12,'Header Nav',0,'0',0,0)
 ,(76,15,153,'Main',2,'0',0,0)
 ,(76,15,163,'Main',1,'1',0,0)
 ,(83,1,13,'Header',0,'0',0,0)
 ,(83,1,14,'Blog Post Header',0,'0',0,0)
 ,(83,1,15,'Main',0,'0',0,0)
 ,(83,1,16,'Blog Post More',0,'0',0,0)
 ,(83,1,18,'Sidebar',0,'0',0,0)
 ,(83,1,40,'Blog Post Footer',0,'0',0,0)
 ,(83,1,17,'Blog Post Footer',1,'0',0,0)
 ,(83,1,23,'Sidebar',1,'0',0,0)
 ,(83,2,12,'Header Nav',0,'0',0,0)
 ,(83,2,13,'Header',0,'0',0,0)
 ,(83,2,14,'Blog Post Header',0,'0',0,0)
 ,(83,3,12,'Header Nav',0,'0',0,0)
 ,(83,2,167,'Main',0,'1',0,0)
 ,(83,2,18,'Sidebar',0,'0',0,0)
 ,(83,2,40,'Blog Post Footer',0,'0',0,0)
 ,(83,2,17,'Blog Post Footer',1,'0',0,0)
 ,(83,2,23,'Sidebar',1,'0',0,0)
 ,(83,3,13,'Header',0,'0',0,0)
 ,(83,3,14,'Blog Post Header',0,'0',0,0)
 ,(83,3,18,'Sidebar',0,'0',0,0)
 ,(83,3,40,'Blog Post Footer',0,'0',0,0)
 ,(83,4,12,'Header Nav',0,'0',0,0)
 ,(83,3,17,'Blog Post Footer',1,'0',0,0)
 ,(83,3,23,'Sidebar',1,'0',0,0)
 ,(83,3,168,'Main',0,'1',0,0)
 ,(83,4,13,'Header',0,'0',0,0)
 ,(83,4,14,'Blog Post Header',0,'0',0,0)
 ,(83,4,18,'Sidebar',0,'0',0,0)
 ,(83,4,40,'Blog Post Footer',0,'0',0,0)
 ,(83,5,12,'Header Nav',0,'0',0,0)
 ,(83,4,17,'Blog Post Footer',1,'0',0,0)
 ,(83,4,23,'Sidebar',1,'0',0,0)
 ,(83,4,169,'Main',0,'1',0,0)
 ,(83,5,13,'Header',0,'0',0,0)
 ,(83,5,14,'Blog Post Header',0,'0',0,0)
 ,(83,5,18,'Sidebar',0,'0',0,0)
 ,(83,5,40,'Blog Post Footer',0,'0',0,0)
 ,(83,6,12,'Header Nav',0,'0',0,0)
 ,(83,5,17,'Blog Post Footer',1,'0',0,0)
 ,(83,5,23,'Sidebar',1,'0',0,0)
 ,(83,5,170,'Main',0,'1',0,0)
 ,(83,6,13,'Header',0,'0',0,0)
 ,(83,6,14,'Blog Post Header',0,'0',0,0)
 ,(83,6,18,'Sidebar',0,'0',0,0)
 ,(83,6,40,'Blog Post Footer',0,'0',0,0)
 ,(83,7,12,'Header Nav',0,'0',0,0)
 ,(83,6,17,'Blog Post Footer',1,'0',0,0)
 ,(83,6,23,'Sidebar',1,'0',0,0)
 ,(83,6,171,'Main',0,'1',0,0)
 ,(83,7,13,'Header',0,'0',0,0)
 ,(83,7,14,'Blog Post Header',0,'0',0,0)
 ,(83,7,18,'Sidebar',0,'0',0,0)
 ,(83,7,40,'Blog Post Footer',0,'0',0,0)
 ,(83,8,12,'Header Nav',0,'0',0,0)
 ,(83,7,17,'Blog Post Footer',1,'0',0,0)
 ,(83,7,23,'Sidebar',1,'0',0,0)
 ,(83,7,172,'Main',0,'1',0,0)
 ,(83,8,13,'Header',0,'0',0,0)
 ,(83,8,14,'Blog Post Header',0,'0',0,0)
 ,(83,8,18,'Sidebar',0,'0',0,0)
 ,(83,8,40,'Blog Post Footer',0,'0',0,0)
 ,(83,9,12,'Header Nav',0,'0',0,0)
 ,(83,8,17,'Blog Post Footer',1,'0',0,0)
 ,(83,8,23,'Sidebar',1,'0',0,0)
 ,(83,8,173,'Main',0,'1',0,0)
 ,(83,9,13,'Header',0,'0',0,0)
 ,(83,9,14,'Blog Post Header',0,'0',0,0)
 ,(83,9,18,'Sidebar',0,'0',0,0)
 ,(83,9,40,'Blog Post Footer',0,'0',0,0)
 ,(83,10,12,'Header Nav',0,'0',0,0)
 ,(83,9,17,'Blog Post Footer',1,'0',0,0)
 ,(83,9,23,'Sidebar',1,'0',0,0)
 ,(83,9,174,'Main',0,'1',0,0)
 ,(83,10,13,'Header',0,'0',0,0)
 ,(83,10,14,'Blog Post Header',0,'0',0,0)
 ,(83,10,18,'Sidebar',0,'0',0,0)
 ,(83,10,40,'Blog Post Footer',0,'0',0,0)
 ,(83,11,12,'Header Nav',0,'0',0,0)
 ,(83,10,17,'Blog Post Footer',1,'0',0,0)
 ,(83,10,23,'Sidebar',1,'0',0,0)
 ,(83,10,175,'Main',0,'1',0,0)
 ,(83,11,13,'Header',0,'0',0,0)
 ,(83,11,14,'Blog Post Header',0,'0',0,0)
 ,(83,11,18,'Sidebar',0,'0',0,0)
 ,(83,11,40,'Blog Post Footer',0,'0',0,0)
 ,(83,12,12,'Header Nav',0,'0',0,0)
 ,(83,11,17,'Blog Post Footer',1,'0',0,0)
 ,(83,11,23,'Sidebar',1,'0',0,0)
 ,(83,11,176,'Main',0,'1',0,0)
 ,(83,12,13,'Header',0,'0',0,0)
 ,(83,12,14,'Blog Post Header',0,'0',0,0)
 ,(83,12,18,'Sidebar',0,'0',0,0)
 ,(83,12,40,'Blog Post Footer',0,'0',0,0)
 ,(83,12,17,'Blog Post Footer',1,'0',0,0)
 ,(83,12,23,'Sidebar',1,'0',0,0)
 ,(83,12,177,'Main',0,'1',0,0)
 ,(83,13,23,'Sidebar',1,'0',0,0)
 ,(83,13,17,'Blog Post Footer',1,'0',0,0)
 ,(83,13,177,'Main',0,'0',0,0)
 ,(83,13,40,'Blog Post Footer',0,'0',0,0)
 ,(83,13,12,'Header Nav',0,'0',0,0)
 ,(83,13,13,'Header',0,'0',0,0)
 ,(83,13,14,'Blog Post Header',0,'0',0,0)
 ,(83,13,18,'Sidebar',0,'0',0,0)
 ,(85,1,13,'Header',0,'0',0,0)
 ,(85,1,14,'Blog Post Header',0,'0',0,0)
 ,(85,1,15,'Main',0,'0',0,0)
 ,(85,1,12,'Header Nav',0,'0',0,0)
 ,(85,1,16,'Blog Post More',0,'0',0,0)
 ,(85,1,18,'Sidebar',0,'0',0,0)
 ,(85,1,40,'Blog Post Footer',0,'0',0,0)
 ,(85,1,17,'Blog Post Footer',1,'0',0,0)
 ,(85,1,23,'Sidebar',1,'0',0,0)
 ,(85,2,12,'Header Nav',0,'0',0,0)
 ,(85,2,13,'Header',0,'0',0,0)
 ,(85,2,14,'Blog Post Header',0,'0',0,0)
 ,(85,2,181,'Main',1,'1',0,0)
 ,(85,2,180,'Main',0,'1',0,0)
 ,(85,2,18,'Sidebar',0,'0',0,0)
 ,(85,2,40,'Blog Post Footer',0,'0',0,0)
 ,(85,2,17,'Blog Post Footer',1,'0',0,0)
 ,(85,2,23,'Sidebar',1,'0',0,0)
 ,(85,3,12,'Header Nav',0,'0',0,0)
 ,(85,3,13,'Header',0,'0',0,0)
 ,(85,3,14,'Blog Post Header',0,'0',0,0)
 ,(85,3,18,'Sidebar',0,'0',0,0)
 ,(85,3,40,'Blog Post Footer',0,'0',0,0)
 ,(85,3,180,'Blog Post More',0,'0',0,0)
 ,(85,3,17,'Blog Post Footer',1,'0',0,0)
 ,(85,3,23,'Sidebar',1,'0',0,0)
 ,(85,3,181,'Main',0,'0',0,0)
 ,(85,3,182,'Main',1,'1',0,0)
 ,(85,4,12,'Header Nav',0,'0',0,0)
 ,(85,4,13,'Header',0,'0',0,0)
 ,(85,4,14,'Blog Post Header',0,'0',0,0)
 ,(85,4,181,'Main',0,'0',0,0)
 ,(85,4,18,'Sidebar',0,'0',0,0)
 ,(1,25,1,'Header Nav',0,'0',0,0)
 ,(85,4,40,'Blog Post Footer',0,'0',0,0)
 ,(85,4,23,'Sidebar',1,'0',0,0)
 ,(85,4,17,'Blog Post Footer',1,'0',0,0)
 ,(85,4,182,'Main',1,'0',0,0)
 ,(1,25,64,'Header',0,'0',0,0)
 ,(1,25,74,'Main',0,'0',0,0)
 ,(1,25,114,'Sidebar',0,'0',0,0)
 ,(1,25,117,'Main',1,'0',0,0)
 ,(1,25,141,'Sidebar',1,'0',0,0)
 ,(1,25,124,'Main',2,'0',0,0)
 ,(1,25,125,'Sidebar',2,'0',0,0)
 ,(1,25,126,'Sidebar',3,'0',0,0)
 ,(76,16,10,'Header Nav',0,'0',0,0)
 ,(76,16,103,'Header',0,'0',0,0)
 ,(76,16,120,'Sidebar',0,'0',0,0)
 ,(76,16,156,'Main',0,'0',0,0)
 ,(76,16,119,'Sidebar',1,'0',0,0)
 ,(76,16,163,'Main',1,'0',0,0)
 ,(76,16,153,'Main',2,'0',0,0)
 ,(1,26,1,'Header Nav',0,'0',0,0)
 ,(1,26,64,'Header',0,'0',0,0)
 ,(1,26,74,'Main',0,'0',0,0)
 ,(1,26,114,'Sidebar',0,'0',0,0)
 ,(1,26,117,'Main',1,'0',0,0)
 ,(1,26,141,'Sidebar',1,'0',0,0)
 ,(1,26,124,'Main',2,'0',0,0)
 ,(1,26,125,'Sidebar',2,'0',0,0)
 ,(1,26,126,'Sidebar',3,'0',0,0)
 ,(71,13,1,'Header Nav',0,'0',0,0)
 ,(71,13,83,'Sidebar',0,'0',0,0)
 ,(71,13,112,'Header',0,'0',0,0)
 ,(71,13,115,'Main',0,'0',0,0)
 ,(71,13,110,'Sidebar',1,'0',0,0)
 ,(71,13,85,'Sidebar',2,'0',0,0)
 ,(71,13,84,'Sidebar',3,'0',0,0)
 ,(71,13,97,'Sidebar',4,'0',0,0)
 ,(86,1,1,'Header Nav',0,'0',0,0)
 ,(86,1,2,'Header',0,'0',0,0)
 ,(86,1,3,'Sidebar',0,'0',0,0)
 ,(86,2,1,'Header Nav',0,'0',0,0)
 ,(86,2,2,'Header',0,'0',0,0)
 ,(86,2,3,'Sidebar',0,'0',0,0)
 ,(88,1,2,'Header',0,'0',0,0)
 ,(88,1,1,'Header Nav',0,'0',0,0)
 ,(88,1,3,'Sidebar',0,'0',0,0)
 ,(86,3,1,'Header Nav',0,'0',0,0)
 ,(86,3,2,'Header',0,'0',0,0)
 ,(86,3,3,'Sidebar',0,'0',0,0)
 ,(86,3,183,'Main',0,'1',0,0)
 ,(86,4,2,'Header',0,'0',0,0)
 ,(86,4,1,'Header Nav',0,'0',0,0)
 ,(86,5,1,'Header Nav',0,'0',0,0)
 ,(86,4,183,'Main',0,'0',0,0)
 ,(86,5,2,'Header',0,'0',0,0)
 ,(86,5,183,'Main',0,'0',0,0)
 ,(86,6,1,'Header Nav',0,'0',0,0)
 ,(86,6,2,'Header',0,'0',0,0)
 ,(86,6,183,'Main',0,'0',0,0)
 ,(88,2,1,'Header Nav',0,'0',0,0)
 ,(88,2,2,'Header',0,'0',0,0)
 ,(88,2,3,'Sidebar',0,'0',0,0)
 ,(88,2,184,'Main',0,'1',0,0)
 ,(88,2,185,'Main',1,'1',0,0)
 ,(88,2,187,'Main',2,'1',0,0)
 ,(88,2,188,'Main',3,'1',0,1)
 ,(88,3,1,'Header Nav',0,'0',0,0)
 ,(88,3,2,'Header',0,'0',0,0)
 ,(88,3,190,'Sidebar',0,'1',0,0)
 ,(88,3,184,'Main',0,'0',0,0)
 ,(88,3,185,'Main',1,'0',0,0)
 ,(88,3,191,'Sidebar',1,'1',0,0)
 ,(88,3,189,'Main',2,'1',0,0)
 ,(88,3,192,'Sidebar',2,'1',0,0)
 ,(89,1,1,'Header Nav',0,'0',0,0)
 ,(89,1,2,'Header',0,'0',0,0)
 ,(89,1,3,'Sidebar',0,'0',0,0)
 ,(89,2,1,'Header Nav',0,'0',0,0)
 ,(89,2,2,'Header',0,'0',0,0)
 ,(86,7,1,'Header Nav',0,'0',0,0)
 ,(86,7,2,'Header',0,'0',0,0)
 ,(89,3,1,'Header Nav',0,'0',0,0)
 ,(86,7,193,'Main',0,'1',0,0)
 ,(89,3,2,'Header',0,'0',0,0)
 ,(89,3,194,'Sidebar',0,'1',0,0)
 ,(89,3,195,'Main',0,'1',0,0)
 ,(89,3,196,'Main',1,'1',0,0)
 ,(89,4,1,'Header Nav',0,'0',0,0)
 ,(89,4,2,'Header',0,'0',0,0)
 ,(89,4,194,'Sidebar',0,'0',0,0)
 ,(89,4,195,'Main',0,'0',0,0)
 ,(1,27,1,'Header Nav',0,'0',0,0)
 ,(89,4,197,'Main',1,'1',0,0)
 ,(1,27,64,'Header',0,'0',0,0)
 ,(1,27,74,'Main',0,'0',0,0)
 ,(1,27,114,'Sidebar',0,'0',0,0)
 ,(89,5,1,'Header Nav',0,'0',0,0)
 ,(1,27,141,'Sidebar',1,'0',0,0)
 ,(1,27,124,'Main',2,'0',0,0)
 ,(1,27,125,'Sidebar',2,'0',0,0)
 ,(1,27,126,'Sidebar',3,'0',0,0)
 ,(1,27,198,'Main',1,'1',0,0)
 ,(89,5,2,'Header',0,'0',0,0)
 ,(89,5,194,'Sidebar',0,'0',0,0)
 ,(89,5,200,'Main',2,'1',0,0)
 ,(89,5,197,'Main',1,'0',0,0)
 ,(89,5,199,'Main',0,'1',0,0)
 ,(89,6,1,'Header Nav',0,'0',0,0)
 ,(89,6,2,'Header',0,'0',0,0)
 ,(89,6,194,'Sidebar',0,'0',0,0)
 ,(89,7,1,'Header Nav',0,'0',0,0)
 ,(89,6,197,'Main',1,'0',0,0)
 ,(89,6,202,'Main',4,'1',0,1)
 ,(89,6,201,'Main',2,'1',0,0)
 ,(89,6,203,'Main',0,'1',0,0)
 ,(89,7,2,'Header',0,'0',0,0)
 ,(89,7,194,'Sidebar',0,'0',0,0)
 ,(89,7,203,'Main',0,'0',0,0)
 ,(89,7,197,'Main',1,'0',0,0)
 ,(89,7,205,'Main',3,'1',0,0)
 ,(89,7,204,'Main',2,'1',0,0)
 ,(89,8,1,'Header Nav',0,'0',0,0)
 ,(89,8,2,'Header',0,'0',0,0)
 ,(89,8,194,'Sidebar',0,'0',0,0)
 ,(89,9,1,'Header Nav',0,'0',0,0)
 ,(89,8,197,'Main',1,'0',0,0)
 ,(89,8,204,'Main',2,'0',0,0)
 ,(89,8,205,'Main',3,'0',0,0)
 ,(89,8,206,'Main',0,'1',0,0)
 ,(89,9,2,'Header',0,'0',0,0)
 ,(89,9,194,'Sidebar',0,'0',0,0)
 ,(89,9,206,'Main',0,'0',0,0)
 ,(89,9,197,'Main',1,'0',0,0)
 ,(89,9,204,'Main',2,'0',0,0)
 ,(89,9,205,'Main',3,'0',0,0)
 ,(89,9,207,'Sidebar',1,'1',0,0)
 ,(89,10,1,'Header Nav',0,'0',0,0)
 ,(89,10,2,'Header',0,'0',0,0)
 ,(89,10,194,'Sidebar',0,'0',0,0)
 ,(89,10,206,'Main',0,'0',0,0)
 ,(89,10,197,'Main',1,'0',0,0)
 ,(89,11,1,'Header Nav',0,'0',0,0)
 ,(89,10,204,'Main',2,'0',0,0)
 ,(89,10,205,'Main',3,'0',0,0)
 ,(89,10,208,'Sidebar',1,'1',0,0)
 ,(89,11,2,'Header',0,'0',0,0)
 ,(89,11,194,'Sidebar',0,'0',0,0)
 ,(89,11,206,'Main',0,'0',0,0)
 ,(89,11,197,'Main',1,'0',0,0)
 ,(89,12,1,'Header Nav',0,'0',0,0)
 ,(89,11,204,'Main',2,'0',0,0)
 ,(89,11,205,'Main',3,'0',0,0)
 ,(89,11,209,'Sidebar',1,'1',0,0)
 ,(89,12,2,'Header',0,'0',0,0)
 ,(89,12,194,'Sidebar',0,'0',0,0)
 ,(89,12,206,'Main',0,'0',0,0)
 ,(89,12,197,'Main',1,'0',0,0)
 ,(89,13,1,'Header Nav',0,'0',0,0)
 ,(89,12,204,'Main',2,'0',0,0)
 ,(89,12,205,'Main',3,'0',0,0)
 ,(89,12,210,'Sidebar',1,'1',0,0)
 ,(89,13,2,'Header',0,'0',0,0)
 ,(89,13,194,'Sidebar',0,'0',0,0)
 ,(89,13,206,'Main',0,'0',0,0)
 ,(89,13,197,'Main',1,'0',0,0)
 ,(89,14,1,'Header Nav',0,'0',0,0)
 ,(89,13,204,'Main',2,'0',0,0)
 ,(89,13,205,'Main',3,'0',0,0)
 ,(89,13,211,'Sidebar',1,'1',0,0)
 ,(89,14,2,'Header',0,'0',0,0)
 ,(89,14,194,'Sidebar',0,'0',0,0)
 ,(89,14,206,'Main',0,'0',0,0)
 ,(89,14,197,'Main',1,'0',0,0)
 ,(89,15,1,'Header Nav',0,'0',0,0)
 ,(89,14,204,'Main',2,'0',0,0)
 ,(89,14,205,'Main',3,'0',0,0)
 ,(89,14,212,'Sidebar',1,'1',0,0)
 ,(89,15,2,'Header',0,'0',0,0)
 ,(90,1,10,'Header Nav',0,'0',0,0)
 ,(89,15,206,'Main',0,'0',0,0)
 ,(89,15,197,'Main',1,'0',0,0)
 ,(89,15,212,'Sidebar',1,'0',0,0)
 ,(89,15,204,'Main',2,'0',0,0)
 ,(89,15,205,'Main',3,'0',0,0)
 ,(89,15,213,'Sidebar',0,'1',0,0)
 ,(90,1,11,'Header',0,'0',0,0)
 ,(90,2,10,'Header Nav',0,'0',0,0)
 ,(90,2,11,'Header',0,'0',0,0)
 ,(90,3,10,'Header Nav',0,'0',0,0)
 ,(90,3,11,'Header',0,'0',0,0)
 ,(90,3,214,'Main',0,'1',0,0)
 ,(90,4,10,'Header Nav',0,'0',0,0)
 ,(90,4,11,'Header',0,'0',0,0)
 ,(90,4,214,'Main',0,'0',0,0)
 ,(90,4,215,'Main',1,'1',0,0)
 ,(90,5,10,'Header Nav',0,'0',0,0)
 ,(90,5,11,'Header',0,'0',0,0)
 ,(90,5,217,'Main',2,'1',0,1)
 ,(90,5,216,'Main',0,'1',0,0)
 ,(90,5,218,'Sidebar',0,'1',0,0)
 ,(90,6,10,'Header Nav',0,'0',0,0)
 ,(90,6,11,'Header',0,'0',0,0)
 ,(90,7,10,'Header Nav',0,'0',0,0)
 ,(90,6,218,'Sidebar',0,'0',0,0)
 ,(90,6,219,'Main',0,'1',0,0)
 ,(90,7,11,'Header',0,'0',0,0)
 ,(90,7,218,'Sidebar',0,'0',0,0)
 ,(90,8,10,'Header Nav',0,'0',0,0)
 ,(90,7,220,'Main',0,'1',0,0)
 ,(90,8,11,'Header',0,'0',0,0)
 ,(90,8,218,'Sidebar',0,'0',0,0)
 ,(89,16,1,'Header Nav',0,'0',0,0)
 ,(90,8,221,'Main',0,'1',0,0)
 ,(89,16,2,'Header',0,'0',0,0)
 ,(89,16,223,'Main',3,'1',0,0)
 ,(89,16,213,'Sidebar',0,'0',0,0)
 ,(89,16,197,'Main',1,'0',0,0)
 ,(89,16,212,'Sidebar',1,'0',0,0)
 ,(89,16,204,'Main',2,'0',0,0)
 ,(89,17,1,'Header Nav',0,'0',0,0)
 ,(89,16,222,'Main',0,'1',0,0)
 ,(89,17,2,'Header',0,'0',0,0)
 ,(89,17,213,'Sidebar',0,'0',0,0)
 ,(89,17,222,'Main',0,'0',0,0)
 ,(89,17,197,'Main',1,'0',0,0)
 ,(89,17,212,'Sidebar',1,'0',0,0)
 ,(89,17,204,'Main',2,'0',0,0)
 ,(89,18,1,'Header Nav',0,'0',0,0)
 ,(89,17,224,'Main',3,'1',0,0)
 ,(89,18,2,'Header',0,'0',0,0)
 ,(89,18,213,'Sidebar',0,'0',0,0)
 ,(89,19,1,'Header Nav',0,'0',0,0)
 ,(89,18,197,'Main',1,'0',0,0)
 ,(89,18,212,'Sidebar',1,'0',0,0)
 ,(89,18,204,'Main',2,'0',0,0)
 ,(89,18,224,'Main',3,'0',0,0)
 ,(89,18,225,'Main',0,'1',0,0)
 ,(89,19,2,'Header',0,'0',0,0)
 ,(89,19,213,'Sidebar',0,'0',0,0)
 ,(90,9,10,'Header Nav',0,'0',0,0)
 ,(89,19,197,'Main',1,'0',0,0)
 ,(89,19,212,'Sidebar',1,'0',0,0)
 ,(89,19,204,'Main',2,'0',0,0)
 ,(89,19,224,'Main',3,'0',0,0)
 ,(89,19,226,'Main',0,'1',0,0)
 ,(90,9,11,'Header',0,'0',0,0)
 ,(90,9,218,'Sidebar',0,'0',0,0)
 ,(90,10,10,'Header Nav',0,'0',0,0)
 ,(90,9,227,'Main',0,'1',0,0)
 ,(90,10,11,'Header',0,'0',0,0)
 ,(90,10,218,'Sidebar',0,'0',0,0)
 ,(90,10,227,'Main',0,'0',0,0)
 ,(89,20,1,'Header Nav',0,'0',0,0)
 ,(89,20,2,'Header',0,'0',0,0)
 ,(86,8,1,'Header Nav',0,'0',0,0)
 ,(89,20,226,'Main',0,'0',0,0)
 ,(89,20,197,'Main',1,'0',0,0)
 ,(89,20,212,'Sidebar',1,'0',0,0)
 ,(89,20,204,'Main',2,'0',0,0)
 ,(89,20,224,'Main',3,'0',0,0)
 ,(89,20,228,'Sidebar',0,'1',0,0)
 ,(86,8,2,'Header',0,'0',0,0)
 ,(86,8,193,'Main',1,'0',0,0)
 ,(86,8,229,'Main',0,'1',0,0)
 ,(86,8,230,'Sidebar',0,'1',0,0)
 ,(86,9,1,'Header Nav',0,'0',0,0)
 ,(86,9,2,'Header',0,'0',0,0)
 ,(86,9,229,'Main',0,'0',0,0)
 ,(86,9,230,'Sidebar',0,'0',0,0)
 ,(86,9,193,'Main',1,'0',0,0)
 ,(86,9,231,'Sidebar',1,'1',0,0)
 ,(86,9,232,'Sidebar',2,'1',0,0)
 ,(86,10,1,'Header Nav',0,'0',0,0)
 ,(86,10,2,'Header',0,'0',0,0)
 ,(86,10,229,'Main',0,'0',0,0)
 ,(86,10,230,'Sidebar',0,'0',0,0)
 ,(86,10,193,'Main',1,'0',0,0)
 ,(86,10,231,'Sidebar',1,'0',0,0)
 ,(86,11,1,'Header Nav',0,'0',0,0)
 ,(86,10,233,'Sidebar',2,'1',0,0)
 ,(86,11,2,'Header',0,'0',0,0)
 ,(86,11,229,'Main',0,'0',0,0)
 ,(86,11,230,'Sidebar',0,'0',0,0)
 ,(86,11,193,'Main',1,'0',0,0)
 ,(86,12,1,'Header Nav',0,'0',0,0)
 ,(86,11,233,'Sidebar',2,'0',0,0)
 ,(86,11,234,'Sidebar',1,'1',0,0)
 ,(86,12,2,'Header',0,'0',0,0)
 ,(86,12,229,'Main',0,'0',0,0)
 ,(86,12,230,'Sidebar',0,'0',0,0)
 ,(86,12,193,'Main',1,'0',0,0)
 ,(86,12,234,'Sidebar',1,'0',0,0)
 ,(86,13,1,'Header Nav',0,'0',0,0)
 ,(86,12,235,'Sidebar',2,'1',0,0)
 ,(86,13,2,'Header',0,'0',0,0)
 ,(86,13,229,'Main',0,'0',0,0)
 ,(86,13,230,'Sidebar',0,'0',0,0)
 ,(86,13,193,'Main',1,'0',0,0)
 ,(91,1,12,'Header Nav',0,'0',0,0)
 ,(86,13,235,'Sidebar',2,'0',0,0)
 ,(91,1,13,'Header',0,'0',0,0)
 ,(91,1,14,'Blog Post Header',0,'0',0,0)
 ,(91,1,15,'Main',0,'0',0,0)
 ,(91,1,16,'Blog Post More',0,'0',0,0)
 ,(91,1,18,'Sidebar',0,'0',0,0)
 ,(91,1,40,'Blog Post Footer',0,'0',0,0)
 ,(91,1,17,'Blog Post Footer',1,'0',0,0)
 ,(91,1,23,'Sidebar',1,'0',0,0)
 ,(91,2,12,'Header Nav',0,'0',0,0)
 ,(91,2,13,'Header',0,'0',0,0)
 ,(91,2,14,'Blog Post Header',0,'0',0,0)
 ,(92,1,1,'Header Nav',0,'0',0,0)
 ,(91,2,236,'Main',0,'1',0,0)
 ,(91,2,18,'Sidebar',0,'0',0,0)
 ,(91,2,40,'Blog Post Footer',0,'0',0,0)
 ,(91,2,17,'Blog Post Footer',1,'0',0,0)
 ,(91,2,23,'Sidebar',1,'0',0,0)
 ,(92,1,2,'Header',0,'0',0,0)
 ,(92,1,3,'Sidebar',0,'0',0,0)
 ,(92,2,1,'Header Nav',0,'0',0,0)
 ,(92,2,2,'Header',0,'0',0,0)
 ,(92,2,3,'Sidebar',0,'0',0,0)
 ,(92,2,237,'Main',1,'1',0,0)
 ,(92,2,238,'Main',0,'1',0,0)
 ,(92,2,239,'Main',2,'1',0,0)
 ,(92,2,240,'Main',3,'1',0,0)
 ,(92,2,241,'Sidebar',1,'1',0,0)
 ,(92,3,1,'Header Nav',0,'0',0,0)
 ,(92,3,2,'Header',0,'0',0,0)
 ,(92,3,3,'Sidebar',0,'0',0,0)
 ,(92,3,238,'Main',0,'0',0,0)
 ,(92,3,237,'Main',1,'0',0,0)
 ,(92,3,241,'Sidebar',1,'0',0,0)
 ,(92,3,239,'Main',2,'0',0,0)
 ,(92,3,240,'Main',3,'0',0,0)
 ,(92,4,1,'Header Nav',0,'0',0,0)
 ,(92,4,2,'Header',0,'0',0,0)
 ,(92,4,3,'Sidebar',0,'0',0,0)
 ,(92,4,238,'Main',0,'0',0,0)
 ,(92,5,1,'Header Nav',0,'0',0,0)
 ,(92,4,241,'Sidebar',1,'0',0,0)
 ,(92,4,239,'Main',2,'0',0,0)
 ,(92,4,240,'Main',3,'0',0,0)
 ,(92,4,242,'Main',1,'1',0,0)
 ,(92,5,2,'Header',0,'0',0,0)
 ,(92,6,1,'Header Nav',0,'0',0,0)
 ,(92,5,238,'Main',0,'0',0,0)
 ,(92,5,241,'Sidebar',1,'0',0,0)
 ,(92,5,242,'Main',1,'0',0,0)
 ,(92,5,239,'Main',2,'0',0,0)
 ,(92,5,240,'Main',3,'0',0,0)
 ,(92,6,2,'Header',0,'0',0,0)
 ,(92,6,238,'Main',0,'0',0,0)
 ,(92,6,241,'Sidebar',0,'0',0,0)
 ,(92,6,242,'Main',1,'0',0,0)
 ,(76,17,10,'Header Nav',0,'0',0,0)
 ,(92,6,240,'Main',3,'0',0,0)
 ,(92,6,243,'Main',2,'1',0,0)
 ,(76,17,103,'Header',0,'0',0,0)
 ,(76,17,120,'Sidebar',0,'0',0,0)
 ,(77,19,1,'Header Nav',0,'0',0,0)
 ,(76,17,119,'Sidebar',1,'0',0,0)
 ,(76,17,163,'Main',1,'0',0,0)
 ,(76,17,153,'Main',2,'0',0,0)
 ,(76,17,244,'Main',0,'1',0,0)
 ,(77,19,69,'Sidebar',0,'0',0,0)
 ,(77,19,105,'Header',0,'0',0,0)
 ,(77,19,157,'Main',0,'0',0,0)
 ,(77,19,70,'Sidebar',1,'0',0,0)
 ,(77,19,129,'Sidebar',3,'0',0,0)
 ,(77,19,130,'Sidebar',4,'0',0,0)
 ,(77,19,73,'Sidebar',5,'0',0,0)
 ,(77,19,245,'Sidebar',2,'1',0,0)
 ,(76,18,10,'Header Nav',0,'0',0,0)
 ,(76,18,103,'Header',0,'0',0,0)
 ,(76,18,120,'Sidebar',0,'0',0,0)
 ,(76,19,10,'Header Nav',0,'0',0,0)
 ,(76,18,119,'Sidebar',1,'0',0,0)
 ,(76,18,163,'Main',1,'0',0,0)
 ,(76,18,153,'Main',2,'0',0,0)
 ,(76,18,246,'Main',0,'1',0,0)
 ,(76,19,103,'Header',0,'0',0,0)
 ,(76,19,120,'Sidebar',0,'0',0,0)
 ,(76,19,246,'Main',0,'0',0,0)
 ,(76,19,119,'Sidebar',1,'0',0,0)
 ,(76,19,163,'Main',1,'0',0,0)
 ,(76,19,153,'Main',2,'0',0,0)
 ,(96,20,1,'Header Nav',0,'0',0,0)
 ,(96,19,264,'Main',2,'0',0,0)
 ,(96,20,2,'Header',0,'0',0,0)
 ,(96,20,271,'Sidebar',0,'0',0,0)
 ,(96,20,269,'Main',0,'0',0,0)
 ,(96,19,269,'Main',0,'0',0,0)
 ,(96,19,2,'Header',0,'0',0,0)
 ,(96,19,1,'Header Nav',0,'0',0,0)
 ,(96,19,271,'Sidebar',0,'0',0,0)
 ,(96,19,272,'Sidebar',1,'0',0,0)
 ,(96,19,260,'Main',1,'0',0,0)
 ,(76,20,10,'Header Nav',0,'0',0,0)
 ,(76,20,103,'Header',0,'0',0,0)
 ,(76,20,120,'Sidebar',0,'0',0,0)
 ,(76,20,246,'Main',0,'0',0,0)
 ,(76,20,119,'Sidebar',1,'0',0,0)
 ,(76,20,163,'Main',1,'0',0,0)
 ,(76,20,153,'Main',2,'0',0,0)
 ,(76,21,10,'Header Nav',0,'0',0,0)
 ,(76,21,103,'Header',0,'0',0,0)
 ,(76,21,120,'Sidebar',0,'0',0,0)
 ,(76,21,246,'Main',0,'0',0,0)
 ,(76,21,119,'Sidebar',1,'0',0,0)
 ,(76,21,163,'Main',1,'0',0,0)
 ,(76,21,153,'Main',2,'0',0,0)
 ,(96,20,272,'Sidebar',1,'0',0,0)
 ,(96,20,260,'Main',1,'0',0,0)
 ,(76,22,10,'Header Nav',0,'0',0,0)
 ,(76,22,103,'Header',0,'0',0,0)
 ,(76,22,120,'Sidebar',0,'0',0,0)
 ,(76,22,246,'Main',0,'0',0,0)
 ,(76,22,119,'Sidebar',1,'0',0,0)
 ,(76,22,163,'Main',1,'0',0,0)
 ,(76,22,153,'Main',2,'0',0,0)
 ,(76,23,10,'Header Nav',0,'0',0,0)
 ,(76,23,103,'Header',0,'0',0,0)
 ,(76,23,120,'Sidebar',0,'0',0,0)
 ,(76,23,246,'Main',0,'0',0,0)
 ,(76,23,119,'Sidebar',1,'0',0,0)
 ,(76,23,163,'Main',1,'0',0,0)
 ,(76,23,153,'Main',2,'0',0,0)
 ,(96,21,1,'Header Nav',0,'0',0,0)
 ,(96,20,264,'Main',2,'0',0,0)
 ,(76,24,10,'Header Nav',0,'0',0,0)
 ,(76,24,103,'Header',0,'0',0,0)
 ,(76,24,120,'Sidebar',0,'0',0,0)
 ,(76,24,246,'Main',0,'0',0,0)
 ,(76,24,119,'Sidebar',1,'0',0,0)
 ,(76,24,163,'Main',1,'0',0,0)
 ,(76,24,153,'Main',2,'0',0,0)
 ,(96,21,269,'Main',0,'0',0,0)
 ,(96,21,2,'Header',0,'0',0,0)
 ,(76,25,10,'Header Nav',0,'0',0,0)
 ,(76,25,103,'Header',0,'0',0,0)
 ,(76,25,120,'Sidebar',0,'0',0,0)
 ,(76,25,246,'Main',0,'0',0,0)
 ,(76,25,119,'Sidebar',1,'0',0,0)
 ,(76,25,163,'Main',1,'0',0,0)
 ,(76,25,153,'Main',2,'0',0,0)
 ,(76,26,10,'Header Nav',0,'0',0,0)
 ,(76,26,103,'Header',0,'0',0,0)
 ,(76,26,120,'Sidebar',0,'0',0,0)
 ,(76,26,246,'Main',0,'0',0,0)
 ,(76,26,119,'Sidebar',1,'0',0,0)
 ,(76,26,163,'Main',1,'0',0,0)
 ,(76,26,153,'Main',2,'0',0,0)
 ,(96,21,260,'Main',1,'0',0,0)
 ,(96,21,271,'Sidebar',0,'0',0,0)
 ,(77,20,1,'Header Nav',0,'0',0,0)
 ,(77,20,69,'Sidebar',0,'0',0,0)
 ,(77,20,105,'Header',0,'0',0,0)
 ,(77,20,157,'Main',0,'0',0,0)
 ,(77,20,70,'Sidebar',1,'0',0,0)
 ,(77,20,245,'Sidebar',2,'0',0,0)
 ,(77,20,129,'Sidebar',3,'0',0,0)
 ,(77,20,130,'Sidebar',4,'0',0,0)
 ,(77,20,73,'Sidebar',5,'0',0,0)
 ,(76,27,10,'Header Nav',0,'0',0,0)
 ,(76,27,103,'Header',0,'0',0,0)
 ,(76,27,120,'Sidebar',0,'0',0,0)
 ,(76,27,246,'Main',0,'0',0,0)
 ,(76,27,119,'Sidebar',1,'0',0,0)
 ,(76,27,163,'Main',1,'0',0,0)
 ,(76,27,153,'Main',2,'0',0,0)
 ,(96,21,272,'Sidebar',1,'0',0,0)
 ,(76,28,10,'Header Nav',0,'0',0,0)
 ,(76,28,103,'Header',0,'0',0,0)
 ,(76,28,120,'Sidebar',0,'0',0,0)
 ,(76,28,246,'Main',0,'0',0,0)
 ,(76,28,119,'Sidebar',1,'0',0,0)
 ,(76,28,163,'Main',1,'0',0,0)
 ,(76,28,153,'Main',2,'0',0,0)
 ,(96,22,1,'Header Nav',0,'0',0,0)
 ,(96,21,264,'Main',2,'0',0,0)
 ,(76,29,10,'Header Nav',0,'0',0,0)
 ,(76,29,103,'Header',0,'0',0,0)
 ,(76,29,120,'Sidebar',0,'0',0,0)
 ,(76,29,246,'Main',0,'0',0,0)
 ,(76,29,119,'Sidebar',1,'0',0,0)
 ,(76,29,163,'Main',1,'0',0,0)
 ,(76,29,153,'Main',2,'0',0,0)
 ,(96,22,271,'Sidebar',0,'0',0,0)
 ,(96,22,269,'Main',0,'0',0,0)
 ,(96,22,2,'Header',0,'0',0,0)
 ,(96,22,272,'Sidebar',1,'0',0,0)
 ,(96,22,260,'Main',1,'0',0,0)
 ,(98,4,1,'Header Nav',0,'0',0,0)
 ,(96,22,264,'Main',2,'0',0,0)
 ,(98,4,273,'Main',0,'0',0,0)
 ,(98,4,2,'Header',0,'0',0,0)
 ,(98,4,275,'Sidebar',0,'0',0,0)
 ,(76,30,246,'Main',0,'0',0,0)
 ,(76,30,120,'Sidebar',0,'0',0,0)
 ,(76,30,103,'Header',0,'0',0,0)
 ,(76,30,119,'Sidebar',1,'0',0,0)
 ,(76,30,10,'Header Nav',0,'0',0,0)
 ,(76,30,163,'Main',1,'0',0,0)
 ,(76,30,153,'Main',2,'0',0,0)
 ,(76,31,10,'Header Nav',0,'0',0,0)
 ,(76,31,103,'Header',0,'0',0,0)
 ,(76,31,120,'Sidebar',0,'0',0,0)
 ,(76,31,246,'Main',0,'0',0,0)
 ,(76,31,119,'Sidebar',1,'0',0,0)
 ,(76,31,163,'Main',1,'0',0,0)
 ,(76,31,153,'Main',2,'0',0,0)
 ,(96,1,3,'Sidebar',0,'0',0,0)
 ,(96,1,2,'Header',0,'0',0,0)
 ,(96,1,1,'Header Nav',0,'0',0,0)
 ,(96,2,1,'Header Nav',0,'0',0,0)
 ,(96,2,2,'Header',0,'0',0,0)
 ,(96,2,3,'Sidebar',0,'0',0,0)
 ,(76,32,10,'Header Nav',0,'0',0,0)
 ,(76,32,103,'Header',0,'0',0,0)
 ,(76,32,120,'Sidebar',0,'0',0,0)
 ,(76,32,246,'Main',0,'0',0,0)
 ,(76,32,119,'Sidebar',1,'0',0,0)
 ,(76,32,163,'Main',1,'0',0,0)
 ,(76,32,153,'Main',2,'0',0,0)
 ,(96,3,1,'Header Nav',0,'0',0,0)
 ,(96,3,2,'Header',0,'0',0,0)
 ,(96,3,254,'Main',0,'1',0,0)
 ,(96,4,1,'Header Nav',0,'0',0,0)
 ,(96,4,2,'Header',0,'0',0,0)
 ,(96,4,257,'Main',2,'1',0,0)
 ,(96,4,255,'Main',1,'1',0,0)
 ,(96,4,256,'Main',0,'1',0,0)
 ,(75,9,1,'Header Nav',0,'0',0,0)
 ,(75,9,75,'Header',0,'0',0,0)
 ,(75,9,78,'Main',0,'0',0,0)
 ,(75,9,134,'Sidebar',0,'0',0,0)
 ,(75,9,76,'Main',1,'0',0,0)
 ,(75,9,133,'Sidebar',1,'0',0,0)
 ,(75,9,77,'Main',2,'0',0,0)
 ,(75,9,132,'Sidebar',2,'0',0,0)
 ,(75,9,140,'Sidebar',3,'0',0,0)
 ,(96,5,1,'Header Nav',0,'0',0,0)
 ,(96,5,2,'Header',0,'0',0,0)
 ,(96,5,256,'Main',0,'0',0,0)
 ,(96,5,255,'Main',1,'0',0,0)
 ,(96,5,257,'Main',2,'0',0,0)
 ,(96,9,1,'Header Nav',0,'0',0,0)
 ,(96,8,2,'Header',0,'0',0,0)
 ,(96,8,1,'Header Nav',0,'0',0,0)
 ,(96,8,260,'Main',1,'1',0,0)
 ,(96,8,261,'Main',0,'1',0,0)
 ,(96,9,2,'Header',0,'0',0,0)
 ,(96,9,264,'Main',2,'1',0,0)
 ,(96,6,1,'Header Nav',0,'0',0,0)
 ,(96,6,2,'Header',0,'0',0,0)
 ,(96,6,256,'Main',0,'0',0,0)
 ,(96,7,1,'Header Nav',0,'0',0,0)
 ,(96,6,257,'Main',2,'0',0,0)
 ,(96,6,259,'Main',1,'1',0,0)
 ,(96,7,2,'Header',0,'0',0,0)
 ,(96,7,256,'Main',0,'0',0,0)
 ,(96,9,260,'Main',1,'0',0,0)
 ,(96,7,257,'Main',2,'0',0,0)
 ,(96,9,262,'Main',0,'1',0,0)
 ,(96,10,1,'Header Nav',0,'0',0,0)
 ,(96,10,2,'Header',0,'0',0,0)
 ,(96,10,262,'Main',0,'0',0,0)
 ,(96,10,260,'Main',1,'0',0,0)
 ,(96,10,264,'Main',2,'0',0,0)
 ,(96,10,265,'Sidebar',0,'1',0,0)
 ,(96,11,1,'Header Nav',0,'0',0,0)
 ,(96,11,2,'Header',0,'0',0,0)
 ,(96,11,262,'Main',0,'0',0,0)
 ,(96,11,260,'Main',1,'0',0,0)
 ,(96,11,264,'Main',2,'0',0,0)
 ,(96,12,1,'Header Nav',0,'0',0,0)
 ,(96,12,2,'Header',0,'0',0,0)
 ,(96,12,262,'Main',0,'0',0,0)
 ,(96,12,260,'Main',1,'0',0,0)
 ,(96,12,264,'Main',2,'0',0,0)
 ,(96,12,267,'Sidebar',0,'1',0,0)
 ,(96,13,1,'Header Nav',0,'0',0,0)
 ,(96,13,2,'Header',0,'0',0,0)
 ,(96,14,1,'Header Nav',0,'0',0,0)
 ,(96,13,267,'Sidebar',0,'0',0,0)
 ,(96,13,260,'Main',1,'0',0,0)
 ,(96,13,264,'Main',2,'0',0,0)
 ,(96,13,268,'Main',0,'1',0,0)
 ,(96,14,2,'Header',0,'0',0,0)
 ,(96,14,267,'Sidebar',0,'0',0,0)
 ,(1,28,1,'Header Nav',0,'0',0,0)
 ,(96,14,260,'Main',1,'0',0,0)
 ,(96,14,264,'Main',2,'0',0,0)
 ,(96,14,269,'Main',0,'1',0,0)
 ,(1,28,64,'Header',0,'0',0,0)
 ,(1,28,74,'Main',0,'0',0,0)
 ,(1,28,114,'Sidebar',0,'0',0,0)
 ,(96,15,1,'Header Nav',0,'0',0,0)
 ,(1,28,198,'Main',1,'0',0,0)
 ,(1,28,124,'Main',2,'0',0,0)
 ,(1,28,125,'Sidebar',3,'0',0,0)
 ,(1,28,126,'Sidebar',4,'0',0,0)
 ,(1,28,270,'Sidebar',2,'1',0,0)
 ,(96,15,2,'Header',0,'0',0,0)
 ,(96,15,272,'Sidebar',1,'1',0,0)
 ,(96,15,269,'Main',0,'0',0,0)
 ,(96,15,260,'Main',1,'0',0,0)
 ,(96,15,264,'Main',2,'0',0,0)
 ,(96,15,271,'Sidebar',0,'1',0,0)
 ,(96,16,272,'Sidebar',1,'0',0,0)
 ,(96,16,260,'Main',1,'0',0,0)
 ,(96,16,271,'Sidebar',0,'0',0,0)
 ,(96,16,2,'Header',0,'0',0,0)
 ,(96,16,1,'Header Nav',0,'0',0,0)
 ,(96,16,269,'Main',0,'0',0,0)
 ,(96,16,264,'Main',2,'0',0,0)
 ,(76,33,10,'Header Nav',0,'0',0,0)
 ,(76,33,103,'Header',0,'0',0,0)
 ,(76,33,120,'Sidebar',0,'0',0,0)
 ,(76,33,246,'Main',0,'0',0,0)
 ,(76,33,119,'Sidebar',1,'0',0,0)
 ,(76,33,163,'Main',1,'0',0,0)
 ,(76,33,153,'Main',2,'0',0,0)
 ,(96,17,1,'Header Nav',0,'0',0,0)
 ,(96,17,2,'Header',0,'0',0,0)
 ,(96,17,269,'Main',0,'0',0,0)
 ,(96,17,271,'Sidebar',0,'0',0,0)
 ,(96,17,260,'Main',1,'0',0,0)
 ,(96,17,272,'Sidebar',1,'0',0,0)
 ,(96,17,264,'Main',2,'0',0,0)
 ,(98,1,1,'Header Nav',0,'0',0,0)
 ,(98,1,2,'Header',0,'0',0,0)
 ,(98,1,3,'Sidebar',0,'0',0,0)
 ,(98,2,1,'Header Nav',0,'0',0,0)
 ,(98,2,2,'Header',0,'0',0,0)
 ,(98,2,273,'Main',0,'1',0,0)
 ,(98,2,274,'Main',1,'1',0,0)
 ,(98,2,275,'Sidebar',0,'1',0,0)
 ,(98,2,276,'Sidebar',1,'1',0,0)
 ,(98,2,277,'Sidebar',2,'1',0,0)
 ,(96,18,1,'Header Nav',0,'0',0,0)
 ,(96,18,2,'Header',0,'0',0,0)
 ,(96,18,269,'Main',0,'0',0,0)
 ,(96,18,271,'Sidebar',0,'0',0,0)
 ,(96,18,260,'Main',1,'0',0,0)
 ,(96,18,272,'Sidebar',1,'0',0,0)
 ,(96,18,264,'Main',2,'0',0,0)
 ,(98,3,1,'Header Nav',0,'0',0,0)
 ,(98,3,2,'Header',0,'0',0,0)
 ,(98,3,273,'Main',0,'0',0,0)
 ,(98,3,275,'Sidebar',0,'0',0,0)
 ,(98,3,274,'Main',1,'0',0,0)
 ,(98,3,276,'Sidebar',1,'0',0,0)
 ,(98,3,277,'Sidebar',2,'0',0,0)
 ,(1,30,64,'Header',0,'0',0,0)
 ,(1,29,64,'Header',0,'0',0,0)
 ,(1,29,74,'Main',0,'0',0,0)
 ,(1,29,114,'Sidebar',0,'0',0,0)
 ,(1,29,198,'Main',1,'0',0,0)
 ,(1,29,124,'Main',2,'0',0,0)
 ,(1,29,270,'Sidebar',1,'0',0,0)
 ,(1,29,125,'Sidebar',2,'0',0,0)
 ,(1,29,126,'Sidebar',3,'0',0,0)
 ,(1,29,278,'Header Nav',0,'1',0,0)
 ,(86,14,2,'Header',0,'0',0,0)
 ,(86,14,229,'Main',0,'0',0,0)
 ,(86,14,230,'Sidebar',0,'0',0,0)
 ,(86,14,193,'Main',1,'0',0,0)
 ,(86,14,235,'Sidebar',1,'0',0,0)
 ,(86,14,279,'Header Nav',0,'1',0,0)
 ,(1,30,74,'Main',0,'0',0,0)
 ,(1,30,114,'Sidebar',0,'0',0,0)
 ,(1,31,64,'Header',0,'0',0,0)
 ,(1,30,198,'Main',1,'0',0,0)
 ,(1,30,270,'Sidebar',1,'0',0,0)
 ,(1,30,124,'Main',2,'0',0,0)
 ,(1,30,125,'Sidebar',2,'0',0,0)
 ,(1,30,126,'Sidebar',3,'0',0,0)
 ,(1,30,280,'Header Nav',0,'1',0,0)
 ,(1,31,74,'Main',0,'0',0,0)
 ,(1,31,114,'Sidebar',0,'0',0,0)
 ,(98,4,274,'Main',1,'0',0,0)
 ,(1,31,198,'Main',1,'0',0,0)
 ,(1,31,270,'Sidebar',1,'0',0,0)
 ,(1,31,124,'Main',2,'0',0,0)
 ,(1,31,125,'Sidebar',2,'0',0,0)
 ,(1,31,126,'Sidebar',3,'0',0,0)
 ,(1,31,281,'Header Nav',0,'1',0,0)
 ,(98,4,276,'Sidebar',1,'0',0,0)
 ,(98,4,277,'Sidebar',2,'0',0,0)
 ,(98,5,1,'Header Nav',0,'0',0,0)
 ,(98,5,2,'Header',0,'0',0,0)
 ,(98,5,273,'Main',0,'0',0,0)
 ,(98,5,275,'Sidebar',0,'0',0,0)
 ,(98,5,274,'Main',1,'0',0,0)
 ,(98,5,276,'Sidebar',1,'0',0,0)
 ,(98,5,277,'Sidebar',2,'0',0,0)
 ,(96,23,1,'Header Nav',0,'0',0,0)
 ,(96,23,2,'Header',0,'0',0,0)
 ,(96,23,269,'Main',0,'0',0,0)
 ,(96,23,271,'Sidebar',0,'0',0,0)
 ,(96,23,260,'Main',1,'0',0,0)
 ,(96,23,272,'Sidebar',1,'0',0,0)
 ,(96,23,264,'Main',2,'0',0,0)
 ,(96,24,1,'Header Nav',0,'0',0,0)
 ,(96,24,2,'Header',0,'0',0,0)
 ,(96,25,1,'Header Nav',0,'0',0,0)
 ,(96,24,271,'Sidebar',0,'0',0,0)
 ,(96,24,260,'Main',1,'0',0,0)
 ,(96,24,272,'Sidebar',1,'0',0,0)
 ,(96,24,264,'Main',2,'0',0,0)
 ,(96,24,282,'Main',0,'1',0,0)
 ,(96,25,2,'Header',0,'0',0,0)
 ,(96,25,271,'Sidebar',0,'0',0,0)
 ,(77,21,1,'Header Nav',0,'0',0,0)
 ,(96,25,260,'Main',1,'0',0,0)
 ,(96,25,272,'Sidebar',1,'0',0,0)
 ,(96,25,264,'Main',2,'0',0,0)
 ,(96,25,283,'Main',0,'1',0,0)
 ,(77,21,69,'Sidebar',0,'0',0,0)
 ,(77,21,105,'Header',0,'0',0,0)
 ,(77,21,157,'Main',0,'0',0,0)
 ,(77,21,70,'Sidebar',1,'0',0,0)
 ,(71,14,1,'Header Nav',0,'0',0,0)
 ,(77,21,129,'Sidebar',3,'0',0,0)
 ,(77,21,130,'Sidebar',4,'0',0,0)
 ,(77,21,73,'Sidebar',5,'0',0,0)
 ,(77,21,284,'Sidebar',2,'1',0,0)
 ,(71,14,83,'Sidebar',0,'0',0,0)
 ,(71,14,112,'Header',0,'0',0,0)
 ,(71,14,115,'Main',0,'0',0,0)
 ,(96,26,1,'Header Nav',0,'0',0,0)
 ,(71,14,85,'Sidebar',2,'0',0,0)
 ,(71,14,84,'Sidebar',3,'0',0,0)
 ,(71,14,97,'Sidebar',4,'0',0,0)
 ,(71,14,285,'Sidebar',1,'1',0,0)
 ,(96,26,2,'Header',0,'0',0,0)
 ,(99,1,1,'Header Nav',0,'0',0,0)
 ,(96,26,287,'Sidebar',0,'1',0,0)
 ,(96,26,260,'Main',1,'0',0,0)
 ,(96,26,288,'Sidebar',1,'1',0,0)
 ,(96,26,264,'Main',2,'0',0,0)
 ,(96,26,286,'Main',0,'1',0,0)
 ,(99,1,2,'Header',0,'0',0,0)
 ,(99,1,3,'Sidebar',0,'0',0,0)
 ,(99,2,1,'Header Nav',0,'0',0,0)
 ,(99,2,2,'Header',0,'0',0,0)
 ,(99,2,3,'Sidebar',0,'0',0,0)
 ,(99,3,1,'Header Nav',0,'0',0,0)
 ,(99,3,2,'Header',0,'0',0,0)
 ,(99,3,289,'Main',0,'1',0,0)
 ,(90,11,10,'Header Nav',0,'0',0,0)
 ,(90,11,11,'Header',0,'0',0,0)
 ,(90,11,218,'Sidebar',0,'0',0,0)
 ,(86,15,2,'Header',0,'0',0,0)
 ,(90,11,290,'Main',0,'1',0,0)
 ,(90,12,10,'Header Nav',0,'0',0,0)
 ,(86,15,230,'Sidebar',0,'0',0,0)
 ,(86,15,279,'Header Nav',0,'0',0,0)
 ,(86,15,193,'Main',1,'0',0,0)
 ,(86,15,235,'Sidebar',1,'0',0,0)
 ,(86,15,291,'Main',0,'1',0,0)
 ,(90,12,11,'Header',0,'0',0,0)
 ,(90,12,218,'Sidebar',0,'0',0,0)
 ,(90,12,290,'Main',0,'0',0,0)
 ,(96,27,1,'Header Nav',0,'0',0,0)
 ,(96,27,2,'Header',0,'0',0,0)
 ,(96,28,1,'Header Nav',0,'0',0,0)
 ,(96,27,287,'Sidebar',0,'0',0,0)
 ,(96,27,260,'Main',1,'0',0,0)
 ,(96,27,288,'Sidebar',1,'0',0,0)
 ,(96,27,264,'Main',2,'0',0,0)
 ,(96,27,292,'Main',0,'1',0,0)
 ,(96,28,2,'Header',0,'0',0,0)
 ,(96,29,1,'Header Nav',0,'0',0,0)
 ,(96,28,292,'Main',0,'0',0,0)
 ,(96,28,260,'Main',1,'0',0,0)
 ,(96,28,288,'Sidebar',1,'0',0,0)
 ,(96,28,264,'Main',2,'0',0,0)
 ,(96,28,293,'Sidebar',0,'1',0,0)
 ,(96,29,2,'Header',0,'0',0,0)
 ,(96,29,292,'Main',0,'0',0,0)
 ,(96,29,293,'Sidebar',0,'0',0,0)
 ,(92,7,1,'Header Nav',0,'0',0,0)
 ,(96,29,288,'Sidebar',1,'0',0,0)
 ,(96,29,264,'Main',2,'0',0,0)
 ,(96,29,294,'Main',1,'1',0,0)
 ,(92,7,2,'Header',0,'0',0,0)
 ,(92,7,238,'Main',0,'0',0,0)
 ,(92,7,296,'Sidebar',1,'1',0,0)
 ,(92,7,242,'Main',1,'0',0,0)
 ,(92,7,243,'Main',2,'0',0,0)
 ,(92,7,240,'Main',3,'0',0,0)
 ,(92,7,295,'Sidebar',0,'1',0,0)
 ,(96,30,1,'Header Nav',0,'0',0,0)
 ,(96,30,2,'Header',0,'0',0,0)
 ,(96,31,1,'Header Nav',0,'0',0,0)
 ,(96,30,293,'Sidebar',0,'0',0,0)
 ,(96,30,288,'Sidebar',1,'0',0,0)
 ,(96,30,294,'Main',1,'0',0,0)
 ,(96,30,264,'Main',2,'0',0,0)
 ,(96,30,297,'Main',0,'1',0,0)
 ,(96,31,2,'Header',0,'0',0,0)
 ,(96,31,293,'Sidebar',0,'0',0,0)
 ,(96,32,1,'Header Nav',0,'0',0,0)
 ,(96,31,288,'Sidebar',1,'0',0,0)
 ,(96,31,294,'Main',1,'0',0,0)
 ,(96,31,264,'Main',2,'0',0,0)
 ,(96,31,298,'Main',0,'1',0,0)
 ,(96,32,2,'Header',0,'0',0,0)
 ,(96,32,293,'Sidebar',0,'0',0,0)
 ,(96,32,298,'Main',0,'0',0,0)
 ,(96,32,288,'Sidebar',1,'0',0,0)
 ,(96,32,300,'Main',2,'1',0,0)
 ,(96,33,1,'Header Nav',0,'0',0,0)
 ,(96,32,299,'Main',1,'1',0,0)
 ,(96,33,2,'Header',0,'0',0,0)
 ,(96,33,293,'Sidebar',0,'0',0,0)
 ,(96,33,298,'Main',0,'0',0,0)
 ,(96,33,288,'Sidebar',1,'0',0,0)
 ,(89,21,1,'Header Nav',0,'0',0,0)
 ,(96,33,300,'Main',2,'0',0,0)
 ,(96,33,301,'Main',1,'1',0,0)
 ,(89,21,2,'Header',0,'0',0,0)
 ,(89,21,226,'Main',0,'0',0,0)
 ,(89,21,228,'Sidebar',0,'0',0,0)
 ,(89,21,197,'Main',1,'0',0,0)
 ,(89,21,212,'Sidebar',1,'0',0,0)
 ,(89,22,1,'Header Nav',0,'0',0,0)
 ,(89,21,224,'Main',3,'0',0,0)
 ,(89,21,302,'Main',2,'1',0,0)
 ,(89,22,2,'Header',0,'0',0,0)
 ,(89,22,226,'Main',0,'0',0,0)
 ,(89,22,228,'Sidebar',0,'0',0,0)
 ,(89,23,1,'Header Nav',0,'0',0,0)
 ,(89,22,212,'Sidebar',1,'0',0,0)
 ,(89,22,302,'Main',2,'0',0,0)
 ,(89,22,224,'Main',3,'0',0,0)
 ,(89,22,303,'Main',1,'1',0,0)
 ,(89,23,2,'Header',0,'0',0,0)
 ,(89,23,226,'Main',0,'0',0,0)
 ,(89,23,228,'Sidebar',0,'0',0,0)
 ,(89,23,212,'Sidebar',1,'0',0,0)
 ,(89,23,303,'Main',1,'0',0,0)
 ,(89,23,302,'Main',2,'0',0,0)
 ,(89,24,1,'Header Nav',0,'0',0,0)
 ,(89,23,304,'Main',3,'1',0,0)
 ,(89,24,2,'Header',0,'0',0,0)
 ,(89,24,226,'Main',0,'0',0,0)
 ,(89,24,228,'Sidebar',0,'0',0,0)
 ,(89,24,212,'Sidebar',1,'0',0,0)
 ,(89,24,303,'Main',1,'0',0,0)
 ,(89,24,302,'Main',2,'0',0,0)
 ,(89,24,304,'Main',3,'0',0,0)
 ,(89,24,305,'Sidebar',2,'1',0,0)
 ,(89,24,306,'Sidebar',3,'1',0,0)
 ,(89,25,1,'Header Nav',0,'0',0,0)
 ,(89,25,2,'Header',0,'0',0,0)
 ,(89,25,226,'Main',0,'0',0,0)
 ,(89,25,228,'Sidebar',0,'0',0,0)
 ,(89,25,212,'Sidebar',1,'0',0,0)
 ,(89,25,303,'Main',1,'0',0,0)
 ,(89,25,305,'Sidebar',2,'0',0,0)
 ,(89,25,302,'Main',2,'0',0,0)
 ,(89,25,304,'Main',3,'0',0,0)
 ,(101,1,14,'Blog Post Header',0,'0',0,0)
 ,(89,25,307,'Sidebar',3,'1',0,0)
 ,(101,1,13,'Header',0,'0',0,0)
 ,(101,1,12,'Header Nav',0,'0',0,0)
 ,(101,1,15,'Main',0,'0',0,0)
 ,(101,1,16,'Blog Post More',0,'0',0,0)
 ,(101,1,18,'Sidebar',0,'0',0,0)
 ,(101,1,40,'Blog Post Footer',0,'0',0,0)
 ,(101,1,17,'Blog Post Footer',1,'0',0,0)
 ,(101,1,23,'Sidebar',1,'0',0,0)
 ,(101,2,12,'Header Nav',0,'0',0,0)
 ,(101,2,13,'Header',0,'0',0,0)
 ,(101,2,14,'Blog Post Header',0,'0',0,0)
 ,(101,3,12,'Header Nav',0,'0',0,0)
 ,(101,2,308,'Main',0,'1',0,0)
 ,(101,2,18,'Sidebar',0,'0',0,0)
 ,(101,2,40,'Blog Post Footer',0,'0',0,0)
 ,(101,2,17,'Blog Post Footer',1,'0',0,0)
 ,(101,2,23,'Sidebar',1,'0',0,0)
 ,(101,3,13,'Header',0,'0',0,0)
 ,(101,3,14,'Blog Post Header',0,'0',0,0)
 ,(101,3,18,'Sidebar',0,'0',0,0)
 ,(101,3,40,'Blog Post Footer',0,'0',0,0)
 ,(96,35,2,'Header',0,'0',0,0)
 ,(101,3,17,'Blog Post Footer',1,'0',0,0)
 ,(101,3,23,'Sidebar',1,'0',0,0)
 ,(101,3,309,'Main',0,'1',0,0)
 ,(96,35,1,'Header Nav',0,'0',0,0)
 ,(96,34,322,'Main',3,'1',0,0)
 ,(96,34,1,'Header Nav',0,'0',0,0)
 ,(96,34,2,'Header',0,'0',0,0)
 ,(96,34,293,'Sidebar',0,'0',0,0)
 ,(96,34,298,'Main',0,'0',0,0)
 ,(96,34,288,'Sidebar',1,'0',0,0)
 ,(102,3,311,'Main',0,'1',0,0)
 ,(96,35,288,'Sidebar',1,'0',0,0)
 ,(96,35,298,'Main',0,'0',0,0)
 ,(96,35,293,'Sidebar',0,'0',0,0)
 ,(96,36,1,'Header Nav',0,'0',0,0)
 ,(96,35,323,'Main',2,'1',0,0)
 ,(96,35,322,'Main',1,'0',0,0)
 ,(96,36,293,'Sidebar',0,'0',0,0)
 ,(96,36,2,'Header',0,'0',0,0)
 ,(96,36,288,'Sidebar',1,'0',0,0)
 ,(96,36,298,'Main',0,'0',0,0)
 ,(102,7,316,'Main',1,'1',0,0)
 ,(96,37,288,'Sidebar',1,'0',0,0)
 ,(96,37,298,'Main',0,'0',0,0)
 ,(96,36,324,'Main',2,'1',0,0)
 ,(96,36,322,'Main',1,'0',0,0)
 ,(96,37,1,'Header Nav',0,'0',0,0)
 ,(96,37,2,'Header',0,'0',0,0)
 ,(96,37,293,'Sidebar',0,'0',0,0)
 ,(102,9,319,'Main',1,'1',0,0)
 ,(96,38,2,'Header',0,'0',0,0)
 ,(96,37,325,'Main',1,'1',0,0)
 ,(96,37,324,'Main',2,'0',0,0)
 ,(96,38,1,'Header Nav',0,'0',0,0)
 ,(96,38,293,'Sidebar',0,'0',0,0)
 ,(96,38,298,'Main',0,'0',0,0)
 ,(96,38,288,'Sidebar',1,'0',0,0)
 ,(89,26,1,'Header Nav',0,'0',0,0)
 ,(96,38,324,'Main',2,'0',0,0)
 ,(96,38,326,'Main',1,'1',0,0)
 ,(89,26,2,'Header',0,'0',0,0)
 ,(89,26,226,'Main',0,'0',0,0)
 ,(89,26,228,'Sidebar',0,'0',0,0)
 ,(96,39,1,'Header Nav',0,'0',0,0)
 ,(89,26,303,'Main',1,'0',0,0)
 ,(89,26,305,'Sidebar',2,'0',0,0)
 ,(89,26,302,'Main',2,'0',0,0)
 ,(89,26,304,'Main',3,'0',0,0)
 ,(89,26,307,'Sidebar',3,'0',0,0)
 ,(89,26,327,'Sidebar',1,'1',0,0)
 ,(96,39,2,'Header',0,'0',0,0)
 ,(96,39,293,'Sidebar',0,'0',0,0)
 ,(96,39,298,'Main',0,'0',0,0)
 ,(96,39,288,'Sidebar',1,'0',0,0)
 ,(96,40,1,'Header Nav',0,'0',0,0)
 ,(96,39,324,'Main',2,'0',0,0)
 ,(96,39,328,'Main',1,'1',0,0)
 ,(96,40,2,'Header',0,'0',0,0)
 ,(96,40,293,'Sidebar',0,'0',0,0)
 ,(96,40,298,'Main',0,'0',0,0)
 ,(96,40,288,'Sidebar',1,'0',0,0)
 ,(96,41,1,'Header Nav',0,'0',0,0)
 ,(96,40,324,'Main',2,'0',0,0)
 ,(96,40,329,'Main',1,'1',0,0)
 ,(96,41,2,'Header',0,'0',0,0)
 ,(96,41,293,'Sidebar',0,'0',0,0)
 ,(96,41,298,'Main',0,'0',0,0)
 ,(96,41,288,'Sidebar',1,'0',0,0)
 ,(96,42,1,'Header Nav',0,'0',0,0)
 ,(96,41,324,'Main',2,'0',0,0)
 ,(96,41,330,'Main',1,'1',0,0)
 ,(96,42,2,'Header',0,'0',0,0)
 ,(96,42,293,'Sidebar',0,'0',0,0)
 ,(96,42,298,'Main',0,'0',0,0)
 ,(96,42,288,'Sidebar',1,'0',0,0)
 ,(96,43,1,'Header Nav',0,'0',0,0)
 ,(96,42,324,'Main',2,'0',0,0)
 ,(96,42,331,'Main',1,'1',0,0)
 ,(96,43,2,'Header',0,'0',0,0)
 ,(96,43,293,'Sidebar',0,'0',0,0)
 ,(96,43,298,'Main',0,'0',0,0)
 ,(96,43,288,'Sidebar',1,'0',0,0)
 ,(103,1,12,'Header Nav',0,'0',0,0)
 ,(96,43,324,'Main',2,'0',0,0)
 ,(96,43,332,'Main',1,'1',0,0)
 ,(103,1,13,'Header',0,'0',0,0)
 ,(103,1,14,'Blog Post Header',0,'0',0,0)
 ,(103,1,15,'Main',0,'0',0,0)
 ,(103,1,16,'Blog Post More',0,'0',0,0)
 ,(103,1,18,'Sidebar',0,'0',0,0)
 ,(103,1,40,'Blog Post Footer',0,'0',0,0)
 ,(103,1,17,'Blog Post Footer',1,'0',0,0)
 ,(103,1,23,'Sidebar',1,'0',0,0)
 ,(103,2,12,'Header Nav',0,'0',0,0)
 ,(103,2,13,'Header',0,'0',0,0)
 ,(103,2,14,'Blog Post Header',0,'0',0,0)
 ,(89,27,1,'Header Nav',0,'0',0,0)
 ,(103,2,333,'Main',0,'1',0,0)
 ,(103,2,18,'Sidebar',0,'0',0,0)
 ,(103,2,40,'Blog Post Footer',0,'0',0,0)
 ,(103,2,17,'Blog Post Footer',1,'0',0,0)
 ,(103,2,23,'Sidebar',1,'0',0,0)
 ,(89,27,2,'Header',0,'0',0,0)
 ,(89,27,226,'Main',0,'0',0,0)
 ,(89,27,228,'Sidebar',0,'0',0,0)
 ,(89,27,303,'Main',1,'0',0,0)
 ,(89,28,1,'Header Nav',0,'0',0,0)
 ,(89,27,302,'Main',2,'0',0,0)
 ,(89,27,305,'Sidebar',2,'0',0,0)
 ,(89,27,304,'Main',3,'0',0,0)
 ,(89,27,307,'Sidebar',3,'0',0,0)
 ,(89,27,334,'Sidebar',1,'1',0,0)
 ,(89,28,2,'Header',0,'0',0,0)
 ,(89,28,226,'Main',0,'0',0,0)
 ,(89,28,228,'Sidebar',0,'0',0,0)
 ,(89,28,303,'Main',1,'0',0,0)
 ,(89,29,2,'Header',0,'0',0,0)
 ,(89,28,302,'Main',2,'0',0,0)
 ,(89,28,305,'Sidebar',2,'0',0,0)
 ,(89,28,304,'Main',3,'0',0,0)
 ,(89,28,307,'Sidebar',3,'0',0,0)
 ,(89,28,335,'Sidebar',1,'1',0,0)
 ,(89,29,1,'Header Nav',0,'0',0,0)
 ,(89,29,226,'Main',0,'0',0,0)
 ,(89,29,303,'Main',1,'0',0,0)
 ,(89,29,228,'Sidebar',0,'0',0,0)
 ,(96,44,1,'Header Nav',0,'0',0,0)
 ,(89,29,302,'Main',2,'0',0,0)
 ,(89,29,305,'Sidebar',2,'0',0,0)
 ,(89,29,304,'Main',3,'0',0,0)
 ,(89,29,307,'Sidebar',3,'0',0,0)
 ,(89,29,337,'Sidebar',1,'1',0,0)
 ,(96,44,2,'Header',0,'0',0,0)
 ,(96,44,339,'Sidebar',2,'1',0,0)
 ,(96,44,298,'Main',0,'0',0,0)
 ,(96,44,288,'Sidebar',1,'0',0,0)
 ,(96,44,332,'Main',1,'0',0,0)
 ,(96,44,324,'Main',2,'0',0,0)
 ,(96,44,338,'Sidebar',0,'1',0,0)
 ,(96,45,1,'Header Nav',0,'0',0,0)
 ,(96,45,2,'Header',0,'0',0,0)
 ,(96,45,298,'Main',0,'0',0,0)
 ,(96,45,338,'Sidebar',0,'0',0,0)
 ,(96,45,288,'Sidebar',1,'0',0,0)
 ,(96,45,332,'Main',1,'0',0,0)
 ,(96,45,324,'Main',2,'0',0,0)
 ,(96,45,339,'Sidebar',2,'0',0,0)
 ,(96,45,340,'Sidebar',3,'1',0,0)
 ,(96,46,1,'Header Nav',0,'0',0,0)
 ,(96,46,2,'Header',0,'0',0,0)
 ,(96,46,298,'Main',0,'0',0,0)
 ,(96,46,338,'Sidebar',0,'0',0,0)
 ,(96,46,288,'Sidebar',1,'0',0,0)
 ,(96,46,332,'Main',1,'0',0,0)
 ,(96,46,324,'Main',2,'0',0,0)
 ,(96,46,339,'Sidebar',2,'0',0,0)
 ,(96,47,1,'Header Nav',0,'0',0,0)
 ,(96,46,341,'Sidebar',3,'1',0,0)
 ,(96,47,2,'Header',0,'0',0,0)
 ,(96,47,298,'Main',0,'0',0,0)
 ,(96,47,345,'Sidebar',5,'1',0,0)
 ,(96,47,332,'Main',1,'0',0,0)
 ,(96,47,324,'Main',2,'0',0,0)
 ,(96,47,344,'Sidebar',0,'1',0,0)
 ,(96,47,343,'Sidebar',4,'1',0,0)
 ,(96,47,342,'Sidebar',3,'1',0,0)
 ,(96,47,346,'Sidebar',6,'1',0,0)
 ,(96,47,347,'Sidebar',7,'1',0,0)
 ,(96,48,1,'Header Nav',0,'0',0,0)
 ,(96,48,2,'Header',0,'0',0,0)
 ,(96,48,298,'Main',0,'0',0,0)
 ,(96,48,344,'Sidebar',0,'0',0,0)
 ,(96,48,332,'Main',1,'0',0,0)
 ,(96,48,324,'Main',2,'0',0,0)
 ,(96,48,349,'Sidebar',1,'1',0,0)
 ,(96,48,350,'Sidebar',3,'1',0,0)
 ,(96,49,344,'Sidebar',0,'0',0,0)
 ,(96,48,351,'Sidebar',5,'1',0,0)
 ,(96,49,1,'Header Nav',0,'0',0,0)
 ,(96,48,348,'Sidebar',2,'1',0,0)
 ,(96,49,298,'Main',0,'0',0,0)
 ,(96,49,2,'Header',0,'0',0,0)
 ,(96,49,332,'Main',1,'0',0,0)
 ,(96,49,349,'Sidebar',1,'0',0,0)
 ,(96,49,324,'Main',2,'0',0,0)
 ,(96,50,1,'Header Nav',0,'0',0,0)
 ,(96,49,353,'Sidebar',3,'1',0,0)
 ,(96,49,355,'Sidebar',2,'1',0,0)
 ,(96,49,352,'Sidebar',4,'1',0,0)
 ,(96,50,344,'Sidebar',0,'0',0,0)
 ,(96,50,298,'Main',0,'0',0,0)
 ,(96,50,2,'Header',0,'0',0,0)
 ,(96,50,332,'Main',1,'0',0,0)
 ,(96,50,349,'Sidebar',1,'0',0,0)
 ,(96,50,324,'Main',2,'0',0,0)
 ,(96,51,1,'Header Nav',0,'0',0,0)
 ,(96,50,353,'Sidebar',3,'0',0,0)
 ,(96,50,352,'Sidebar',4,'0',0,0)
 ,(96,50,356,'Sidebar',2,'1',0,0)
 ,(96,51,344,'Sidebar',0,'0',0,0)
 ,(96,51,298,'Main',0,'0',0,0)
 ,(96,51,2,'Header',0,'0',0,0)
 ,(96,51,332,'Main',1,'0',0,0)
 ,(96,52,298,'Main',0,'0',0,0)
 ,(96,51,324,'Main',2,'0',0,0)
 ,(96,52,344,'Sidebar',0,'0',0,0)
 ,(96,52,2,'Header',0,'0',0,0)
 ,(96,52,1,'Header Nav',0,'0',0,0)
 ,(96,51,357,'Sidebar',2,'1',0,0)
 ,(96,52,332,'Main',1,'0',0,0)
 ,(96,52,324,'Main',2,'0',0,0)
 ,(96,53,1,'Header Nav',0,'0',0,0)
 ,(96,52,358,'Sidebar',2,'1',0,0)
 ,(96,53,2,'Header',0,'0',0,0)
 ,(96,53,298,'Main',0,'0',0,0)
 ,(96,53,344,'Sidebar',0,'0',0,0)
 ,(96,53,332,'Main',1,'0',0,0)
 ,(96,53,324,'Main',2,'0',0,0)
 ,(96,54,1,'Header Nav',0,'0',0,0)
 ,(96,53,359,'Sidebar',2,'1',0,0)
 ,(96,54,2,'Header',0,'0',0,0)
 ,(96,54,298,'Main',0,'0',0,0)
 ,(96,54,344,'Sidebar',0,'0',0,0)
 ,(96,54,332,'Main',1,'0',0,0)
 ,(96,54,324,'Main',2,'0',0,0)
 ,(96,55,1,'Header Nav',0,'0',0,0)
 ,(96,54,360,'Sidebar',2,'1',0,0)
 ,(96,55,2,'Header',0,'0',0,0)
 ,(96,55,298,'Main',0,'0',0,0)
 ,(96,55,344,'Sidebar',0,'0',0,0)
 ,(96,55,332,'Main',1,'0',0,0)
 ,(96,55,324,'Main',2,'0',0,0)
 ,(96,56,1,'Header Nav',0,'0',0,0)
 ,(96,55,361,'Sidebar',2,'1',0,0)
 ,(96,56,2,'Header',0,'0',0,0)
 ,(96,56,298,'Main',0,'0',0,0)
 ,(96,56,344,'Sidebar',0,'0',0,0)
 ,(96,56,332,'Main',1,'0',0,0)
 ,(96,56,324,'Main',2,'0',0,0)
 ,(96,57,1,'Header Nav',0,'0',0,0)
 ,(96,56,362,'Sidebar',2,'1',0,0)
 ,(96,57,2,'Header',0,'0',0,0)
 ,(96,57,298,'Main',0,'0',0,0)
 ,(96,57,344,'Sidebar',0,'0',0,0)
 ,(96,57,332,'Main',1,'0',0,0)
 ,(96,57,324,'Main',2,'0',0,0)
 ,(96,57,364,'Sidebar',3,'1',0,0)
 ,(96,57,363,'Sidebar',2,'1',0,0)
 ,(96,58,1,'Header Nav',0,'0',0,0)
 ,(96,58,2,'Header',0,'0',0,0)
 ,(96,58,298,'Main',0,'0',0,0)
 ,(96,58,344,'Sidebar',0,'0',0,0)
 ,(96,58,332,'Main',1,'0',0,0)
 ,(96,58,324,'Main',2,'0',0,0)
 ,(96,59,1,'Header Nav',0,'0',0,0)
 ,(96,58,365,'Sidebar',1,'1',0,0)
 ,(96,59,2,'Header',0,'0',0,0)
 ,(96,59,298,'Main',0,'0',0,0)
 ,(96,59,344,'Sidebar',0,'0',0,0)
 ,(96,59,332,'Main',1,'0',0,0)
 ,(96,60,1,'Header Nav',0,'0',0,0)
 ,(96,59,324,'Main',2,'0',0,0)
 ,(96,59,366,'Sidebar',1,'1',0,0)
 ,(96,60,2,'Header',0,'0',0,0)
 ,(96,60,298,'Main',0,'0',0,0)
 ,(96,60,344,'Sidebar',0,'0',0,0)
 ,(96,60,332,'Main',1,'0',0,0)
 ,(96,61,1,'Header Nav',0,'0',0,0)
 ,(96,60,324,'Main',2,'0',0,0)
 ,(96,60,367,'Sidebar',1,'1',0,0)
 ,(96,61,2,'Header',0,'0',0,0)
 ,(96,61,298,'Main',0,'0',0,0)
 ,(96,61,344,'Sidebar',0,'0',0,0)
 ,(96,61,332,'Main',1,'0',0,0)
 ,(96,62,1,'Header Nav',0,'0',0,0)
 ,(96,61,324,'Main',2,'0',0,0)
 ,(96,61,368,'Sidebar',1,'1',0,0)
 ,(96,62,2,'Header',0,'0',0,0)
 ,(96,62,298,'Main',0,'0',0,0)
 ,(96,62,344,'Sidebar',0,'0',0,0)
 ,(96,62,332,'Main',1,'0',0,0)
 ,(96,63,1,'Header Nav',0,'0',0,0)
 ,(96,62,324,'Main',2,'0',0,0)
 ,(96,62,369,'Sidebar',1,'1',0,0)
 ,(96,63,2,'Header',0,'0',0,0)
 ,(96,63,298,'Main',0,'0',0,0)
 ,(96,63,371,'Sidebar',1,'1',0,0)
 ,(96,63,332,'Main',1,'0',0,0)
 ,(96,63,372,'Sidebar',2,'1',0,0)
 ,(96,63,324,'Main',2,'0',0,0)
 ,(96,63,370,'Sidebar',0,'1',0,0)
 ,(96,64,1,'Header Nav',0,'0',0,0)
 ,(96,64,2,'Header',0,'0',0,0)
 ,(96,64,298,'Main',0,'0',0,0)
 ,(96,64,370,'Sidebar',0,'0',0,0)
 ,(96,64,332,'Main',1,'0',0,0)
 ,(96,64,371,'Sidebar',1,'0',0,0)
 ,(96,64,324,'Main',2,'0',0,0)
 ,(96,64,372,'Sidebar',2,'0',0,0)
 ,(96,65,1,'Header Nav',0,'0',0,0)
 ,(96,64,375,'Main',4,'1',0,0)
 ,(96,65,2,'Header',0,'0',0,0)
 ,(96,65,298,'Main',0,'0',0,0)
 ,(96,65,370,'Sidebar',0,'0',0,0)
 ,(96,65,332,'Main',1,'0',0,0)
 ,(96,65,371,'Sidebar',1,'0',0,0)
 ,(96,66,1,'Header Nav',0,'0',0,0)
 ,(96,65,372,'Sidebar',2,'0',0,0)
 ,(96,65,376,'Main',4,'1',0,0)
 ,(96,66,2,'Header',0,'0',0,0)
 ,(96,66,298,'Main',0,'0',0,0)
 ,(96,66,370,'Sidebar',0,'0',0,0)
 ,(96,66,332,'Main',1,'0',0,0)
 ,(96,66,371,'Sidebar',1,'0',0,0)
 ,(96,66,372,'Sidebar',2,'0',0,0)
 ,(96,67,1,'Header Nav',0,'0',0,0)
 ,(96,66,377,'Main',4,'1',0,0)
 ,(96,67,2,'Header',0,'0',0,0)
 ,(96,67,298,'Main',0,'0',0,0)
 ,(96,67,370,'Sidebar',0,'0',0,0)
 ,(96,67,332,'Main',1,'0',0,0)
 ,(96,67,371,'Sidebar',1,'0',0,0)
 ,(96,67,372,'Sidebar',2,'0',0,0)
 ,(96,68,1,'Header Nav',0,'0',0,0)
 ,(96,67,378,'Main',4,'1',0,0)
 ,(96,68,2,'Header',0,'0',0,0)
 ,(96,68,298,'Main',0,'0',0,0)
 ,(96,68,370,'Sidebar',0,'0',0,0)
 ,(96,68,332,'Main',1,'0',0,0)
 ,(96,68,371,'Sidebar',1,'0',0,0)
 ,(96,68,372,'Sidebar',2,'0',0,0)
 ,(96,69,1,'Header Nav',0,'0',0,0)
 ,(96,68,379,'Main',4,'1',0,0)
 ,(96,69,2,'Header',0,'0',0,0)
 ,(96,69,298,'Main',0,'0',0,0)
 ,(96,69,370,'Sidebar',0,'0',0,0)
 ,(96,69,332,'Main',1,'0',0,0)
 ,(96,69,371,'Sidebar',1,'0',0,0)
 ,(96,69,372,'Sidebar',2,'0',0,0)
 ,(96,70,1,'Header Nav',0,'0',0,0)
 ,(96,70,2,'Header',0,'0',0,0)
 ,(96,70,298,'Main',0,'0',0,0)
 ,(96,70,370,'Sidebar',0,'0',0,0)
 ,(96,70,332,'Main',1,'0',0,0)
 ,(96,70,371,'Sidebar',1,'0',0,0)
 ,(96,70,372,'Sidebar',2,'0',0,0)
 ,(96,70,380,'Main',2,'1',0,0)
 ,(96,71,1,'Header Nav',0,'0',0,0)
 ,(96,71,2,'Header',0,'0',0,0)
 ,(96,71,298,'Main',0,'0',0,0)
 ,(96,71,370,'Sidebar',0,'0',0,0)
 ,(96,71,332,'Main',1,'0',0,0)
 ,(96,71,371,'Sidebar',1,'0',0,0)
 ,(96,71,372,'Sidebar',2,'0',0,0)
 ,(96,72,1,'Header Nav',0,'0',0,0)
 ,(96,71,381,'Main',2,'1',0,0)
 ,(96,72,2,'Header',0,'0',0,0)
 ,(96,72,298,'Main',0,'0',0,0)
 ,(96,72,370,'Sidebar',0,'0',0,0)
 ,(96,72,332,'Main',1,'0',0,0)
 ,(96,72,371,'Sidebar',1,'0',0,0)
 ,(96,72,372,'Sidebar',2,'0',0,0)
 ,(96,72,381,'Main',2,'0',0,0)
 ,(96,72,382,'Main',3,'1',0,0)
 ,(96,73,1,'Header Nav',0,'0',0,0)
 ,(96,73,2,'Header',0,'0',0,0)
 ,(96,73,298,'Main',0,'0',0,0)
 ,(96,73,370,'Sidebar',0,'0',0,0)
 ,(96,73,332,'Main',1,'0',0,0)
 ,(96,73,371,'Sidebar',1,'0',0,0)
 ,(96,73,372,'Sidebar',2,'0',0,0)
 ,(96,73,381,'Main',2,'0',0,0)
 ,(96,74,1,'Header Nav',0,'0',0,0)
 ,(96,73,383,'Main',3,'1',0,0)
 ,(96,74,2,'Header',0,'0',0,0)
 ,(96,74,298,'Main',0,'0',0,0)
 ,(96,74,370,'Sidebar',0,'0',0,0)
 ,(96,74,332,'Main',1,'0',0,0)
 ,(96,74,371,'Sidebar',1,'0',0,0)
 ,(96,74,372,'Sidebar',2,'0',0,0)
 ,(96,74,381,'Main',2,'0',0,0)
 ,(96,75,1,'Header Nav',0,'0',0,0)
 ,(96,75,2,'Header',0,'0',0,0)
 ,(96,75,298,'Main',0,'0',0,0)
 ,(96,75,370,'Sidebar',0,'0',0,0)
 ,(96,75,332,'Main',1,'0',0,0)
 ,(96,75,371,'Sidebar',1,'0',0,0)
 ,(71,15,1,'Header Nav',0,'0',0,0)
 ,(96,75,381,'Main',2,'0',0,0)
 ,(96,75,384,'Sidebar',2,'1',0,0)
 ,(71,15,83,'Sidebar',0,'0',0,0)
 ,(71,15,112,'Header',0,'0',0,0)
 ,(96,76,1,'Header Nav',0,'0',0,0)
 ,(71,15,285,'Sidebar',1,'0',0,0)
 ,(71,15,85,'Sidebar',2,'0',0,0)
 ,(71,15,84,'Sidebar',3,'0',0,0)
 ,(71,15,97,'Sidebar',4,'0',0,0)
 ,(71,15,385,'Main',0,'1',0,0)
 ,(96,76,2,'Header',0,'0',0,0)
 ,(96,76,298,'Main',0,'0',0,0)
 ,(96,76,370,'Sidebar',0,'0',0,0)
 ,(96,76,332,'Main',1,'0',0,0)
 ,(96,77,1,'Header Nav',0,'0',0,0)
 ,(96,76,381,'Main',2,'0',0,0)
 ,(96,76,384,'Sidebar',2,'0',0,0)
 ,(96,76,386,'Sidebar',1,'1',0,0)
 ,(96,77,2,'Header',0,'0',0,0)
 ,(96,77,298,'Main',0,'0',0,0)
 ,(96,77,370,'Sidebar',0,'0',0,0)
 ,(96,77,332,'Main',1,'0',0,0)
 ,(96,78,1,'Header Nav',0,'0',0,0)
 ,(96,77,381,'Main',2,'0',0,0)
 ,(96,77,384,'Sidebar',2,'0',0,0)
 ,(96,77,387,'Sidebar',1,'1',0,0)
 ,(96,78,2,'Header',0,'0',0,0)
 ,(96,78,298,'Main',0,'0',0,0)
 ,(96,78,370,'Sidebar',0,'0',0,0)
 ,(96,78,332,'Main',1,'0',0,0)
 ,(96,79,1,'Header Nav',0,'0',0,0)
 ,(96,78,381,'Main',2,'0',0,0)
 ,(96,78,384,'Sidebar',2,'0',0,0)
 ,(96,78,388,'Sidebar',1,'1',0,0)
 ,(96,79,2,'Header',0,'0',0,0)
 ,(96,79,298,'Main',0,'0',0,0)
 ,(96,79,370,'Sidebar',0,'0',0,0)
 ,(96,79,332,'Main',1,'0',0,0)
 ,(89,30,1,'Header Nav',0,'0',0,0)
 ,(96,79,381,'Main',2,'0',0,0)
 ,(96,79,384,'Sidebar',2,'0',0,0)
 ,(96,79,389,'Sidebar',1,'1',0,0)
 ,(89,30,2,'Header',0,'0',0,0)
 ,(89,30,226,'Main',0,'0',0,0)
 ,(89,30,228,'Sidebar',0,'0',0,0)
 ,(89,30,303,'Main',1,'0',0,0)
 ,(96,80,1,'Header Nav',0,'0',0,0)
 ,(89,30,302,'Main',2,'0',0,0)
 ,(89,30,305,'Sidebar',2,'0',0,0)
 ,(89,30,304,'Main',3,'0',0,0)
 ,(89,30,307,'Sidebar',3,'0',0,0)
 ,(89,30,390,'Sidebar',1,'1',0,0)
 ,(96,80,2,'Header',0,'0',0,0)
 ,(96,81,1,'Header Nav',0,'0',0,0)
 ,(96,80,370,'Sidebar',0,'0',0,0)
 ,(96,80,332,'Main',1,'0',0,0)
 ,(96,80,389,'Sidebar',1,'0',0,0)
 ,(96,80,381,'Main',2,'0',0,0)
 ,(96,80,384,'Sidebar',2,'0',0,0)
 ,(96,80,391,'Main',0,'1',0,0)
 ,(96,81,2,'Header',0,'0',0,0)
 ,(96,81,370,'Sidebar',0,'0',0,0)
 ,(96,81,391,'Main',0,'0',0,0)
 ,(96,82,1,'Header Nav',0,'0',0,0)
 ,(96,81,389,'Sidebar',1,'0',0,0)
 ,(96,81,381,'Main',2,'0',0,0)
 ,(96,81,384,'Sidebar',2,'0',0,0)
 ,(96,82,2,'Header',0,'0',0,0)
 ,(96,82,370,'Sidebar',0,'0',0,0)
 ,(96,83,1,'Header Nav',0,'0',0,0)
 ,(96,82,389,'Sidebar',1,'0',0,0)
 ,(96,82,381,'Main',1,'0',0,0)
 ,(96,82,384,'Sidebar',2,'0',0,0)
 ,(96,82,392,'Main',0,'1',0,0)
 ,(96,83,2,'Header',0,'0',0,0)
 ,(96,83,370,'Sidebar',0,'0',0,0)
 ,(96,84,1,'Header Nav',0,'0',0,0)
 ,(96,83,381,'Main',1,'0',0,0)
 ,(96,83,389,'Sidebar',1,'0',0,0)
 ,(96,83,384,'Sidebar',2,'0',0,0)
 ,(96,83,393,'Main',0,'1',0,0)
 ,(96,84,2,'Header',0,'0',0,0)
 ,(96,84,370,'Sidebar',0,'0',0,0)
 ,(96,85,1,'Header Nav',0,'0',0,0)
 ,(96,84,381,'Main',1,'0',0,0)
 ,(96,84,389,'Sidebar',1,'0',0,0)
 ,(96,84,384,'Sidebar',2,'0',0,0)
 ,(96,84,394,'Main',0,'1',0,0)
 ,(96,85,2,'Header',0,'0',0,0)
 ,(96,85,370,'Sidebar',0,'0',0,0)
 ,(96,86,1,'Header Nav',0,'0',0,0)
 ,(96,85,381,'Main',1,'0',0,0)
 ,(96,85,389,'Sidebar',1,'0',0,0)
 ,(96,85,384,'Sidebar',2,'0',0,0)
 ,(96,85,395,'Main',0,'1',0,0)
 ,(96,86,2,'Header',0,'0',0,0)
 ,(96,86,370,'Sidebar',0,'0',0,0)
 ,(96,86,395,'Main',0,'0',0,0)
 ,(96,87,1,'Header Nav',0,'0',0,0)
 ,(96,86,389,'Sidebar',1,'0',0,0)
 ,(96,86,384,'Sidebar',2,'0',0,0)
 ,(96,86,396,'Main',1,'1',0,0)
 ,(96,87,2,'Header',0,'0',0,0)
 ,(96,87,370,'Sidebar',0,'0',0,0)
 ,(96,87,395,'Main',0,'0',0,0)
 ,(96,87,389,'Sidebar',1,'0',0,0)
 ,(96,88,1,'Header Nav',0,'0',0,0)
 ,(96,87,384,'Sidebar',2,'0',0,0)
 ,(96,87,397,'Main',1,'1',0,0)
 ,(96,88,2,'Header',0,'0',0,0)
 ,(96,88,370,'Sidebar',0,'0',0,0)
 ,(96,88,395,'Main',0,'0',0,0)
 ,(96,88,389,'Sidebar',1,'0',0,0)
 ,(96,89,1,'Header Nav',0,'0',0,0)
 ,(96,88,384,'Sidebar',2,'0',0,0)
 ,(96,88,398,'Main',1,'1',0,0)
 ,(96,89,2,'Header',0,'0',0,0)
 ,(96,89,370,'Sidebar',0,'0',0,0)
 ,(96,89,395,'Main',0,'0',0,0)
 ,(96,89,389,'Sidebar',1,'0',0,0)
 ,(96,90,1,'Header Nav',0,'0',0,0)
 ,(96,89,384,'Sidebar',2,'0',0,0)
 ,(96,89,399,'Main',1,'1',0,0)
 ,(96,90,2,'Header',0,'0',0,0)
 ,(96,90,370,'Sidebar',0,'0',0,0)
 ,(96,90,395,'Main',0,'0',0,0)
 ,(96,90,389,'Sidebar',1,'0',0,0)
 ,(96,91,1,'Header Nav',0,'0',0,0)
 ,(96,90,401,'Main',1,'1',0,0)
 ,(96,90,400,'Sidebar',2,'1',0,0)
 ,(96,91,2,'Header',0,'0',0,0)
 ,(96,91,370,'Sidebar',0,'0',0,0)
 ,(96,91,395,'Main',0,'0',0,0)
 ,(96,91,389,'Sidebar',1,'0',0,0)
 ,(98,6,1,'Header Nav',0,'0',0,0)
 ,(96,91,400,'Sidebar',2,'0',0,0)
 ,(96,91,402,'Main',1,'1',0,0)
 ,(98,6,2,'Header',0,'0',0,0)
 ,(89,31,1,'Header Nav',0,'0',0,0)
 ,(98,6,275,'Sidebar',0,'0',0,0)
 ,(98,6,274,'Main',1,'0',0,0)
 ,(98,6,276,'Sidebar',1,'0',0,0)
 ,(98,6,277,'Sidebar',2,'0',0,0)
 ,(98,6,403,'Main',0,'1',0,0)
 ,(89,31,2,'Header',0,'0',0,0)
 ,(89,31,226,'Main',0,'0',0,0)
 ,(89,31,228,'Sidebar',0,'0',0,0)
 ,(89,31,303,'Main',1,'0',0,0)
 ,(106,1,14,'Blog Post Header',0,'0',0,0)
 ,(89,31,302,'Main',2,'0',0,0)
 ,(89,31,305,'Sidebar',2,'0',0,0)
 ,(89,31,304,'Main',3,'0',0,0)
 ,(89,31,307,'Sidebar',3,'0',0,0)
 ,(89,31,404,'Sidebar',1,'1',0,0)
 ,(106,1,13,'Header',0,'0',0,0)
 ,(106,1,12,'Header Nav',0,'0',0,0)
 ,(106,1,15,'Main',0,'0',0,0)
 ,(106,1,16,'Blog Post More',0,'0',0,0)
 ,(106,1,18,'Sidebar',0,'0',0,0)
 ,(106,1,40,'Blog Post Footer',0,'0',0,0)
 ,(106,1,17,'Blog Post Footer',1,'0',0,0)
 ,(106,1,23,'Sidebar',1,'0',0,0)
 ,(106,2,12,'Header Nav',0,'0',0,0)
 ,(106,2,13,'Header',0,'0',0,0)
 ,(106,2,14,'Blog Post Header',0,'0',0,0)
 ,(106,3,12,'Header Nav',0,'0',0,0)
 ,(106,2,405,'Main',0,'1',0,0)
 ,(106,2,18,'Sidebar',0,'0',0,0)
 ,(106,2,40,'Blog Post Footer',0,'0',0,0)
 ,(106,2,17,'Blog Post Footer',1,'0',0,0)
 ,(106,2,23,'Sidebar',1,'0',0,0)
 ,(106,3,13,'Header',0,'0',0,0)
 ,(106,3,14,'Blog Post Header',0,'0',0,0)
 ,(106,3,18,'Sidebar',0,'0',0,0)
 ,(106,3,40,'Blog Post Footer',0,'0',0,0)
 ,(89,32,1,'Header Nav',0,'0',0,0)
 ,(106,3,17,'Blog Post Footer',1,'0',0,0)
 ,(106,3,23,'Sidebar',1,'0',0,0)
 ,(106,3,406,'Main',0,'1',0,0)
 ,(89,32,2,'Header',0,'0',0,0)
 ,(89,32,226,'Main',0,'0',0,0)
 ,(89,32,228,'Sidebar',0,'0',0,0)
 ,(89,32,303,'Main',1,'0',0,0)
 ,(89,33,1,'Header Nav',0,'0',0,0)
 ,(89,32,302,'Main',2,'0',0,0)
 ,(89,32,305,'Sidebar',2,'0',0,0)
 ,(89,32,304,'Main',3,'0',0,0)
 ,(89,32,307,'Sidebar',3,'0',0,0)
 ,(89,32,407,'Sidebar',1,'1',0,0)
 ,(89,33,2,'Header',0,'0',0,0)
 ,(89,33,226,'Main',0,'0',0,0)
 ,(89,33,228,'Sidebar',0,'0',0,0)
 ,(89,33,303,'Main',1,'0',0,0)
 ,(89,34,1,'Header Nav',0,'0',0,0)
 ,(89,33,302,'Main',2,'0',0,0)
 ,(89,33,305,'Sidebar',2,'0',0,0)
 ,(89,33,304,'Main',3,'0',0,0)
 ,(89,33,307,'Sidebar',3,'0',0,0)
 ,(89,33,408,'Sidebar',1,'1',0,0)
 ,(89,34,2,'Header',0,'0',0,0)
 ,(89,34,226,'Main',0,'0',0,0)
 ,(89,34,228,'Sidebar',0,'0',0,0)
 ,(89,34,303,'Main',1,'0',0,0)
 ,(115,2,1,'Header Nav',0,'0',0,0)
 ,(89,34,302,'Main',2,'0',0,0)
 ,(89,34,305,'Sidebar',2,'0',0,0)
 ,(89,34,304,'Main',3,'0',0,0)
 ,(89,34,307,'Sidebar',3,'0',0,0)
 ,(89,34,409,'Sidebar',1,'1',0,0)
 ,(96,92,415,'Main',0,'1',0,0)
 ,(96,92,1,'Header Nav',0,'0',0,0)
 ,(96,92,2,'Header',0,'0',0,0)
 ,(96,92,370,'Sidebar',0,'0',0,0)
 ,(115,2,2,'Header',0,'0',0,0)
 ,(96,92,389,'Sidebar',1,'0',0,0)
 ,(96,92,402,'Main',1,'0',0,0)
 ,(96,92,400,'Sidebar',2,'0',0,0)
 ,(115,1,1,'Header Nav',0,'0',0,0)
 ,(115,1,2,'Header',0,'0',0,0)
 ,(115,1,3,'Sidebar',0,'0',0,0)
 ,(115,2,3,'Sidebar',0,'0',0,0)
 ,(115,3,1,'Header Nav',0,'0',0,0)
 ,(115,3,2,'Header',0,'0',0,0)
 ,(115,3,3,'Sidebar',0,'0',0,0)
 ,(115,3,418,'Main',0,'1',0,0)
 ,(115,4,1,'Header Nav',0,'0',0,0)
 ,(115,4,2,'Header',0,'0',0,0)
 ,(115,4,3,'Sidebar',0,'0',0,0)
 ,(115,4,419,'Main',0,'1',0,0)
 ,(115,5,1,'Header Nav',0,'0',0,0)
 ,(115,5,2,'Header',0,'0',0,0)
 ,(115,5,3,'Sidebar',0,'0',0,0)
 ,(115,5,420,'Main',0,'1',0,0)
 ,(115,6,422,'Main',0,'1',0,0)
 ,(115,6,1,'Header Nav',0,'0',0,0)
 ,(115,6,2,'Header',0,'0',0,0)
 ,(115,6,3,'Sidebar',0,'0',0,0)
 ,(115,6,420,'Main',1,'0',0,0)
 ,(115,7,1,'Header Nav',0,'0',0,0)
 ,(115,7,2,'Header',0,'0',0,0)
 ,(115,7,3,'Sidebar',0,'0',0,0)
 ,(115,8,1,'Header Nav',0,'0',0,0)
 ,(115,7,420,'Main',1,'0',0,0)
 ,(115,8,2,'Header',0,'0',0,0)
 ,(115,8,424,'Sidebar',2,'1',0,0)
 ,(115,8,420,'Main',0,'0',0,0)
 ,(115,8,423,'Sidebar',1,'1',0,0)
 ,(115,8,425,'Sidebar',3,'1',0,0)
 ,(115,8,426,'Sidebar',4,'1',0,0)
 ,(116,1,1,'Header Nav',0,'0',0,0)
 ,(116,1,2,'Header',0,'0',0,0)
 ,(116,1,3,'Sidebar',0,'0',0,0)
 ,(116,2,1,'Header Nav',0,'0',0,0)
 ,(116,2,2,'Header',0,'0',0,0)
 ,(116,2,3,'Sidebar',0,'0',0,0)
 ,(116,3,1,'Header Nav',0,'0',0,0)
 ,(116,3,2,'Header',0,'0',0,0)
 ,(116,3,3,'Sidebar',0,'0',0,0)
 ,(116,3,427,'Main',0,'1',0,0)
 ,(116,4,1,'Header Nav',0,'0',0,0)
 ,(116,4,2,'Header',0,'0',0,0)
 ,(116,4,3,'Sidebar',0,'0',0,0)
 ,(116,4,428,'Main',0,'1',0,0)
 ,(77,22,1,'Header Nav',0,'0',0,0)
 ,(77,22,69,'Sidebar',0,'0',0,0)
 ,(77,22,105,'Header',0,'0',0,0)
 ,(89,35,2,'Header',0,'0',0,0)
 ,(77,22,70,'Sidebar',1,'0',0,0)
 ,(77,22,284,'Sidebar',2,'0',0,0)
 ,(89,35,1,'Header Nav',0,'0',0,0)
 ,(77,22,130,'Sidebar',4,'0',0,0)
 ,(77,22,73,'Sidebar',5,'0',0,0)
 ,(77,22,429,'Main',0,'1',0,0)
 ,(89,35,226,'Main',0,'0',0,0)
 ,(89,35,228,'Sidebar',0,'0',0,0)
 ,(89,35,303,'Main',1,'0',0,0)
 ,(77,23,1,'Header Nav',0,'0',0,0)
 ,(89,35,302,'Main',2,'0',0,0)
 ,(89,35,305,'Sidebar',2,'0',0,0)
 ,(89,35,304,'Main',3,'0',0,0)
 ,(89,35,307,'Sidebar',3,'0',0,0)
 ,(89,35,430,'Sidebar',1,'1',0,0)
 ,(77,23,69,'Sidebar',0,'0',0,0)
 ,(77,23,105,'Header',0,'0',0,0)
 ,(89,36,1,'Header Nav',0,'0',0,0)
 ,(77,23,70,'Sidebar',1,'0',0,0)
 ,(77,23,284,'Sidebar',2,'0',0,0)
 ,(77,23,130,'Sidebar',3,'0',0,0)
 ,(77,23,73,'Sidebar',4,'0',0,0)
 ,(77,23,431,'Main',0,'1',0,0)
 ,(89,36,2,'Header',0,'0',0,0)
 ,(89,36,226,'Main',0,'0',0,0)
 ,(89,36,228,'Sidebar',0,'0',0,0)
 ,(89,36,303,'Main',1,'0',0,0)
 ,(89,37,1,'Header Nav',0,'0',0,0)
 ,(89,36,302,'Main',2,'0',0,0)
 ,(89,36,305,'Sidebar',2,'0',0,0)
 ,(89,36,304,'Main',3,'0',0,0)
 ,(89,36,307,'Sidebar',3,'0',0,0)
 ,(89,36,432,'Sidebar',1,'1',0,0)
 ,(89,37,2,'Header',0,'0',0,0)
 ,(89,37,226,'Main',0,'0',0,0)
 ,(89,37,228,'Sidebar',0,'0',0,0)
 ,(89,37,303,'Main',1,'0',0,0)
 ,(116,5,1,'Header Nav',0,'0',0,0)
 ,(89,37,302,'Main',2,'0',0,0)
 ,(89,37,305,'Sidebar',2,'0',0,0)
 ,(89,37,304,'Main',3,'0',0,0)
 ,(89,37,307,'Sidebar',3,'0',0,0)
 ,(89,37,433,'Sidebar',1,'1',0,0)
 ,(116,5,2,'Header',0,'0',0,0)
 ,(116,6,1,'Header Nav',0,'0',0,0)
 ,(116,6,2,'Header',0,'0',0,0)
 ,(116,6,435,'Sidebar',0,'1',0,0)
 ,(116,6,436,'Sidebar',1,'1',0,0)
 ,(116,7,1,'Header Nav',0,'0',0,0)
 ,(116,7,2,'Header',0,'0',0,0)
 ,(116,8,2,'Header',0,'0',0,0)
 ,(116,8,1,'Header Nav',0,'0',0,0)
 ,(116,8,437,'Main : Layout 1 : Cell 1',0,'1',0,0)
 ,(116,9,1,'Header Nav',0,'0',0,0)
 ,(116,9,2,'Header',0,'0',0,0)
 ,(116,9,439,'Main : Layout 1 : Cell 2',0,'1',0,0)
 ,(116,9,438,'Main : Layout 1 : Cell 1',0,'1',0,0)
 ,(116,9,440,'Main : Layout 1 : Cell 1',1,'1',0,0)
 ,(116,10,1,'Header Nav',0,'0',0,0)
 ,(116,10,2,'Header',0,'0',0,0)
 ,(116,10,438,'Main : Layout 1 : Cell 1',0,'0',0,0)
 ,(116,10,439,'Main : Layout 1 : Cell 2',0,'0',0,0)
 ,(116,10,440,'Main : Layout 1 : Cell 1',1,'0',0,0)
 ,(116,10,441,'Main : Layout 1 : Cell 3',0,'1',0,0)
 ,(116,11,1,'Header Nav',0,'0',0,0)
 ,(116,11,2,'Header',0,'0',0,0)
 ,(1,32,64,'Header',0,'0',0,0)
 ,(116,11,439,'Main : Layout 1 : Cell 2',0,'0',0,0)
 ,(116,11,441,'Main : Layout 1 : Cell 3',0,'0',0,0)
 ,(116,11,440,'Main : Layout 1 : Cell 1',1,'0',0,0)
 ,(1,32,74,'Main',0,'0',0,0)
 ,(1,32,114,'Sidebar',0,'0',0,0)
 ,(1,32,281,'Header Nav',0,'0',0,0)
 ,(1,32,198,'Main',1,'0',0,0)
 ,(1,32,270,'Sidebar',1,'0',0,0)
 ,(1,32,124,'Main',2,'0',0,0)
 ,(1,32,125,'Sidebar',2,'0',0,0)
 ,(1,32,126,'Sidebar',3,'0',0,0)
 ,(116,12,1,'Header Nav',0,'0',0,0)
 ,(116,12,2,'Header',0,'0',0,0)
 ,(116,12,439,'Main : Layout 1 : Cell 2',0,'0',0,0)
 ,(116,12,441,'Main : Layout 1 : Cell 3',0,'0',0,0)
 ,(116,12,442,'Main : Layout 1 : Cell 1',0,'1',0,0)
 ,(116,13,1,'Header Nav',0,'0',0,0)
 ,(116,13,2,'Header',0,'0',0,0)
 ,(116,13,442,'Main : Layout 1 : Cell 1',0,'0',0,0);

DROP TABLE IF EXISTS CollectionVersions;

CREATE TABLE IF NOT EXISTS `CollectionVersions` (
  `cID` int(10) unsigned NOT NULL DEFAULT '0',
  `cvID` int(10) unsigned NOT NULL DEFAULT '1',
  `cvName` text,
  `cvHandle` varchar(64) DEFAULT NULL,
  `cvDescription` text,
  `cvDatePublic` datetime DEFAULT NULL,
  `cvDateCreated` datetime NOT NULL DEFAULT '0000-00-00 00:00:00',
  `cvComments` varchar(255) DEFAULT NULL,
  `cvIsApproved` tinyint(1) NOT NULL DEFAULT '0',
  `cvIsNew` tinyint(1) NOT NULL DEFAULT '0',
  `cvAuthorUID` int(10) unsigned DEFAULT NULL,
  `cvApproverUID` int(10) unsigned DEFAULT NULL,
  `cvActivateDatetime` datetime DEFAULT NULL,
  PRIMARY KEY (`cID`,`cvID`),
  KEY `cvIsApproved` (`cvIsApproved`)
) ENGINE=MyISAM DEFAULT CHARSET=utf8;

INSERT INTO CollectionVersions VALUES(2,1,NULL,NULL,NULL,'2011-06-24 22:52:16','2011-06-24 22:52:16','Initial Version',1,0,1,1,NULL)
 ,(5,1,'Login','login',NULL,'2011-06-24 22:52:16','2011-06-24 22:52:16','Initial Version',1,0,1,NULL,NULL)
 ,(6,1,'Register','register',NULL,'2011-06-24 22:52:16','2011-06-24 22:52:16','Initial Version',1,0,1,NULL,NULL)
 ,(7,1,'Profile','profile',NULL,'2011-06-24 22:52:16','2011-06-24 22:52:16','Initial Version',1,0,1,NULL,NULL)
 ,(8,1,'Edit','edit',NULL,'2011-06-24 22:52:16','2011-06-24 22:52:16','Initial Version',1,0,1,NULL,NULL)
 ,(10,1,'Avatar','avatar',NULL,'2011-06-24 22:52:16','2011-06-24 22:52:16','Initial Version',1,0,1,NULL,NULL)
 ,(11,1,'Messages','messages',NULL,'2011-06-24 22:52:16','2011-06-24 22:52:16','Initial Version',1,0,1,NULL,NULL)
 ,(12,1,'Friends','friends',NULL,'2011-06-24 22:52:16','2011-06-24 22:52:16','Initial Version',1,0,1,NULL,NULL)
 ,(13,1,'Page Not Found','page_not_found',NULL,'2011-06-24 22:52:16','2011-06-24 22:52:16','Initial Version',1,0,1,NULL,NULL)
 ,(14,1,'Page Forbidden','page_forbidden',NULL,'2011-06-24 22:52:16','2011-06-24 22:52:16','Initial Version',1,0,1,NULL,NULL)
 ,(15,1,'Dashboard','dashboard',NULL,'2011-06-24 22:52:16','2011-06-24 22:52:16','Initial Version',1,0,1,NULL,NULL)
 ,(16,1,'Sitemap','sitemap','Whole world at a glance.','2011-06-24 22:52:16','2011-06-24 22:52:16','Initial Version',1,0,1,NULL,NULL)
 ,(17,1,'Full Sitemap','full',NULL,'2011-06-24 22:52:16','2011-06-24 22:52:16','Initial Version',1,0,1,NULL,NULL)
 ,(18,1,'Flat View','explore',NULL,'2011-06-24 22:52:16','2011-06-24 22:52:16','Initial Version',1,0,1,NULL,NULL)
 ,(19,1,'Page Search','search',NULL,'2011-06-24 22:52:16','2011-06-24 22:52:16','Initial Version',1,0,1,NULL,NULL)
 ,(20,1,'Access','access',NULL,'2011-06-24 22:52:16','2011-06-24 22:52:16','Initial Version',1,0,1,NULL,NULL)
 ,(21,1,'File Manager','files','All documents and images.','2011-06-24 22:52:16','2011-06-24 22:52:16','Initial Version',1,0,1,NULL,NULL)
 ,(22,1,'Search','search',NULL,'2011-06-24 22:52:16','2011-06-24 22:52:16','Initial Version',1,0,1,NULL,NULL)
 ,(23,1,'Attributes','attributes',NULL,'2011-06-24 22:52:16','2011-06-24 22:52:16','Initial Version',1,0,1,NULL,NULL)
 ,(24,1,'Sets','sets',NULL,'2011-06-24 22:52:16','2011-06-24 22:52:16','Initial Version',1,0,1,NULL,NULL)
 ,(25,1,'Access','access',NULL,'2011-06-24 22:52:16','2011-06-24 22:52:16','Initial Version',1,0,1,NULL,NULL)
 ,(26,1,'Reports','reports','Get data from forms and logs.','2011-06-24 22:52:16','2011-06-24 22:52:16','Initial Version',1,0,1,NULL,NULL)
 ,(27,1,'Form Results','forms','Get submission data.','2011-06-24 22:52:16','2011-06-24 22:52:16','Initial Version',1,0,1,NULL,NULL)
 ,(28,1,'Surveys','surveys',NULL,'2011-06-24 22:52:16','2011-06-24 22:52:16','Initial Version',1,0,1,NULL,NULL)
 ,(29,1,'Logs','logs',NULL,'2011-06-24 22:52:16','2011-06-24 22:52:16','Initial Version',1,0,1,NULL,NULL)
 ,(30,1,'Users and Groups','users','Add and manage people.','2011-06-24 22:52:16','2011-06-24 22:52:16','Initial Version',1,0,1,NULL,NULL)
 ,(31,1,'Find Users','search',NULL,'2011-06-24 22:52:16','2011-06-24 22:52:16','Initial Version',1,0,1,NULL,NULL)
 ,(32,1,'Add User','add',NULL,'2011-06-24 22:52:16','2011-06-24 22:52:16','Initial Version',1,0,1,NULL,NULL)
 ,(33,1,'Groups','groups',NULL,'2011-06-24 22:52:16','2011-06-24 22:52:16','Initial Version',1,0,1,NULL,NULL)
 ,(34,1,'User Attributes','attributes',NULL,'2011-06-24 22:52:16','2011-06-24 22:52:16','Initial Version',1,0,1,NULL,NULL)
 ,(35,1,'Login & Registration','registration',NULL,'2011-06-24 22:52:16','2011-06-24 22:52:16','Initial Version',1,0,1,NULL,NULL)
 ,(36,1,'Scrapbook','scrapbook','Share content across your site.','2011-06-24 22:52:16','2011-06-24 22:52:16','Initial Version',1,0,1,NULL,NULL)
 ,(37,1,'Pages and Themes','pages','Reskin your site.','2011-06-24 22:52:16','2011-06-24 22:52:16','Initial Version',1,0,1,NULL,NULL)
 ,(38,1,'Themes','themes','Reskin your site.','2011-06-24 22:52:16','2011-06-24 22:52:16','Initial Version',1,0,1,NULL,NULL)
 ,(39,1,'Add','add',NULL,'2011-06-24 22:52:16','2011-06-24 22:52:16','Initial Version',1,0,1,NULL,NULL)
 ,(40,1,'Inspect','inspect',NULL,'2011-06-24 22:52:16','2011-06-24 22:52:16','Initial Version',1,0,1,NULL,NULL)
 ,(41,1,'Customize','customize',NULL,'2011-06-24 22:52:16','2011-06-24 22:52:16','Initial Version',1,0,1,NULL,NULL)
 ,(42,1,'Marketplace','marketplace',NULL,'2011-06-24 22:52:16','2011-06-24 22:52:16','Initial Version',1,0,1,NULL,NULL)
 ,(43,1,'Page Types','types','What goes in your site.','2011-06-24 22:52:16','2011-06-24 22:52:16','Initial Version',1,0,1,NULL,NULL)
 ,(44,1,'Attributes','attributes',NULL,'2011-06-24 22:52:16','2011-06-24 22:52:16','Initial Version',1,0,1,NULL,NULL)
 ,(45,1,'Single Pages','single',NULL,'2011-06-24 22:52:16','2011-06-24 22:52:16','Initial Version',1,0,1,NULL,NULL)
 ,(46,1,'Add Functionality','install','Install addons & themes.','2011-06-24 22:52:16','2011-06-24 22:52:16','Initial Version',1,0,1,NULL,NULL)
 ,(47,1,'System & Maintenance','system','Backup, cleanup and update.','2011-06-24 22:52:16','2011-06-24 22:52:16','Initial Version',1,0,1,NULL,NULL)
 ,(48,1,'Jobs','jobs',NULL,'2011-06-24 22:52:16','2011-06-24 22:52:16','Initial Version',1,0,1,NULL,NULL)
 ,(49,1,'Backup & Restore','backup',NULL,'2011-06-24 22:52:16','2011-06-24 22:52:16','Initial Version',1,0,1,NULL,NULL)
 ,(50,1,'Update','update',NULL,'2011-06-24 22:52:16','2011-06-24 22:52:16','Initial Version',1,0,1,NULL,NULL)
 ,(51,1,'Notifications','notifications',NULL,'2011-06-24 22:52:16','2011-06-24 22:52:16','Initial Version',1,0,1,NULL,NULL)
 ,(52,1,'Sitewide Settings','settings','Secure and setup your site.','2011-06-24 22:52:16','2011-06-24 22:52:16','Initial Version',1,0,1,NULL,NULL)
 ,(53,1,'Email','mail','Enable post via email and other settings.','2011-06-24 22:52:16','2011-06-24 22:52:16','Initial Version',1,0,1,NULL,NULL)
 ,(54,1,'Marketplace','marketplace',NULL,'2011-06-24 22:52:16','2011-06-24 22:52:16','Initial Version',1,0,1,NULL,NULL)
 ,(55,1,'Download File','download_file',NULL,'2011-06-24 22:52:16','2011-06-24 22:52:16','Initial Version',1,0,1,NULL,NULL)
 ,(63,1,NULL,'uID=1',NULL,'2011-06-24 22:52:16','2011-06-24 22:52:16','Initial Version',1,0,NULL,NULL,NULL)
 ,(64,1,'',NULL,NULL,'2011-06-24 22:52:16','2011-06-24 22:52:16','Initial Version',1,0,NULL,NULL,NULL)
 ,(65,1,'',NULL,NULL,'2011-06-24 22:52:16','2011-06-24 22:52:16','Initial Version',1,0,NULL,1,NULL)
 ,(66,1,'',NULL,NULL,'2011-06-24 22:52:16','2011-06-24 22:52:16','Initial Version',1,0,NULL,1,NULL)
 ,(79,8,'Aggregating the Bitcoin Economy','aggregating-the-bitcoin-economy','First of all, let us welcome you to search bitcoin. We here at search bitcoin are working hard to index all the bitcoin websites on the web. Our goal is to aggregate all the bitcoin products and services offered by the bitcoin community to give you a bird\'s eye view of the state of the economy, and to help you find the stuff you are looking for.','2011-06-25 18:49:00','2011-06-26 13:16:47','New Version 8',1,0,1,1,NULL)
 ,(1,19,'Bitcoin Merchandise','bitcoin-merchandise','','2011-06-24 22:52:00','2011-06-25 21:03:15','0.1',0,0,1,1,NULL)
 ,(71,12,'Blog','blog','','2011-06-24 22:52:00','2011-06-25 20:15:58','Version 12',0,0,1,1,NULL)
 ,(75,8,'Contact Us','contact-us','Help us improve this website. We welcome questions, criticisms, and general comments about the search bitcoin.','2011-06-25 08:43:00','2011-06-26 10:44:57','Version 8',0,0,1,1,NULL)
 ,(1,24,'Bitcoin Merchandise','bitcoin-merchandise','','2011-06-24 22:52:00','2011-06-26 12:45:32','Version 24',0,0,1,1,NULL)
 ,(76,7,'Chamber of Commerce','business-directory','','2011-06-25 08:50:00','2011-06-26 12:53:05','New Version 7',0,0,1,1,NULL)
 ,(76,8,'Chamber of Commerce','chamber-of-commerce','','2011-06-25 08:50:00','2011-06-26 13:02:20','Version 8',0,0,1,1,NULL)
 ,(79,7,'Aggregating the Btcoin Economy','aggregating-the-btcoin-economy','First of all, let us welcome you to search bitcoin. We here at search bitcoin are working hard to index all the bitcoin websites on the web. Our goal is to aggregate all the bitcoin products and services offered by the bitcoin community to give you a bird\'s eye view of the state of the economy, and to help you find the stuff you are looking for.','2011-06-25 18:49:00','2011-06-26 13:15:02','New Version 7',0,0,1,1,NULL)
 ,(71,1,'Blog','blog','','2011-06-24 22:52:16','2011-06-24 22:52:16','Initial Version',0,0,1,NULL,NULL)
 ,(71,2,'Blog','blog','','2011-06-24 22:52:16','2011-06-24 22:52:16','Version 2',0,0,1,1,NULL)
 ,(79,1,'Aggregating','aggregating','First of all, let me welcome you to search bitcoin. We at search bitcoin are working hard to index all the bitcoin websites on the web. It is aggregate all the bitcoin products and services offered by the bitcoin community to give you a bird\'s eye view of the state of the economy, and to help you find the stuff you are looking for. This is a tremendously difficult project, but we are making headway. Already we\'ve added just over 100 businesses to our directory, and indexed several thousand items of merchandise offered through these stores. Stay tuned for exciting things to come!','2011-06-25 18:49:00','2011-06-25 18:55:24','Initial Version',0,0,1,NULL,NULL)
 ,(74,1,'Members','members',NULL,'2011-06-24 22:52:16','2011-06-24 22:52:16','Initial Version',1,0,1,NULL,NULL)
 ,(79,2,'Aggregating','aggregating','First of all, let me welcome you to search bitcoin. We at search bitcoin are working hard to index all the bitcoin websites on the web. It is aggregate all the bitcoin products and services offered by the bitcoin community to give you a bird\'s eye view of the state of the economy, and to help you find the stuff you are looking for. This is a tremendously difficult project, but we are making headway. Already we\'ve added just over 100 businesses to our directory, and indexed several thousand items of merchandise offered through these stores. Stay tuned for exciting things to come!','2011-06-25 18:49:00','2011-06-25 18:55:26','0.1',0,0,1,1,NULL)
 ,(36,2,'Scrapbook','scrapbook','Share content across your site.','2011-06-24 22:52:16','2011-06-24 22:52:16','New Version 2',0,1,1,NULL,NULL)
 ,(75,7,'Contact Us','contact-us','Help us improve this website. We welcome questions, criticisms, and general comments about the search bitcoin.','2011-06-25 08:43:00','2011-06-26 09:49:18','Version 7',0,0,1,1,NULL)
 ,(76,1,'Business Directory','business-directory','','2011-06-25 08:50:00','2011-06-25 08:51:17','Initial Version',0,0,1,NULL,NULL)
 ,(76,2,'Business Directory','business-directory','','2011-06-25 08:50:00','2011-06-25 08:51:18','New Version 2',0,0,1,1,NULL)
 ,(76,6,'Business Directory','business-directory','','2011-06-25 08:50:00','2011-06-25 23:56:11','0.2',0,0,1,1,NULL)
 ,(77,13,'Learn About Bitcoins','learn-about-bitcoins','','2011-06-25 09:06:00','2011-06-25 21:10:12','Version 13',0,0,1,1,NULL)
 ,(76,10,'Chamber of Commerce','chamber-of-commerce','','2011-06-25 08:50:00','2011-06-26 23:13:05','0.3',0,0,1,1,NULL)
 ,(76,11,'Chamber of Commerce','chamber-of-commerce','','2011-06-25 08:50:00','2011-06-26 23:14:24','0.3',0,0,1,1,NULL)
 ,(1,23,'Bitcoin Merchandise','bitcoin-merchandise','','2011-06-24 22:52:00','2011-06-26 09:36:30','Version 23',0,0,1,1,NULL)
 ,(75,4,'Contact Us','contact-us','Help us improve this website. We welcome questions, criticisms, and general comments about the search bitcoin.','2011-06-25 08:43:00','2011-06-25 16:20:22','0.1',0,0,1,1,NULL)
 ,(71,3,'Blog','blog','','2011-06-24 22:52:16','2011-06-25 16:53:06','0.1',0,0,1,1,NULL)
 ,(71,4,'Blog','blog','','2011-06-24 22:52:16','2011-06-25 16:59:40','0.1',0,0,1,1,NULL)
 ,(71,5,'Blog','blog','','2011-06-24 22:52:16','2011-06-25 18:33:47','0.1',0,0,1,1,NULL)
 ,(71,6,'Blog','blog','','2011-06-24 22:52:16','2011-06-25 18:40:12','0.1',0,0,1,1,NULL)
 ,(77,15,'Learn About Bitcoins','learn-about-bitcoins','','2011-06-25 09:06:00','2011-06-26 13:27:37','0.2',0,0,1,1,NULL)
 ,(77,16,'Learn About Bitcoins','learn-about-bitcoins','','2011-06-25 09:06:00','2011-06-26 13:29:32','Version 16',0,0,1,1,NULL)
 ,(77,17,'Learn About Bitcoins','learn-about-bitcoins','','2011-06-25 09:06:00','2011-06-26 13:33:46','0.2',0,0,1,1,NULL)
 ,(71,7,'Blog','blog','','2011-06-24 22:52:16','2011-06-25 18:48:02','0.1',0,0,1,1,NULL)
 ,(79,3,'Aggregating the Btcoin Economy','aggregating','First of all, let me welcome you to search bitcoin. We at search bitcoin are working hard to index all the bitcoin websites on the web. It is aggregate all the bitcoin products and services offered by the bitcoin community to give you a bird\'s eye view of the state of the economy, and to help you find the stuff you are looking for. This is a tremendously difficult project, but we are making headway. Already we\'ve added just over 100 businesses to our directory, and indexed several thousand items of merchandise offered through these stores. Stay tuned for exciting things to come!','2011-06-25 18:49:00','2011-06-25 18:58:27','New Version 3',0,0,1,1,NULL)
 ,(79,4,'Aggregating the Btcoin Economy','aggregating','F F First of all, let me welcome you to search bitcoin. We at search bitcoin are working hard to index all the bitcoin websites on the web. It is aggregate all the bitcoin products and services offered by the bitcoin community to give you a bird\'s eye view of the state of the economy, and to help you find the stuff you are looking for. This is a tremendously difficult project, but we are making headway. Already we\'ve added just over 100 businesses to our directory, and indexed several thousand items of merchandise offered through these stores. Stay tuned for exciting things to come!','2011-06-25 18:49:00','2011-06-25 18:58:50','New Version 4',0,0,1,1,NULL)
 ,(79,5,'Aggregating the Btcoin Economy','aggregating','First of all, let us welcome you to search bitcoin. We at search bitcoin are working hard to index all the bitcoin websites on the web. It is aggregate all the bitcoin products and services offered by the bitcoin community to give you a bird\'s eye view of the state of the economy, and to help you find the stuff you are looking for. This is a tremendously difficult project, but we are making headway. Already we\'ve added just over 100 businesses to our directory, and indexed several thousand items of merchandise offered through these stores. Stay tuned for exciting things to come!','2011-06-25 18:49:00','2011-06-25 19:00:14','New Version 5',0,0,1,1,NULL)
 ,(79,6,'Aggregating the Btcoin Economy','aggregating-the-btcoin-economy','First of all, let us welcome you to search bitcoin. We at search bitcoin are working hard to index all the bitcoin websites on the web. It is aggregate all the bitcoin products and services offered by the bitcoin community to give you a bird\'s eye view of the state of the economy, and to help you find the stuff you are looking for. This is a tremendously difficult project, but we are making headway. Already we\'ve added just over 100 businesses to our directory, and indexed several thousand items of merchandise offered through these stores. Stay tuned for exciting things to come!','2011-06-25 18:49:00','2011-06-25 19:01:11','Version 6',0,0,1,1,NULL)
 ,(71,8,'Blog','blog','','2011-06-24 22:52:16','2011-06-25 19:02:55','0.1',0,0,1,1,NULL)
 ,(76,3,'Business Directory','business-directory','','2011-06-25 08:50:00','2011-06-25 19:04:41','Version 3',0,0,1,1,NULL)
 ,(76,9,'Chamber of Commerce','chamber-of-commerce','','2011-06-25 08:50:00','2011-06-26 22:51:02','0.3',0,0,1,1,NULL)
 ,(77,11,'Learn About Bitcoins','learn-about-bitcoins','','2011-06-25 09:06:00','2011-06-25 19:18:58','0.1',0,0,1,1,NULL)
 ,(76,4,'Business Directory','business-directory','','2011-06-25 08:50:00','2011-06-25 19:36:46','0.1',0,0,1,1,NULL)
 ,(71,9,'Blog','blog','','2011-06-24 22:52:16','2011-06-25 19:39:00','0.1',0,0,1,1,NULL)
 ,(76,12,'Chamber of Commerce','chamber-of-commerce','','2011-06-25 08:50:00','2011-06-26 23:18:05','0.3',0,0,1,1,NULL)
 ,(77,14,'Learn About Bitcoins','learn-about-bitcoins','','2011-06-25 09:06:00','2011-06-26 09:43:23','0.2',0,0,1,1,NULL)
 ,(77,12,'Learn About Bitcoins','learn-about-bitcoins','','2011-06-25 09:06:00','2011-06-25 19:59:14','New Version 12',0,0,1,1,NULL)
 ,(76,5,'Business Directory','business-directory','','2011-06-25 08:50:00','2011-06-25 20:01:07','New Version 5',0,0,1,1,NULL)
 ,(71,10,'Blog','blog','','2011-06-24 22:52:00','2011-06-25 20:03:24','New Version 10',0,0,1,1,NULL)
 ,(71,11,'Blog','blog','','2011-06-24 22:52:00','2011-06-25 20:04:15','Version 11',0,0,1,1,NULL)
 ,(76,13,'Chamber of Commerce','chamber-of-commerce','','2011-06-25 08:50:00','2011-06-27 00:04:03','0.3',0,0,1,1,NULL)
 ,(76,14,'Chamber of Commerce','chamber-of-commerce','','2011-06-25 08:50:00','2011-06-27 00:04:56','0.3',0,0,1,1,NULL)
 ,(77,18,'Learn About Bitcoins','learn-about-bitcoins','','2011-06-25 09:06:00','2011-06-27 00:23:38','0.3',0,0,1,1,NULL)
 ,(82,1,'bruce-wagner-interview','bruce-wagner-interview','Bruce Wagner and associates decided to an interview covering our website plugin that creates a live feed out of the merchandise available in the bitcoin community. Check it out here.','2011-06-28 13:05:00','2011-06-28 13:09:23','Initial Version',0,0,1,NULL,NULL)
 ,(82,2,'Bruce Wagner Interviews Search Bitcoin','bruce-wagner-interviews-search-bitcoin','Bruce Wagner and associates decided to an interview covering our website plugin that creates a live feed out of the merchandise available in the bitcoin community. Check it out here.','2011-06-28 13:05:00','2011-06-28 13:09:27','New Version 2',0,0,1,1,NULL)
 ,(82,3,'Bruce Wagner Interviews Search Bitcoin','bruce-wagner-interviews-search-bitcoin','Bruce Wagner and associates decided to an interview covering our website plugin that creates a live feed out of the merchandise available in the bitcoin community. Check it out here.','2011-06-28 13:05:00','2011-06-28 13:10:59','0.3',0,0,1,1,NULL)
 ,(82,4,'Bruce Wagner Interviews Search Bitcoin','bruce-wagner-interviews-search-bitcoin','Bruce Wagner and associates decided to an interview covering our website plugin that creates a live feed out of the merchandise available in the bitcoin community. Check it out here.','2011-06-28 13:05:00','2011-06-28 13:14:08','0.3',0,0,1,1,NULL)
 ,(82,5,'Bruce Wagner Interviews Search Bitcoin','bruce-wagner-interviews-search-bitcoin','Bruce Wagner and associates decided to an interview covering our website plugin that creates a live feed out of the merchandise available in the bitcoin community. Check it out here.','2011-06-28 13:05:00','2011-06-28 13:16:09','0.3',0,0,1,1,NULL)
 ,(82,6,'Bruce Wagner Interviews Search Bitcoin','bruce-wagner-interviews-search-bitcoin','Bruce Wagner and associates decided to an interview covering our website plugin that creates a live feed out of the merchandise available in the bitcoin community. Check it out here.','2011-06-28 13:05:00','2011-06-28 13:19:55','0.3',1,0,1,1,NULL)
 ,(76,15,'Chamber of Commerce','chamber-of-commerce','','2011-06-25 08:50:00','2011-06-29 08:32:05','Version 15',0,0,1,1,NULL)
 ,(83,1,'Beyond Bitcoin Trading','beyond-bitcoin-trading','I like to think of bitcoins as an experiment  a forerunner for currencies in the distant future. Bitcoins are unique in that the currency exists entirely in the digital realm, is designed from the ground up using encryption, and is maintained by a network of peer-to-peer computers that form the backbone of the economy. The currency allows for anonymous trading and there are no transaction fees (right now, the banks get a percentage of every online transaction).','2011-06-29 19:12:00','2011-06-29 19:15:46','Initial Version',0,0,1,NULL,NULL)
 ,(83,2,'Beyond Bitcoin Trading - An Experiment Is Born','beyond-bitcoin-trading-an-experiment-is-born','I like to think of bitcoins as an experiment  a forerunner for currencies in the distant future. Bitcoins are unique in that the currency exists entirely in the digital realm, is designed from the ground up using encryption, and is maintained by a network of peer-to-peer computers that form the backbone of the economy. The currency allows for anonymous trading and there are no transaction fees (right now, the banks get a percentage of every online transaction).','2011-06-29 19:12:00','2011-06-29 19:15:51','0.3',0,0,1,1,NULL)
 ,(83,3,'Beyond Bitcoin Trading - An Experiment Is Born','beyond-bitcoin-trading-an-experiment-is-born','I like to think of bitcoins as an experiment  a forerunner for currencies in the distant future. Bitcoins are unique in that the currency exists entirely in the digital realm, is designed from the ground up using encryption, and is maintained by a network of peer-to-peer computers that form the backbone of the economy. The currency allows for anonymous trading and there are no transaction fees (right now, the banks get a percentage of every online transaction).','2011-06-29 19:12:00','2011-06-29 20:07:16','0.3',0,0,1,1,NULL)
 ,(83,4,'Beyond Bitcoin Trading - An Experiment Is Born','beyond-bitcoin-trading-an-experiment-is-born','I like to think of bitcoins as an experiment  a forerunner for currencies in the distant future. Bitcoins are unique in that the currency exists entirely in the digital realm, is designed from the ground up using encryption, and is maintained by a network of peer-to-peer computers that form the backbone of the economy. The currency allows for anonymous trading and there are no transaction fees (right now, the banks get a percentage of every online transaction).','2011-06-29 19:12:00','2011-06-29 20:08:37','0.3',0,0,1,1,NULL)
 ,(83,5,'Beyond Bitcoin Trading - An Experiment Is Born','beyond-bitcoin-trading-an-experiment-is-born','I like to think of bitcoins as an experiment  a forerunner for currencies in the distant future. Bitcoins are unique in that the currency exists entirely in the digital realm, is designed from the ground up using encryption, and is maintained by a network of peer-to-peer computers that form the backbone of the economy. The currency allows for anonymous trading and there are no transaction fees (right now, the banks get a percentage of every online transaction).','2011-06-29 19:12:00','2011-06-29 20:09:17','Version 5',0,0,1,1,NULL)
 ,(83,6,'Beyond Bitcoin Trading - An Experiment Is Born','beyond-bitcoin-trading-an-experiment-is-born','I like to think of bitcoins as an experiment  a forerunner for currencies in the distant future. Bitcoins are unique in that the currency exists entirely in the digital realm, is designed from the ground up using encryption, and is maintained by a network of peer-to-peer computers that form the backbone of the economy. The currency allows for anonymous trading and there are no transaction fees (right now, the banks get a percentage of every online transaction).','2011-06-29 19:12:00','2011-06-29 20:12:00','0.3',0,0,1,1,NULL)
 ,(83,7,'Beyond Bitcoin Trading - An Experiment Is Born','beyond-bitcoin-trading-an-experiment-is-born','I like to think of bitcoins as an experiment  a forerunner for currencies in the distant future. Bitcoins are unique in that the currency exists entirely in the digital realm, is designed from the ground up using encryption, and is maintained by a network of peer-to-peer computers that form the backbone of the economy. The currency allows for anonymous trading and there are no transaction fees (right now, the banks get a percentage of every online transaction).','2011-06-29 19:12:00','2011-06-29 20:13:20','0.3',0,0,1,1,NULL)
 ,(83,8,'Beyond Bitcoin Trading - An Experiment Is Born','beyond-bitcoin-trading-an-experiment-is-born','I like to think of bitcoins as an experiment  a forerunner for currencies in the distant future. Bitcoins are unique in that the currency exists entirely in the digital realm, is designed from the ground up using encryption, and is maintained by a network of peer-to-peer computers that form the backbone of the economy. The currency allows for anonymous trading and there are no transaction fees (right now, the banks get a percentage of every online transaction).','2011-06-29 19:12:00','2011-06-29 20:14:58','0.3',0,0,1,1,NULL)
 ,(83,9,'Beyond Bitcoin Trading - An Experiment Is Born','beyond-bitcoin-trading-an-experiment-is-born','I like to think of bitcoins as an experiment  a forerunner for currencies in the distant future. Bitcoins are unique in that the currency exists entirely in the digital realm, is designed from the ground up using encryption, and is maintained by a network of peer-to-peer computers that form the backbone of the economy. The currency allows for anonymous trading and there are no transaction fees (right now, the banks get a percentage of every online transaction).','2011-06-29 19:12:00','2011-06-29 20:15:51','0.3',0,0,1,1,NULL)
 ,(83,10,'Beyond Bitcoin Trading - An Experiment Is Born','beyond-bitcoin-trading-an-experiment-is-born','I like to think of bitcoins as an experiment  a forerunner for currencies in the distant future. Bitcoins are unique in that the currency exists entirely in the digital realm, is designed from the ground up using encryption, and is maintained by a network of peer-to-peer computers that form the backbone of the economy. The currency allows for anonymous trading and there are no transaction fees (right now, the banks get a percentage of every online transaction).','2011-06-29 19:12:00','2011-06-29 20:16:30','0.3',0,0,1,1,NULL)
 ,(83,11,'Beyond Bitcoin Trading - An Experiment Is Born','beyond-bitcoin-trading-an-experiment-is-born','I like to think of bitcoins as an experiment  a forerunner for currencies in the distant future. Bitcoins are unique in that the currency exists entirely in the digital realm, is designed from the ground up using encryption, and is maintained by a network of peer-to-peer computers that form the backbone of the economy. The currency allows for anonymous trading and there are no transaction fees (right now, the banks get a percentage of every online transaction).','2011-06-29 19:12:00','2011-06-29 20:17:59','0.3',0,0,1,1,NULL)
 ,(83,12,'Beyond Bitcoin Trading - An Experiment Is Born','beyond-bitcoin-trading-an-experiment-is-born','I like to think of bitcoins as an experiment  a forerunner for currencies in the distant future. Bitcoins are unique in that the currency exists entirely in the digital realm, is designed from the ground up using encryption, and is maintained by a network of peer-to-peer computers that form the backbone of the economy. The currency allows for anonymous trading and there are no transaction fees (right now, the banks get a percentage of every online transaction).','2011-06-29 19:12:00','2011-06-29 20:33:35','0.3',0,0,1,1,NULL)
 ,(83,13,'Beyond Bitcoin Trading - An Experiment Is Born','beyond-bitcoin-trading-an-experiment-is-born','I like to think of bitcoins as an experiment  a forerunner for currencies in the distant future. Bitcoins are unique in that the currency exists entirely in the digital realm, is designed from the ground up using encryption, and is maintained by a network of peer-to-peer computers that form the backbone of the economy. The currency allows for anonymous trading and there are no transaction fees (right now, the banks get a percentage of every online transaction).','2011-06-29 19:12:00','2011-06-30 22:37:41','New Version 13',1,0,1,1,NULL)
 ,(85,1,'Total Mastermind Interviews Search Bitcoin','total-mastermind-interviews-search-bitcoin','Denny Morales at Total Mastermind interviews Search Bitcoin about our BTC Economy plugin.','2011-07-07 16:12:00','2011-07-07 16:17:27','Initial Version',0,0,1,NULL,NULL)
 ,(85,2,'Total Mastermind Interviews Search Bitcoin','total-mastermind-interviews-search-bitcoin','Denny Morales at Total Mastermind interviews Search Bitcoin about our BTC Economy plugin. Watch the interview here.','2011-07-07 16:12:00','2011-07-07 16:17:34','New Version 2',0,0,1,1,NULL)
 ,(85,4,'Total Mastermind Interviews Search Bitcoin','total-mastermind-interviews-search-bitcoin','Denny Morales at Total Mastermind interviews Search Bitcoin about our BTC Economy plugin. Watch the interview here.','2011-07-07 16:12:00','2011-07-07 16:25:01','0.3',1,0,1,1,NULL)
 ,(85,3,'Total Mastermind Interviews Search Bitcoin','total-mastermind-interviews-search-bitcoin','Denny Morales at Total Mastermind interviews Search Bitcoin about our BTC Economy plugin. Watch the interview here.','2011-07-07 16:12:00','2011-07-07 16:22:16','0.3',0,0,1,1,NULL)
 ,(1,25,'Bitcoin Merchandise','bitcoin-merchandise','','2011-06-24 22:52:00','2011-07-08 08:31:46','New Version 25',0,0,1,1,NULL)
 ,(76,16,'Chamber of Commerce','chamber-of-commerce','','2011-06-25 08:50:00','2011-07-08 08:32:17','Version 16',0,0,1,1,NULL)
 ,(92,1,'Financials','financials','Search Bitcoin wants to maintain the trust we have established our users and partners. Therefore, we have decided to be completely open about our revenue sources. This page list our sources of revenue.','2011-07-12 21:30:00','2011-07-12 21:35:16','Initial Version',0,0,1,NULL,NULL)
 ,(1,26,'Bitcoin Merchandise','bitcoin-merchandise','','2011-06-24 22:52:00','2011-07-08 08:32:58','Version 26',0,0,1,1,NULL)
 ,(89,1,'BTC Economy Plugin','btc-economy-plugin','The BTC Economy plugin creates a live feed out of bitcoin merchandise and services that have been found using our search engine. The plugin has been extremely successful, and runs on numerous websites across the bitcoin community.','2011-07-11 20:23:00','2011-07-11 20:26:31','Initial Version',0,0,1,NULL,NULL)
 ,(71,13,'Blog','blog','','2011-06-24 22:52:00','2011-07-08 08:34:17','Version 13',0,0,1,1,NULL)
 ,(96,13,'Add Your Webpage','add-webpage','Add your website to our search engine. There are no fees, and your bitcoin site will be promoted through all of channels.','2011-07-14 15:20:00','2011-07-14 16:21:51','0.4',0,0,1,1,NULL)
 ,(86,1,'Plugins','plugins','Bring the technology and tools found in search bitcoin to your website or blog. We are actively developing a set of  bitcoin widgets that can be added to almost any website.','2011-07-11 19:36:00','2011-07-11 19:38:36','Initial Version',0,0,1,NULL,NULL)
 ,(86,2,'Plugins','plugins','Bring the technology and tools found in search bitcoin to your website or blog. We are actively developing a set of  bitcoin widgets that can be added to almost any website.','2011-07-11 19:36:00','2011-07-11 19:38:42','Version 2',0,0,1,1,NULL)
 ,(88,1,'BTC Pulse Plugin','btc-pulse-plugin','The BTC Pulse plugin creates a live stream out of bitcoin conversations in the community. It can easily be embedded into your webpage using a single line of javascript code.','2011-07-11 19:45:00','2011-07-11 19:46:08','Version 1',0,0,1,1,NULL)
 ,(86,5,'Website Plugins','plugins','Bring the technology and tools found in search bitcoin to your website or blog. We are actively developing a set of  bitcoin widgets that can be added to almost any website.','2011-07-11 19:36:00','2011-07-11 19:49:45','0.4',0,0,1,1,NULL)
 ,(86,3,'Plugins','plugins','Bring the technology and tools found in search bitcoin to your website or blog. We are actively developing a set of  bitcoin widgets that can be added to almost any website.','2011-07-11 19:36:00','2011-07-11 19:44:24','0.4',0,0,1,1,NULL)
 ,(86,4,'Plugins','plugins','Bring the technology and tools found in search bitcoin to your website or blog. We are actively developing a set of  bitcoin widgets that can be added to almost any website.','2011-07-11 19:36:00','2011-07-11 19:48:00','0.4',0,0,1,1,NULL)
 ,(86,6,'Plugins','plugins','Bring the technology and tools found in search bitcoin to your website or blog. We are actively developing a set of  bitcoin widgets that can be added to almost any website.','2011-07-11 19:36:00','2011-07-11 19:50:26','Version 6',0,0,1,1,NULL)
 ,(88,2,'BTC Pulse Plugin','btc-pulse-plugin','The BTC Pulse plugin creates a live stream out of bitcoin conversations in the community. It can easily be embedded into your webpage using a single line of javascript code.','2011-07-11 19:45:00','2011-07-11 19:52:28','0.4',0,0,1,1,NULL)
 ,(88,3,'BTC Pulse Plugin','btc-pulse-plugin','The BTC Pulse plugin creates a live stream out of bitcoin conversations in the community. It can easily be embedded into your webpage using a single line of javascript code.','2011-07-11 19:45:00','2011-07-11 20:11:38','0.4',1,0,1,1,NULL)
 ,(89,2,'BTC Economy Plugin','btc-economy-plugin','The BTC Economy plugin creates a live feed out of bitcoin merchandise and services that have been found using our search engine. The plugin has been extremely successful, and runs on numerous websites across the bitcoin community.','2011-07-11 20:23:00','2011-07-11 20:26:32','0.4',0,0,1,1,NULL)
 ,(86,7,'Plugins','plugins','Bring the technology and tools found in search bitcoin to your website or blog. We are actively developing a set of  bitcoin widgets that can be added to almost any website.','2011-07-11 19:36:00','2011-07-11 20:28:06','Version 7',0,0,1,1,NULL)
 ,(89,3,'BTC Economy Plugin','btc-economy-plugin','The BTC Economy plugin creates a live feed out of bitcoin merchandise and services that have been found using our search engine. The plugin has been extremely successful, and runs on numerous websites across the bitcoin community.','2011-07-11 20:23:00','2011-07-11 20:33:54','0.4',0,0,1,1,NULL)
 ,(89,4,'BTC Economy Plugin','btc-economy-plugin','The BTC Economy plugin creates a live feed out of bitcoin merchandise and services that have been found using our search engine. The plugin has been extremely successful, and runs on numerous websites across the bitcoin community.','2011-07-11 20:23:00','2011-07-11 20:40:54','0.4',0,0,1,1,NULL)
 ,(1,27,'Bitcoin Merchandise','bitcoin-merchandise','','2011-06-24 22:52:00','2011-07-11 20:41:00','Version 27',0,0,1,1,NULL)
 ,(89,5,'BTC Economy Plugin','btc-economy-plugin','The BTC Economy plugin creates a live feed out of bitcoin merchandise and services that have been found using our search engine. The plugin has been extremely successful, and runs on numerous websites across the bitcoin community.','2011-07-11 20:23:00','2011-07-11 20:41:59','0.4',0,0,1,1,NULL)
 ,(89,6,'BTC Economy Plugin','btc-economy-plugin','The BTC Economy plugin creates a live feed out of bitcoin merchandise and services that have been found using our search engine. The plugin has been extremely successful, and runs on numerous websites across the bitcoin community.','2011-07-11 20:23:00','2011-07-11 20:53:41','0.4',0,0,1,1,NULL)
 ,(89,7,'BTC Economy Plugin','btc-economy-plugin','The BTC Economy plugin creates a live feed out of bitcoin merchandise and services that have been found using our search engine. The plugin has been extremely successful, and runs on numerous websites across the bitcoin community.','2011-07-11 20:23:00','2011-07-11 21:03:00','0.4',0,0,1,1,NULL)
 ,(89,8,'BTC Economy Plugin','btc-economy-plugin','The BTC Economy plugin creates a live feed out of bitcoin merchandise and services that have been found using our search engine. The plugin has been extremely successful, and runs on numerous websites across the bitcoin community.','2011-07-11 20:23:00','2011-07-11 21:07:23','0.4',0,0,1,1,NULL)
 ,(89,9,'BTC Economy Plugin','btc-economy-plugin','The BTC Economy plugin creates a live feed out of bitcoin merchandise and services that have been found using our search engine. The plugin has been extremely successful, and runs on numerous websites across the bitcoin community.','2011-07-11 20:23:00','2011-07-11 21:12:09','0.4',0,0,1,1,NULL)
 ,(89,10,'BTC Economy Plugin','btc-economy-plugin','The BTC Economy plugin creates a live feed out of bitcoin merchandise and services that have been found using our search engine. The plugin has been extremely successful, and runs on numerous websites across the bitcoin community.','2011-07-11 20:23:00','2011-07-11 21:18:15','0.4',0,0,1,1,NULL)
 ,(89,11,'BTC Economy Plugin','btc-economy-plugin','The BTC Economy plugin creates a live feed out of bitcoin merchandise and services that have been found using our search engine. The plugin has been extremely successful, and runs on numerous websites across the bitcoin community.','2011-07-11 20:23:00','2011-07-11 21:19:31','0.4',0,0,1,1,NULL)
 ,(89,12,'BTC Economy Plugin','btc-economy-plugin','The BTC Economy plugin creates a live feed out of bitcoin merchandise and services that have been found using our search engine. The plugin has been extremely successful, and runs on numerous websites across the bitcoin community.','2011-07-11 20:23:00','2011-07-11 21:24:12','0.4',0,0,1,1,NULL)
 ,(89,13,'BTC Economy Plugin','btc-economy-plugin','The BTC Economy plugin creates a live feed out of bitcoin merchandise and services that have been found using our search engine. The plugin has been extremely successful, and runs on numerous websites across the bitcoin community.','2011-07-11 20:23:00','2011-07-11 21:25:23','0.4',0,0,1,NULL,NULL)
 ,(89,14,'BTC Economy Plugin','btc-economy-plugin','The BTC Economy plugin creates a live feed out of bitcoin merchandise and services that have been found using our search engine. The plugin has been extremely successful, and runs on numerous websites across the bitcoin community.','2011-07-11 20:23:00','2011-07-11 21:27:37','0.4',0,0,1,1,NULL)
 ,(89,15,'BTC Economy Plugin','btc-economy-plugin','The BTC Economy plugin creates a live feed out of bitcoin merchandise and services that have been found using our search engine. The plugin has been extremely successful, and runs on numerous websites across the bitcoin community.','2011-07-11 20:23:00','2011-07-11 21:28:40','0.4',0,0,1,1,NULL)
 ,(90,1,'BTC Find','btc-find','Check out our experimental search plugin called BTC Find. The plugin is powered our web-crawlers which have found virtually every item and service offered in the bitcoin community. This is a work in progress, and has a long way to go before it is complete.','2011-07-11 21:34:00','2011-07-11 21:38:10','Initial Version',0,0,1,NULL,NULL)
 ,(90,2,'BTC Find','btc-find','Check out our HIGHLY-EXPERIMENTAL search plugin called BTC Find. The plugin is powered our web-crawlers which have found virtually every item and service offered in the bitcoin community. This is a work in progress, and has a long way to go before it is complete.','2011-07-11 21:34:00','2011-07-11 21:38:11','0.4',0,0,1,1,NULL)
 ,(90,3,'BTC Find','btc-find','Check out our HIGHLY-EXPERIMENTAL search plugin called BTC Find. The plugin is powered our web-crawlers which have found virtually every item and service offered in the bitcoin community. This is a work in progress, and has a long way to go before it is complete.','2011-07-11 21:34:00','2011-07-11 21:41:33','0.4',0,0,1,1,NULL)
 ,(90,4,'BTC Find','btc-find','Check out our HIGHLY-EXPERIMENTAL search plugin called BTC Find. The plugin is powered our web-crawlers which have found virtually every item and service offered in the bitcoin community. This is a work in progress, and has a long way to go before it is complete.','2011-07-11 21:34:00','2011-07-11 21:42:10','0.4',0,0,1,1,NULL)
 ,(90,5,'BTC Find','btc-find','Check out our HIGHLY-EXPERIMENTAL search plugin called BTC Find. The plugin is powered our web-crawlers which have found virtually every item and service offered in the bitcoin community. This is a work in progress, and has a long way to go before it is complete.','2011-07-11 21:34:00','2011-07-11 22:59:03','0.4',0,0,1,1,NULL)
 ,(90,6,'BTC Find','btc-find','Check out our HIGHLY-EXPERIMENTAL search plugin called BTC Find. The plugin is powered our web-crawlers which have found virtually every item and service offered in the bitcoin community. This is a work in progress, and has a long way to go before it is complete.','2011-07-11 21:34:00','2011-07-11 23:04:18','0.4',0,0,1,1,NULL)
 ,(90,7,'BTC Find','btc-find','Check out our HIGHLY-EXPERIMENTAL search plugin called BTC Find. The plugin is powered our web-crawlers which have found virtually every item and service offered in the bitcoin community. This is a work in progress, and has a long way to go before it is complete.','2011-07-11 21:34:00','2011-07-11 23:05:41','0.4',0,0,1,1,NULL)
 ,(90,8,'BTC Find','btc-find','Check out our HIGHLY-EXPERIMENTAL search plugin called BTC Find. The plugin is powered our web-crawlers which have found virtually every item and service offered in the bitcoin community. This is a work in progress, and has a long way to go before it is complete.','2011-07-11 21:34:00','2011-07-11 23:08:14','0.4',0,0,1,1,NULL)
 ,(89,16,'BTC Economy Plugin','btc-economy-plugin','The BTC Economy plugin creates a live feed out of bitcoin merchandise and services that have been found using our search engine. The plugin has been extremely successful, and runs on numerous websites across the bitcoin community.','2011-07-11 20:23:00','2011-07-11 23:14:45','0.4',0,0,1,1,NULL)
 ,(89,17,'BTC Economy Plugin','btc-economy-plugin','The BTC Economy plugin creates a live feed out of bitcoin merchandise and services that have been found using our search engine. The plugin has been extremely successful, and runs on numerous websites across the bitcoin community.','2011-07-11 20:23:00','2011-07-11 23:16:33','0.4',0,0,1,1,NULL)
 ,(89,18,'BTC Economy Plugin','btc-economy-plugin','The BTC Economy plugin creates a live feed out of bitcoin merchandise and services that have been found using our search engine. The plugin has been extremely successful, and runs on numerous websites across the bitcoin community.','2011-07-11 20:23:00','2011-07-11 23:16:56','0.4',0,0,1,1,NULL)
 ,(89,19,'BTC Economy Plugin','btc-economy-plugin','The BTC Economy plugin creates a live feed out of bitcoin merchandise and services that have been found using our search engine. The plugin has been extremely successful, and runs on numerous websites across the bitcoin community.','2011-07-11 20:23:00','2011-07-11 23:17:28','0.4',0,0,1,1,NULL)
 ,(90,9,'BTC Find','btc-find','Check out our HIGHLY-EXPERIMENTAL search plugin called BTC Find. The plugin is powered our web-crawlers which have found virtually every item and service offered in the bitcoin community. This is a work in progress, and has a long way to go before it is complete.','2011-07-11 21:34:00','2011-07-11 23:20:03','0.4',0,0,1,1,NULL)
 ,(90,10,'BTC Find Plugin','btc-find-plugin','Check out our HIGHLY-EXPERIMENTAL search plugin called BTC Find. The plugin is powered our web-crawlers which have found virtually every item and service offered in the bitcoin community. This is a work in progress, and has a long way to go before it is complete.','2011-07-11 21:34:00','2011-07-11 23:22:11','0.4',0,0,1,1,NULL)
 ,(89,20,'BTC Economy Plugin','btc-economy-plugin','The BTC Economy plugin creates a live feed out of bitcoin merchandise and services that have been found using our search engine. The plugin has been extremely successful, and runs on numerous websites across the bitcoin community.','2011-07-11 20:23:00','2011-07-11 23:35:23','0.4',0,0,1,1,NULL)
 ,(86,8,'Plugins','plugins','Bring the technology and tools found in search bitcoin to your website or blog. We are actively developing and maintaining a set of bitcoin widgets that can be added to almost any website.','2011-07-11 19:36:00','2011-07-12 00:15:44','0.4',0,0,1,1,NULL)
 ,(86,9,'Plugins','plugins','Bring the technology and tools found in search bitcoin to your website or blog. We are actively developing and maintaining a set of bitcoin widgets that can be added to almost any website.','2011-07-11 19:36:00','2011-07-12 01:11:02','0.4',0,0,1,1,NULL)
 ,(86,10,'Plugins','plugins','Bring the technology and tools found in search bitcoin to your website or blog. We are actively developing and maintaining a set of bitcoin widgets that can be added to almost any website.','2011-07-11 19:36:00','2011-07-12 01:15:50','0.4',0,0,1,1,NULL)
 ,(86,11,'Plugins','plugins','Bring the technology and tools found in search bitcoin to your website or blog. We are actively developing and maintaining a set of bitcoin widgets that can be added to almost any website.','2011-07-11 19:36:00','2011-07-12 01:16:40','Version 11',0,0,1,1,NULL)
 ,(86,12,'Plugins','plugins','Bring the technology and tools found in search bitcoin to your website or blog. We are actively developing and maintaining a set of bitcoin widgets that can be added to almost any website.','2011-07-11 19:36:00','2011-07-12 01:17:51','0.4',0,0,1,1,NULL)
 ,(86,13,'Plugins','plugins','Bring the technology and tools found in search bitcoin to your website or blog. We are actively developing and maintaining a set of bitcoin widgets that can be added to almost any website.','2011-07-11 19:36:00','2011-07-12 11:27:37','0.4',0,0,1,1,NULL)
 ,(91,1,'Support for Blogger / Blogspot','support-for-blogger-blogspot','You can now run the BTC Economy plugin in blogger and blogspot. Stay tuned for support in other systems such as Wordpress and Concrete5.','2011-07-12 16:34:00','2011-07-12 16:36:21','Initial Version',0,0,1,NULL,NULL)
 ,(91,2,'Support for Blogger / Blogspot','support-for-blogger-blogspot','You can now run the BTC Economy plugin in blogger and blogspot. Stay tuned for support in other systems such as Wordpress and Concrete5.','2011-07-12 16:34:00','2011-07-12 16:36:24','0.4',1,0,1,1,NULL)
 ,(92,2,'Financials','financials','Search Bitcoin wants to maintain the trust we have established our users and partners. Therefore, we have decided to be completely open about our revenue sources. This page list our sources of revenue.','2011-07-12 21:30:00','2011-07-12 21:35:18','0.4',0,0,1,1,NULL)
 ,(92,3,'Financials','financials','Search Bitcoin wants to maintain the trust we have established with our users and partners. Therefore, we have decided to be completely open about our revenue sources. This page list our sources of revenue.','2011-07-12 21:30:00','2011-07-12 22:19:49','0.4',0,0,1,1,NULL)
 ,(92,4,'Financials','financials','Search Bitcoin wants to maintain the trust we have established with our users and partners. Therefore, we have decided to be completely open about our revenue sources. This page list our sources of revenue.','2011-07-12 21:30:00','2011-07-12 22:52:58','0.4',0,0,1,1,NULL)
 ,(92,5,'Financials','financials','Search Bitcoin wants to maintain the trust we have established with our users and partners. Therefore, we have decided to be completely open about our revenue sources. This page list our sources of revenue.','2011-07-12 21:30:00','2011-07-12 23:44:30','0.4',0,0,1,1,NULL)
 ,(92,6,'Financials','financials','Search Bitcoin wants to maintain the trust we have established with our users and partners. Therefore, we have decided to be completely open about our revenue sources. This page list our sources of revenue.','2011-07-12 21:30:00','2011-07-13 00:18:39','Version 6',0,0,1,1,NULL)
 ,(76,17,'Chamber of Commerce','chamber-of-commerce','','2011-06-25 08:50:00','2011-07-13 08:13:48','0.4',0,0,1,1,NULL)
 ,(77,19,'Learn About Bitcoins','learn-about-bitcoins','','2011-06-25 09:06:00','2011-07-13 08:19:48','Version 19',0,0,1,1,NULL)
 ,(76,18,'Chamber of Commerce','chamber-of-commerce','','2011-06-25 08:50:00','2011-07-13 08:21:04','0.4',0,0,1,1,NULL)
 ,(76,19,'Chamber of Commerce','vendors','We are helping to build the bitcoin chamber of commerce by providing our database of bitcoin businesses to the public.','2011-06-25 08:50:00','2011-07-13 12:26:45','Version 19',0,0,1,1,NULL)
 ,(98,5,'Remove','remove','Use this webpage to remove your website from Search Bitcoin and from all the services we provide to other websites in the bitcoin community.','2011-07-14 16:48:00','2011-07-14 17:10:10','0.4',0,0,1,1,NULL)
 ,(96,23,'Add Your Webpage','vendors','Add your website to our search engine. There are no fees, and your bitcoin site will be promoted through all of channels.','2011-07-14 15:20:00','2011-07-14 17:12:11','New Version 23',0,0,1,1,NULL)
 ,(96,24,'Add Your Webpage','vendors','Add your website to our search engine. There are no fees, and your bitcoin site will be promoted through all of channels.','2011-07-14 15:20:00','2011-07-14 17:13:35','0.4',0,0,1,1,NULL)
 ,(96,19,'Add Your Webpage','vendors','Add your website to our search engine. There are no fees, and your bitcoin site will be promoted through all of channels.','2011-07-14 15:20:00','2011-07-14 17:05:52','0.4',0,0,1,1,NULL)
 ,(96,20,'Add Your Webpage','vendors','Add your website to our search engine. There are no fees, and your bitcoin site will be promoted through all of channels.','2011-07-14 15:20:00','2011-07-14 17:08:22','0.4',0,0,1,1,NULL)
 ,(96,21,'Add Your Webpage','vendors','Add your website to our search engine. There are no fees, and your bitcoin site will be promoted through all of channels.','2011-07-14 15:20:00','2011-07-14 17:09:00','0.4',0,0,1,1,NULL)
 ,(96,22,'Add Your Webpage','vendors','Add your website to our search engine. There are no fees, and your bitcoin site will be promoted through all of channels.','2011-07-14 15:20:00','2011-07-14 17:09:33','Version 22',0,0,1,1,NULL)
 ,(98,4,'Remove','remove','Use this webpage to remove your website from Search Bitcoin and from all the services we provide to other websites in the bitcoin community.','2011-07-14 16:48:00','2011-07-14 17:09:57','New Version 4',0,0,1,1,NULL)
 ,(76,20,'Chamber of Commerce','vendors','We are helping to build the bitcoin chamber of commerce by providing our database of bitcoin businesses to the public.','2011-06-25 08:50:00','2011-07-13 12:55:18','New Version 20',0,0,1,1,NULL)
 ,(76,21,'Chamber of Commerce','vendors','We are helping to build the bitcoin chamber of commerce by providing our database of bitcoin businesses to the public.','2011-06-25 08:50:00','2011-07-13 12:58:17','New Version 21',0,0,1,1,NULL)
 ,(96,25,'Add Your Webpage','vendors','Add your website to our search engine. There are no fees, and your bitcoin site will be promoted through all of channels.','2011-07-14 15:20:00','2011-07-14 17:14:22','0.4',0,0,1,1,NULL)
 ,(76,22,'Chamber of Commerce','vendors','We are helping to build the bitcoin chamber of commerce by providing our database of bitcoin businesses to the public.','2011-06-25 08:50:00','2011-07-13 12:58:51','Version 22',0,0,1,1,NULL)
 ,(76,23,'Chamber of Commerce','vendors','We are helping to build the bitcoin chamber of commerce by providing our database of bitcoin businesses to the public.','2011-06-25 08:50:00','2011-07-13 13:00:53','0.4',0,0,1,1,NULL)
 ,(76,24,'Chamber of Commerce','vendors','We are helping to build the bitcoin chamber of commerce by providing our database of bitcoin businesses to the public.','2011-06-25 08:50:00','2011-07-13 13:03:59','New Version 24',0,0,1,1,NULL)
 ,(77,21,'Learn About Bitcoins','learn-about-bitcoins','','2011-06-25 09:06:00','2011-07-14 17:17:58','0.4',0,0,1,1,NULL)
 ,(71,14,'Blog','blog','','2011-06-24 22:52:00','2011-07-14 17:20:46','Version 14',0,0,1,1,NULL)
 ,(76,25,'Chamber of Commerce','vendors','We are helping to build the bitcoin chamber of commerce by providing our database of bitcoin businesses to the public.','2011-06-25 08:50:00','2011-07-13 13:05:47','Version 25',0,0,1,1,NULL)
 ,(76,26,'Chamber of Commerce','vendors','We are helping to build the bitcoin chamber of commerce by providing our database of bitcoin businesses to the public.','2011-06-25 08:50:00','2011-07-13 13:07:04','0.4',0,0,1,1,NULL)
 ,(96,26,'Add Your Webpage','vendors','Add your website to our search engine. There are no fees, and your bitcoin site will be promoted through all of channels.','2011-07-14 15:20:00','2011-07-14 22:09:15','0.4',0,0,1,1,NULL)
 ,(77,20,'Learn About Bitcoins','learn-about-bitcoins','','2011-06-25 09:06:00','2011-07-14 00:06:45','Version 20',0,0,1,1,NULL)
 ,(76,27,'Chamber of Commerce','vendors','We are helping to build the bitcoin chamber of commerce by providing our database of bitcoin businesses to the public.','2011-06-25 08:50:00','2011-07-14 00:13:29','Version 27',0,0,1,1,NULL)
 ,(99,1,'Marketing Services','marketing','Search Bitcoin provides some of the busiest websites with our search engine and live feed of bitcoin merchandise. We are ideally position to help you advertise your business. ','2011-07-14 22:29:00','2011-07-14 22:35:41','Initial Version',0,0,1,NULL,NULL)
 ,(76,28,'Chamber of Commerce','chamber-of-commerce','We are helping to build the bitcoin chamber of commerce by providing our database of bitcoin businesses to the public.','2011-06-25 08:50:00','2011-07-14 00:18:46','Version 28',0,0,1,1,NULL)
 ,(99,2,'Marketing Services','marketing','Search Bitcoin provides some of the busiest websites with our search engine and live feed of bitcoin merchandise. We are ideally position to help you advertise your business. ','2011-07-14 22:29:00','2011-07-14 22:35:43','New Version 2',0,0,1,1,NULL)
 ,(76,29,'Add Website','chamber-of-commerce','We are helping to build the bitcoin chamber of commerce by providing our database of bitcoin businesses to the public.','2011-06-25 08:50:00','2011-07-14 13:51:28','Version 29',0,0,1,1,NULL)
 ,(99,3,'Marketing Services','marketing','Search Bitcoin provides some of the busiest websites with our search engine and live feed of bitcoin merchandise. We are ideally position to help you advertise your business. ','2011-07-14 22:29:00','2011-07-14 22:36:15','0.4',1,0,1,1,NULL)
 ,(90,11,'BTC Flip Plugin','btc-flip-plugin','Check out our HIGHLY-EXPERIMENTAL search plugin called BTC Flip. The plugin is powered our web-crawlers which have found virtually every item and service offered in the bitcoin community. This is a work in progress, and has a long way to go before it is complete.','2011-07-11 21:34:00','2011-07-14 22:42:14','0.4',0,0,1,1,NULL)
 ,(86,15,'Plugins','plugins','Bring the technology and tools found in search bitcoin to your website or blog. We are actively developing and maintaining a set of bitcoin widgets that can be added to almost any website.','2011-07-11 19:36:00','2011-07-14 22:52:51','Version 15',1,0,1,1,NULL)
 ,(76,30,'Chamber of Commerce','chamber-of-commerce','We are helping to build the bitcoin chamber of commerce by providing our database of bitcoin businesses to the public.','2011-06-25 08:50:00','2011-07-14 15:12:11','0.4',0,0,1,1,NULL)
 ,(76,31,'Chamber of Commerce','chamber-of-commerce','We are helping to build the bitcoin chamber of commerce by providing our database of bitcoin businesses to the public.','2011-06-25 08:50:00','2011-07-14 15:12:56','0.4',0,0,1,1,NULL)
 ,(96,1,'Add Webpage','add-webpage','Add your website to our search engine. There are no fees, and your bitcoin site will be promoted through all of channels.','2011-07-14 15:20:00','2011-07-14 15:22:22','Initial Version',0,0,1,NULL,NULL)
 ,(96,2,'Add Webpage','add-webpage','Add your website to our search engine. There are no fees, and your bitcoin site will be promoted through all of channels.','2011-07-14 15:20:00','2011-07-14 15:22:22','New Version 2',0,0,1,1,NULL)
 ,(96,4,'Add Webpage','add-webpage','Add your website to our search engine. There are no fees, and your bitcoin site will be promoted through all of channels.','2011-07-14 15:20:00','2011-07-14 15:27:36','Version 4',0,0,1,1,NULL)
 ,(76,32,'Chamber of Commerce','chamber-of-commerce','We are helping to build the bitcoin chamber of commerce by providing our database of bitcoin businesses to the public.','2011-06-25 08:50:00','2011-07-14 15:23:12','New Version 32',0,0,1,1,NULL)
 ,(96,3,'Add Webpage','add-webpage','Add your website to our search engine. There are no fees, and your bitcoin site will be promoted through all of channels.','2011-07-14 15:20:00','2011-07-14 15:23:32','0.4',0,0,1,1,NULL)
 ,(75,9,'Contact Us','contact-us','Help us improve this website. We welcome questions, criticisms, and general comments about the search bitcoin.','2011-06-25 08:43:00','2011-07-14 15:38:48','New Version 9',1,0,1,1,NULL)
 ,(96,5,'Add Your Webpage','add-webpage','Add your website to our search engine. There are no fees, and your bitcoin site will be promoted through all of channels.','2011-07-14 15:20:00','2011-07-14 15:39:54','0.4',0,0,1,1,NULL)
 ,(96,8,'Add Your Webpage','add-webpage','Add your website to our search engine. There are no fees, and your bitcoin site will be promoted through all of channels.','2011-07-14 15:20:00','2011-07-14 16:02:05','0.4',0,0,1,1,NULL)
 ,(96,9,'Add Your Webpage','add-webpage','Add your website to our search engine. There are no fees, and your bitcoin site will be promoted through all of channels.','2011-07-14 15:20:00','2011-07-14 16:07:25','0.4',0,0,1,1,NULL)
 ,(96,6,'Add Your Webpage','add-webpage','Add your website to our search engine. There are no fees, and your bitcoin site will be promoted through all of channels.','2011-07-14 15:20:00','2011-07-14 15:43:52','0.4',0,0,1,1,NULL)
 ,(96,7,'Add Your Webpage','add-webpage','Add your website to our search engine. There are no fees, and your bitcoin site will be promoted through all of channels.','2011-07-14 15:20:00','2011-07-14 15:58:52','0.4',0,0,1,1,NULL)
 ,(96,10,'Add Your Webpage','add-webpage','Add your website to our search engine. There are no fees, and your bitcoin site will be promoted through all of channels.','2011-07-14 15:20:00','2011-07-14 16:13:41','0.4',0,0,1,1,NULL)
 ,(96,11,'Add Your Webpage','add-webpage','Add your website to our search engine. There are no fees, and your bitcoin site will be promoted through all of channels.','2011-07-14 15:20:00','2011-07-14 16:14:36','0.4',0,0,1,1,NULL)
 ,(96,12,'Add Your Webpage','add-webpage','Add your website to our search engine. There are no fees, and your bitcoin site will be promoted through all of channels.','2011-07-14 15:20:00','2011-07-14 16:15:52','0.4',0,0,1,1,NULL)
 ,(96,14,'Add Your Webpage','add-webpage','Add your website to our search engine. There are no fees, and your bitcoin site will be promoted through all of channels.','2011-07-14 15:20:00','2011-07-14 16:31:08','0.4',0,0,1,1,NULL)
 ,(1,28,'Bitcoin Merchandise','bitcoin-merchandise','','2011-06-24 22:52:00','2011-07-14 16:35:30','0.4',0,0,1,1,NULL)
 ,(96,15,'Add Your Webpage','add-webpage','Add your website to our search engine. There are no fees, and your bitcoin site will be promoted through all of channels.','2011-07-14 15:20:00','2011-07-14 16:38:44','0.4',0,0,1,1,NULL)
 ,(96,16,'Add Your Webpage','vendors','Add your website to our search engine. There are no fees, and your bitcoin site will be promoted through all of channels.','2011-07-14 15:20:00','2011-07-14 16:45:08','0.4',0,0,1,1,NULL)
 ,(76,33,'Chamber of Commerce','chamber-of-commerce','We are helping to build the bitcoin chamber of commerce by providing our database of bitcoin businesses to the public.','2011-06-25 08:50:00','2011-07-14 16:46:15','New Version 33',1,0,1,1,NULL)
 ,(96,17,'Add Your Webpage','vendors','Add your website to our search engine. There are no fees, and your bitcoin site will be promoted through all of channels.','2011-07-14 15:20:00','2011-07-14 16:47:10','0.4',0,0,1,1,NULL)
 ,(98,1,'Remove Webpage','remove-webpage','Use this webpage to remove your website from Search Bitcoin and from all the services we provide to other websites in the bitcoin community.','2011-07-14 16:48:00','2011-07-14 16:49:19','Initial Version',0,0,1,NULL,NULL)
 ,(98,2,'Remove Webpage','remove-webpage','Use this webpage to remove your website from Search Bitcoin and from all the services we provide to other websites in the bitcoin community.','2011-07-14 16:48:00','2011-07-14 16:49:19','0.4',0,0,1,1,NULL)
 ,(96,18,'Add Your Webpage','vendors','Add your website to our search engine. There are no fees, and your bitcoin site will be promoted through all of channels.','2011-07-14 15:20:00','2011-07-14 17:00:51','0.4',0,0,1,1,NULL)
 ,(98,3,'Remove','remove-webpage','Use this webpage to remove your website from Search Bitcoin and from all the services we provide to other websites in the bitcoin community.','2011-07-14 16:48:00','2011-07-14 17:01:23','0.4',0,0,1,1,NULL)
 ,(1,29,'Bitcoin Merchandise','bitcoin-merchandise','','2011-06-24 22:52:00','2011-07-14 17:02:19','0.4',0,0,1,1,NULL)
 ,(86,14,'Plugins','plugins','Bring the technology and tools found in search bitcoin to your website or blog. We are actively developing and maintaining a set of bitcoin widgets that can be added to almost any website.','2011-07-11 19:36:00','2011-07-14 17:03:07','Version 14',0,0,1,1,NULL)
 ,(1,30,'Bitcoin Merchandise','bitcoin-merchandise','','2011-06-24 22:52:00','2011-07-14 17:03:58','0.4',0,0,1,1,NULL)
 ,(1,31,'Bitcoin Merchandise','bitcoin-merchandise','','2011-06-24 22:52:00','2011-07-14 17:04:33','Version 31',0,0,1,1,NULL)
 ,(90,12,'BTC Flip Plugin','btc-flip-plugin','Check out our HIGHLY-EXPERIMENTAL search plugin called BTC Flip. The plugin is powered by our web-crawlers which have found virtually every item and service offered in the bitcoin community. This is a work in progress, and has a long way to go before it is complete.','2011-07-11 21:34:00','2011-07-14 22:54:28','0.4',1,0,1,1,NULL)
 ,(96,27,'Add Your Webpage','vendors','Add your website to our search engine. There are no fees, and your bitcoin site will be promoted through all of channels.','2011-07-14 15:20:00','2011-07-14 22:56:39','0.4',0,0,1,1,NULL)
 ,(96,28,'Add Your Webpage','vendors','Add your website to our search engine. There are no fees, and your bitcoin site will be promoted through all of channels.','2011-07-14 15:20:00','2011-07-14 22:58:10','0.4',0,0,1,1,NULL)
 ,(96,29,'Add Your Webpage','vendors','Add your website to our search engine. There are no fees, and your bitcoin site will be promoted through all of channels.','2011-07-14 15:20:00','2011-07-14 23:09:46','0.4',0,0,1,1,NULL)
 ,(92,7,'Financials','financials','Search Bitcoin wants to maintain the trust we have established with our users and partners. Therefore, we have decided to be completely open about our revenue sources. This page list our sources of revenue.','2011-07-12 21:30:00','2011-07-15 00:01:52','0.4',1,0,1,1,NULL)
 ,(96,30,'Add Your Webpage','vendors','Add your website to our search engine. There are no fees, and your bitcoin site will be promoted through all of channels.','2011-07-14 15:20:00','2011-07-15 00:12:38','0.4',0,0,1,1,NULL)
 ,(96,31,'Add Your Webpage','vendors','Add your website to our search engine. There are no fees, and your bitcoin site will be promoted through all of channels.','2011-07-14 15:20:00','2011-07-15 00:24:21','Version 31',0,0,1,1,NULL)
 ,(96,32,'Add Your Webpage','vendors','Add your website to our search engine. There are no fees, and your bitcoin site will be promoted through all of channels.','2011-07-14 15:20:00','2011-07-15 10:18:11','0.4',0,0,1,1,NULL)
 ,(96,33,'Add Your Webpage','vendors','Add your website to our search engine. There are no fees, and your bitcoin site will be promoted through all of channels.','2011-07-14 15:20:00','2011-07-15 10:55:47','0.4',0,0,1,1,NULL)
 ,(89,21,'BTC Economy Plugin','btc-economy-plugin','The BTC Economy plugin creates a live feed out of bitcoin merchandise and services that have been found using our search engine. The plugin has been extremely successful, and runs on numerous websites across the bitcoin community.','2011-07-11 20:23:00','2011-07-15 12:22:44','Version 21',0,0,1,1,NULL)
 ,(89,22,'BTC Economy Plugin','btc-economy-plugin','The BTC Economy plugin creates a live feed out of bitcoin merchandise and services that have been found using our search engine. The plugin has been extremely successful, and runs on numerous websites across the bitcoin community.','2011-07-11 20:23:00','2011-07-15 12:23:23','0.4',0,0,1,1,NULL)
 ,(89,23,'BTC Economy Plugin','btc-economy-plugin','The BTC Economy plugin creates a live feed out of bitcoin merchandise and services that have been found using our search engine. The plugin has been extremely successful, and runs on numerous websites across the bitcoin community.','2011-07-11 20:23:00','2011-07-15 12:24:10','0.4',0,0,1,1,NULL)
 ,(89,24,'BTC Economy Plugin','btc-economy-plugin','The BTC Economy plugin creates a live feed out of bitcoin merchandise and services that have been found using our search engine. The plugin has been extremely successful, and runs on numerous websites across the bitcoin community.','2011-07-11 20:23:00','2011-07-15 12:36:24','0.4',0,0,1,1,NULL)
 ,(89,25,'BTC Economy Plugin','btc-economy-plugin','The BTC Economy plugin creates a live feed out of bitcoin merchandise and services that have been found using our search engine. The plugin has been extremely successful, and runs on numerous websites across the bitcoin community.','2011-07-11 20:23:00','2011-07-15 12:38:51','0.4',0,0,1,1,NULL)
 ,(101,1,'Collaboration with weusecoins','collaboration-with-weusecoins','We have worked closely with the development team at www.weusecoins.com to create the first bitcoin search engine.','2011-07-15 16:46:00','2011-07-15 16:47:10','Initial Version',0,0,1,NULL,NULL)
 ,(101,2,'Collaboration with weusecoins','collaboration-with-weusecoins','We have worked closely with the development team at www.weusecoins.com to create the first bitcoin search engine.','2011-07-15 16:46:00','2011-07-15 16:47:10','0.4',0,0,1,1,NULL)
 ,(101,3,'Collaboration with weusecoins','collaboration-with-weusecoins','We have worked closely with the development team at www.weusecoins.com to create the first bitcoin search engine.','2011-07-15 16:46:00','2011-07-15 16:53:29','0.4',1,0,1,1,NULL)
 ,(96,34,'Add Your Webpage','vendors','Add your website to our search engine. There are no fees, and your bitcoin site will be promoted through all of channels.','2011-07-14 15:20:00','2011-07-16 16:34:34','0.4',0,0,1,1,NULL)
 ,(96,35,'Add Your Webpage','vendors','Add your website to our search engine. There are no fees, and your bitcoin site will be promoted through all of channels.','2011-07-14 15:20:00','2011-07-16 16:36:24','0.4',0,0,1,1,NULL)
 ,(96,36,'Add Your Webpage','vendors','Add your website to our search engine. There are no fees, and your bitcoin site will be promoted through all of channels.','2011-07-14 15:20:00','2011-07-16 16:38:08','0.4',0,0,1,1,NULL)
 ,(96,37,'Add Your Webpage','vendors','Add your website to our search engine. There are no fees, and your bitcoin site will be promoted through all of channels.','2011-07-14 15:20:00','2011-07-16 23:26:44','0.4',0,0,1,1,NULL)
 ,(96,38,'Add Your Webpage','vendors','Add your website to our search engine. There are no fees, and your bitcoin site will be promoted through all of channels.','2011-07-14 15:20:00','2011-07-16 23:29:47','Version 38',0,0,1,1,NULL)
 ,(89,26,'BTC Economy Plugin','btc-economy-plugin','The BTC Economy plugin creates a live feed out of bitcoin merchandise and services that have been found using our search engine. The plugin has been extremely successful, and runs on numerous websites across the bitcoin community.','2011-07-11 20:23:00','2011-07-17 08:23:49','0.4',0,0,1,1,NULL)
 ,(96,39,'Add Your Webpage','vendors','Add your website to our search engine. There are no fees, and your bitcoin site will be promoted through all of channels.','2011-07-14 15:20:00','2011-07-17 11:22:23','0.4',0,0,1,1,NULL)
 ,(96,40,'Add Your Webpage','vendors','Add your website to our search engine. There are no fees, and your bitcoin site will be promoted through all of channels.','2011-07-14 15:20:00','2011-07-17 11:22:48','0.4',0,0,1,1,NULL)
 ,(96,41,'Add Your Webpage','vendors','Add your website to our search engine. There are no fees, and your bitcoin site will be promoted through all of channels.','2011-07-14 15:20:00','2011-07-17 11:24:28','0.4',0,0,1,1,NULL)
 ,(96,42,'Add Your Webpage','vendors','Add your website to our search engine. There are no fees, and your bitcoin site will be promoted through all of channels.','2011-07-14 15:20:00','2011-07-17 11:28:16','0.4',0,0,1,1,NULL)
 ,(96,43,'Add Your Webpage','vendors','Add your website to our search engine. There are no fees, and your bitcoin site will be promoted through all of channels.','2011-07-14 15:20:00','2011-07-17 11:29:01','0.4',0,0,1,1,NULL)
 ,(103,1,'Hashing It Out Podcast','hashing-it-out-podcast','Hashing It Out just released a podcast with a focus on the bitcoin economy and the BTC Economy plugin. Thanks Hashing It Out!','2011-07-17 21:04:00','2011-07-17 21:05:42','Initial Version',0,0,1,NULL,NULL)
 ,(103,2,'Hashing It Out Podcast','hashing-it-out-podcast','Hashing It Out just released a podcast with a focus on the bitcoin economy and the BTC Economy plugin. Thanks Hashing It Out!','2011-07-17 21:04:00','2011-07-17 21:05:46','0.4',1,0,1,1,NULL)
 ,(89,27,'BTC Economy Plugin','btc-economy-plugin','The BTC Economy plugin creates a live feed out of bitcoin merchandise and services that have been found using our search engine. The plugin has been extremely successful, and runs on numerous websites across the bitcoin community.','2011-07-11 20:23:00','2011-07-19 13:15:00','0.4',0,0,1,1,NULL)
 ,(89,28,'BTC Economy Plugin','btc-economy-plugin','The BTC Economy plugin creates a live feed out of bitcoin merchandise and services that have been found using our search engine. The plugin has been extremely successful, and runs on numerous websites across the bitcoin community.','2011-07-11 20:23:00','2011-07-19 13:15:50','0.4',0,0,1,1,NULL)
 ,(89,29,'BTC Economy Plugin','btc-economy-plugin','The BTC Economy plugin creates a live feed out of bitcoin merchandise and services that have been found using our search engine. The plugin has been extremely successful, and runs on numerous websites across the bitcoin community.','2011-07-11 20:23:00','2011-07-19 16:18:20','0.4',0,0,1,1,NULL)
 ,(96,44,'Add Your Webpage','vendors','Add your website to our search engine. There are no fees, and your bitcoin site will be promoted through all of channels.','2011-07-14 15:20:00','2011-07-19 21:14:34','New Version 44',0,0,1,NULL,NULL)
 ,(96,45,'Add Your Webpage','vendors','Add your website to our search engine. There are no fees, and your bitcoin site will be promoted through all of channels.','2011-07-14 15:20:00','2011-07-19 21:28:15','0.',0,0,1,NULL,NULL)
 ,(96,46,'Add Your Webpage','vendors','Add your website to our search engine. There are no fees, and your bitcoin site will be promoted through all of channels.','2011-07-14 15:20:00','2011-07-19 21:34:36','New Version 46',0,0,1,NULL,NULL)
 ,(96,47,'Add Your Webpage','vendors','Add your website to our search engine. There are no fees, and your bitcoin site will be promoted through all of channels.','2011-07-14 15:20:00','2011-07-19 21:36:21','New Version 47',0,0,1,NULL,NULL)
 ,(96,48,'Add Your Webpage','vendors','Add your website to our search engine. There are no fees, and your bitcoin site will be promoted through all of channels.','2011-07-14 15:20:00','2011-07-19 21:51:37','New Version 48',0,0,1,NULL,NULL)
 ,(96,49,'Add Your Webpage','vendors','Add your website to our search engine. There are no fees, and your bitcoin site will be promoted through all of channels.','2011-07-14 15:20:00','2011-07-19 22:05:57','0.4',0,0,1,1,NULL)
 ,(96,50,'Add Your Webpage','vendors','Add your website to our search engine. There are no fees, and your bitcoin site will be promoted through all of channels.','2011-07-14 15:20:00','2011-07-19 22:17:59','New Version 50',0,0,1,NULL,NULL)
 ,(96,51,'Add Your Webpage','vendors','Add your website to our search engine. There are no fees, and your bitcoin site will be promoted through all of channels.','2011-07-14 15:20:00','2011-07-19 22:18:35','New Version 51',0,0,1,NULL,NULL)
 ,(96,52,'Add Your Webpage','vendors','Add your website to our search engine. There are no fees, and your bitcoin site will be promoted through all of channels.','2011-07-14 15:20:00','2011-07-19 22:20:01','New Version 52',0,0,1,NULL,NULL)
 ,(96,53,'Add Your Webpage','vendors','Add your website to our search engine. There are no fees, and your bitcoin site will be promoted through all of channels.','2011-07-14 15:20:00','2011-07-19 22:22:23','New Version 53',0,0,1,NULL,NULL)
 ,(96,54,'Add Your Webpage','vendors','Add your website to our search engine. There are no fees, and your bitcoin site will be promoted through all of channels.','2011-07-14 15:20:00','2011-07-19 22:23:12','New Version 54',0,0,1,NULL,NULL)
 ,(96,55,'Add Your Webpage','vendors','Add your website to our search engine. There are no fees, and your bitcoin site will be promoted through all of channels.','2011-07-14 15:20:00','2011-07-19 22:28:17','New Version 55',0,0,1,1,NULL)
 ,(96,56,'Add Your Webpage','vendors','Add your website to our search engine. There are no fees, and your bitcoin site will be promoted through all of channels.','2011-07-14 15:20:00','2011-07-19 22:30:58','Version 56',0,0,1,1,NULL)
 ,(96,57,'Add Your Webpage','vendors','Add your website to our search engine. There are no fees, and your bitcoin site will be promoted through all of channels.','2011-07-14 15:20:00','2011-07-19 22:35:29','New Version 57',0,0,1,NULL,NULL)
 ,(96,58,'Add Your Webpage','vendors','Add your website to our search engine. There are no fees, and your bitcoin site will be promoted through all of channels.','2011-07-14 15:20:00','2011-07-19 22:39:24','New Version 58',0,0,1,1,NULL)
 ,(96,59,'Add Your Webpage','vendors','Add your website to our search engine. There are no fees, and your bitcoin site will be promoted through all of channels.','2011-07-14 15:20:00','2011-07-19 22:42:09','0.4',0,0,1,1,NULL)
 ,(96,60,'Add Your Webpage','vendors','Add your website to our search engine. There are no fees, and your bitcoin site will be promoted through all of channels.','2011-07-14 15:20:00','2011-07-19 22:44:42','New Version 60',0,0,1,NULL,NULL)
 ,(96,61,'Add Your Webpage','vendors','Add your website to our search engine. There are no fees, and your bitcoin site will be promoted through all of channels.','2011-07-14 15:20:00','2011-07-19 22:52:44','0.4',0,0,1,1,NULL)
 ,(96,62,'Add Your Webpage','vendors','Add your website to our search engine. There are no fees, and your bitcoin site will be promoted through all of channels.','2011-07-14 15:20:00','2011-07-19 22:57:29','0.4',0,0,1,1,NULL)
 ,(96,63,'Add Your Webpage','vendors','Add your website to our search engine. There are no fees, and your bitcoin site will be promoted through all of channels.','2011-07-14 15:20:00','2011-07-19 22:58:12','0.4',0,0,1,1,NULL)
 ,(96,64,'Add Your Webpage','vendors','Add your website to our search engine. There are no fees, and your bitcoin site will be promoted through all of channels.','2011-07-14 15:20:00','2011-07-19 23:05:57','New Version 64',0,0,1,NULL,NULL)
 ,(96,65,'Add Your Webpage','vendors','Add your website to our search engine. There are no fees, and your bitcoin site will be promoted through all of channels.','2011-07-14 15:20:00','2011-07-19 23:07:52','New Version 65',0,0,1,NULL,NULL)
 ,(96,66,'Add Your Webpage','vendors','Add your website to our search engine. There are no fees, and your bitcoin site will be promoted through all of channels.','2011-07-14 15:20:00','2011-07-19 23:08:51','0.4',0,0,1,1,NULL)
 ,(96,67,'Add Your Webpage','vendors','Add your website to our search engine. There are no fees, and your bitcoin site will be promoted through all of channels.','2011-07-14 15:20:00','2011-07-19 23:09:55','0.4',0,0,1,1,NULL)
 ,(96,68,'Add Your Webpage','vendors','Add your website to our search engine. There are no fees, and your bitcoin site will be promoted through all of channels.','2011-07-14 15:20:00','2011-07-19 23:10:21','0.4',0,0,1,1,NULL)
 ,(96,69,'Add Your Webpage','vendors','Add your website to our search engine. There are no fees, and your bitcoin site will be promoted through all of channels.','2011-07-14 15:20:00','2011-07-19 23:16:19','0.4',0,0,1,1,NULL)
 ,(96,70,'Add Your Webpage','vendors','Add your website to our search engine. There are no fees, and your bitcoin site will be promoted through all of channels.','2011-07-14 15:20:00','2011-07-19 23:17:27','0.4',0,0,1,1,NULL)
 ,(96,71,'Add Your Webpage','vendors','Add your website to our search engine. There are no fees, and your bitcoin site will be promoted through all of channels.','2011-07-14 15:20:00','2011-07-19 23:18:21','0.4',0,0,1,1,NULL)
 ,(96,72,'Add Your Webpage','vendors','Add your website to our search engine. There are no fees, and your bitcoin site will be promoted through all of channels.','2011-07-14 15:20:00','2011-07-19 23:20:15','0.4',0,0,1,1,NULL)
 ,(96,73,'Add Your Webpage','vendors','Add your website to our search engine. There are no fees, and your bitcoin site will be promoted through all of channels.','2011-07-14 15:20:00','2011-07-19 23:21:06','New Version 73',0,0,1,1,NULL)
 ,(96,74,'Add Your Webpage','vendors','Add your website to our search engine. There are no fees, and your bitcoin site will be promoted through all of channels.','2011-07-14 15:20:00','2011-07-19 23:21:33','0.4',0,0,1,1,NULL)
 ,(96,75,'Add Your Webpage','vendors','Add your website to our search engine. There are no fees, and your bitcoin site will be promoted through all of channels.','2011-07-14 15:20:00','2011-07-19 23:23:05','0.4',0,0,1,1,NULL)
 ,(71,15,'Blog','blog','','2011-06-24 22:52:00','2011-07-19 23:25:38','0.4',1,0,1,1,NULL)
 ,(96,76,'Add Your Webpage','vendors','Add your website to our search engine. There are no fees, and your bitcoin site will be promoted through all of channels.','2011-07-14 15:20:00','2011-07-19 23:29:38','0.4',0,0,1,1,NULL)
 ,(96,77,'Add Your Webpage','vendors','Add your website to our search engine. There are no fees, and your bitcoin site will be promoted through all of channels.','2011-07-14 15:20:00','2011-07-19 23:30:03','0.4',0,0,1,1,NULL)
 ,(96,78,'Add Your Webpage','vendors','Add your website to our search engine. There are no fees, and your bitcoin site will be promoted through all of channels.','2011-07-14 15:20:00','2011-07-20 00:05:47','0.4',0,0,1,1,NULL)
 ,(96,79,'Add Your Webpage','vendors','Add your website to our search engine. There are no fees, and your bitcoin site will be promoted through all of channels.','2011-07-14 15:20:00','2011-07-20 00:06:42','0.4',0,0,1,1,NULL)
 ,(89,30,'BTC Economy Plugin','btc-economy-plugin','The BTC Economy plugin creates a live feed out of bitcoin merchandise and services that have been found using our search engine. The plugin has been extremely successful, and runs on numerous websites across the bitcoin community.','2011-07-11 20:23:00','2011-07-20 11:49:02','0.4',0,0,1,1,NULL)
 ,(96,80,'Add Your Webpage','vendors','Add your website to our search engine. There are no fees, and your bitcoin site will be promoted through all of channels.','2011-07-14 15:20:00','2011-07-20 14:00:04','New Version 80',0,0,1,NULL,NULL)
 ,(96,81,'Add Your Webpage','vendors','Add your website to our search engine. There are no fees, and your bitcoin site will be promoted through all of channels.','2011-07-14 15:20:00','2011-07-20 14:01:24','New Version 81',0,0,1,NULL,NULL)
 ,(96,82,'Add Your Webpage','vendors','Add your website to our search engine. There are no fees, and your bitcoin site will be promoted through all of channels.','2011-07-14 15:20:00','2011-07-20 14:02:20','0.4',0,0,1,1,NULL)
 ,(96,83,'Add Your Webpage','vendors','Add your website to our search engine. There are no fees, and your bitcoin site will be promoted through all of channels.','2011-07-14 15:20:00','2011-07-20 14:03:58','0.4',0,0,1,1,NULL)
 ,(96,84,'Add Your Webpage','vendors','Add your website to our search engine. There are no fees, and your bitcoin site will be promoted through all of channels.','2011-07-14 15:20:00','2011-07-20 14:04:39','Version 84',0,0,1,1,NULL)
 ,(96,85,'Add Your Webpage','vendors','Add your website to our search engine. There are no fees, and your bitcoin site will be promoted through all of channels.','2011-07-14 15:20:00','2011-07-20 14:05:28','0.4',0,0,1,1,NULL)
 ,(96,86,'Add Your Webpage','vendors','Add your website to our search engine. There are no fees, and your bitcoin site will be promoted through all of channels.','2011-07-14 15:20:00','2011-07-20 14:13:37','0.4',0,0,1,NULL,NULL)
 ,(96,87,'Add Your Webpage','vendors','Add your website to our search engine. There are no fees, and your bitcoin site will be promoted through all of channels.','2011-07-14 15:20:00','2011-07-20 14:14:33','Version 87',0,0,1,1,NULL)
 ,(96,88,'Add Your Webpage','vendors','Add your website to our search engine. There are no fees, and your bitcoin site will be promoted through all of channels.','2011-07-14 15:20:00','2011-07-20 14:16:04','0.4',0,0,1,1,NULL)
 ,(96,89,'Add Your Webpage','vendors','Add your website to our search engine. There are no fees, and your bitcoin site will be promoted through all of channels.','2011-07-14 15:20:00','2011-07-20 14:17:20','0.4',0,0,1,1,NULL)
 ,(96,90,'Add Your Webpage','vendors','Add your website to our search engine. There are no fees, and your bitcoin site will be promoted through all of channels.','2011-07-14 15:20:00','2011-07-20 14:18:01','0.4',0,0,1,1,NULL)
 ,(96,91,'Add Your Webpage','vendors','Add your website to our search engine. There are no fees, and your bitcoin site will be promoted through all of channels.','2011-07-14 15:20:00','2011-07-20 14:20:34','Version 91',0,0,1,1,NULL)
 ,(98,6,'Remove','remove','Use this webpage to remove your website from Search Bitcoin and from all the services we provide to other websites in the bitcoin community.','2011-07-14 16:48:00','2011-07-20 16:58:57','0.4',1,0,1,1,NULL)
 ,(89,31,'BTC Economy Plugin','btc-economy-plugin','The BTC Economy plugin creates a live feed out of bitcoin merchandise and services that have been found using our search engine. The plugin has been extremely successful, and runs on numerous websites across the bitcoin community.','2011-07-11 20:23:00','2011-07-20 23:22:56','0.4',0,0,1,1,NULL)
 ,(106,1,'Feed and Search API','feed-and-search-api','Do you have an awesome idea on what you can do with data that we have collected at Search Bitcoin? Contact us to request access to our API, which is under active development.','2011-07-21 12:07:00','2011-07-21 12:08:33','Initial Version',0,0,1,NULL,NULL)
 ,(106,2,'Feed and Search API','feed-and-search-api','Do you have an awesome idea on what you can do with data that we have collected at Search Bitcoin? Contact us to request access to our API, which is under active development.','2011-07-21 12:07:00','2011-07-21 12:08:33','0.4',0,0,1,1,NULL)
 ,(106,3,'Feed and Search API','feed-and-search-api','Do you have an awesome idea on what you can do with data that we have collected at Search Bitcoin? Contact us to request access to our API, which is under active development.','2011-07-21 12:07:00','2011-07-21 12:09:57','0.4',1,0,1,1,NULL)
 ,(89,32,'BTC Economy Plugin','btc-economy-plugin','The BTC Economy plugin creates a live feed out of bitcoin merchandise and services that have been found using our search engine. The plugin has been extremely successful, and runs on numerous websites across the bitcoin community.','2011-07-11 20:23:00','2011-07-21 13:27:04','Version 32',0,0,1,1,NULL)
 ,(89,33,'BTC Economy Plugin','btc-economy-plugin','The BTC Economy plugin creates a live feed out of bitcoin merchandise and services that have been found using our search engine. The plugin has been extremely successful, and runs on numerous websites across the bitcoin community.','2011-07-11 20:23:00','2011-07-27 17:09:21','0.4',0,0,1,1,NULL)
 ,(89,34,'BTC Economy Plugin','btc-economy-plugin','The BTC Economy plugin creates a live feed out of bitcoin merchandise and services that have been found using our search engine. The plugin has been extremely successful, and runs on numerous websites across the bitcoin community.','2011-07-11 20:23:00','2011-07-27 17:10:16','0.4',0,0,1,1,NULL)
 ,(96,92,'Add Your Webpage','vendors','Add your website to our search engine. There are no fees, and your bitcoin site will be promoted through all of channels.','2011-07-14 15:20:00','2011-07-29 16:47:35','Version 92',1,0,1,1,NULL)
 ,(115,1,'Review','review','Read a description about each vendor, and write a review about any experiences you might have with them.','2011-07-30 11:10:00','2011-07-30 11:12:35','Initial Version',0,0,1,NULL,NULL)
 ,(115,2,'Review','review','Read a description about each vendor, and write a review about any experiences you might have with them.','2011-07-30 11:10:00','2011-07-30 11:12:36','New Version 2',0,0,1,1,NULL)
 ,(115,3,'Review','review','Read a description about each vendor, and write a review about any experiences you might have with them.','2011-07-30 11:10:00','2011-07-30 11:28:55','0.5',0,0,1,1,NULL)
 ,(115,4,'Review','review','Read a description about each vendor, and write a review about any experiences you might have with them.','2011-07-30 11:10:00','2011-07-30 11:59:30','0.5',0,0,1,1,NULL)
 ,(115,5,'Review','review','Read a description about each vendor, and write a review about any experiences you might have with them.','2011-07-30 11:10:00','2011-07-30 12:11:04','Version 5',0,0,1,1,NULL)
 ,(115,6,'Review','review','Read a description about each vendor, and write a review about any experiences you might have with them.','2011-07-30 11:10:00','2011-07-30 13:03:01','0.5',0,0,1,1,NULL)
 ,(115,7,'Review','review','Read a description about each vendor, and write a review about any experiences you might have with them.','2011-07-30 11:10:00','2011-07-30 13:04:45','0.5',0,0,1,1,NULL)
 ,(115,8,'Review','review','Read a description about each vendor, and write a review about any experiences you might have with them.','2011-07-30 11:10:00','2011-07-30 13:15:33','0.5',1,0,1,1,NULL)
 ,(116,1,'Test','test','','2011-07-30 18:15:00','2011-07-30 18:15:54','Initial Version',0,0,1,NULL,NULL)
 ,(116,2,'Test','test','','2011-07-30 18:15:00','2011-07-30 18:15:55','New Version 2',0,0,1,1,NULL)
 ,(116,3,'Test','test','','2011-07-30 18:15:00','2011-07-30 18:18:41','Version 3',0,0,1,1,NULL)
 ,(116,4,'Test','test','','2011-07-30 18:15:00','2011-07-30 18:31:38','0.5',0,0,1,1,NULL)
 ,(77,22,'Learn About Bitcoins','learn-about-bitcoins','','2011-06-25 09:06:00','2011-08-02 15:28:12','0.5',0,0,1,1,NULL)
 ,(89,35,'BTC Economy Plugin','btc-economy-plugin','The BTC Economy plugin creates a live feed out of bitcoin merchandise and services that have been found using our search engine. The plugin has been extremely successful, and runs on numerous websites across the bitcoin community.','2011-07-11 20:23:00','2011-08-02 15:34:16','0.5',0,0,1,1,NULL)
 ,(77,23,'Learn About Bitcoins','learn-about-bitcoins','','2011-06-25 09:06:00','2011-08-03 12:44:15','0.5',1,0,1,1,NULL)
 ,(89,36,'BTC Economy Plugin','btc-economy-plugin','The BTC Economy plugin creates a live feed out of bitcoin merchandise and services that have been found using our search engine. The plugin has been extremely successful, and runs on numerous websites across the bitcoin community.','2011-07-11 20:23:00','2011-08-05 09:13:12','0.5',0,0,1,1,NULL)
 ,(89,37,'BTC Economy Plugin','btc-economy-plugin','The BTC Economy plugin creates a live feed out of bitcoin merchandise and services that have been found using our search engine. The plugin has been extremely successful, and runs on numerous websites across the bitcoin community.','2011-07-11 20:23:00','2011-08-05 15:09:23','0.5',1,0,1,1,NULL)
 ,(116,5,'Test','test','','2011-07-30 18:15:00','2011-08-10 13:20:04','Version 5',0,0,1,1,NULL)
 ,(116,6,'Test','test','','2011-07-30 18:15:00','2011-08-10 13:33:06','0.5',0,0,1,1,NULL)
 ,(116,7,'Test','test','','2011-07-30 18:15:00','2011-08-10 13:35:03','Version 7',0,0,1,1,NULL)
 ,(116,8,'Test','test','','2011-07-30 18:15:00','2011-08-10 13:37:45','0.5',0,0,1,1,NULL)
 ,(116,9,'Test','test','','2011-07-30 18:15:00','2011-08-10 13:40:29','0.5',0,0,1,1,NULL)
 ,(116,10,'Test','test','','2011-07-30 18:15:00','2011-08-10 13:42:58','0.5',0,0,1,1,NULL)
 ,(116,11,'Test','test','','2011-07-30 18:15:00','2011-08-10 13:48:14','Version 11',0,0,1,1,NULL)
 ,(1,32,'Bitcoin Merchandise','bitcoin-merchandise','','2011-06-24 22:52:00','2011-08-10 13:52:14','0.5',1,0,1,1,NULL)
 ,(116,12,'Test','test','','2011-07-30 18:15:00','2011-08-10 14:07:16','Version 12',0,0,1,1,NULL)
 ,(116,13,'Test','test','','2011-07-30 18:15:00','2011-08-10 14:19:44','0.5',1,0,1,1,NULL);

DROP TABLE IF EXISTS Collections;

CREATE TABLE IF NOT EXISTS `Collections` (
  `cID` int(10) unsigned NOT NULL AUTO_INCREMENT,
  `cDateAdded` datetime NOT NULL DEFAULT '0000-00-00 00:00:00',
  `cDateModified` datetime NOT NULL DEFAULT '0000-00-00 00:00:00',
  `cHandle` varchar(255) DEFAULT NULL,
  PRIMARY KEY (`cID`),
  KEY `cDateModified` (`cDateModified`),
  KEY `cDateAdded` (`cDateAdded`)
) ENGINE=MyISAM AUTO_INCREMENT=117 DEFAULT CHARSET=utf8;

INSERT INTO Collections VALUES(1,'2011-06-24 22:52:16','2011-08-10 13:53:14','home')
 ,(2,'2011-06-24 22:52:16','2011-06-24 22:52:16',NULL)
 ,(5,'2011-06-24 22:52:16','2011-06-24 22:52:16','login')
 ,(6,'2011-06-24 22:52:16','2011-06-24 22:52:16','register')
 ,(7,'2011-06-24 22:52:16','2011-06-24 22:52:16','profile')
 ,(8,'2011-06-24 22:52:16','2011-06-24 22:52:16','edit')
 ,(10,'2011-06-24 22:52:16','2011-06-24 22:52:16','avatar')
 ,(11,'2011-06-24 22:52:16','2011-06-24 22:52:16','messages')
 ,(12,'2011-06-24 22:52:16','2011-06-24 22:52:16','friends')
 ,(13,'2011-06-24 22:52:16','2011-06-24 22:52:16','page_not_found')
 ,(14,'2011-06-24 22:52:16','2011-06-24 22:52:16','page_forbidden')
 ,(15,'2011-06-24 22:52:16','2011-06-24 22:52:16','dashboard')
 ,(16,'2011-06-24 22:52:16','2011-06-24 22:52:16','sitemap')
 ,(17,'2011-06-24 22:52:16','2011-06-24 22:52:16','full')
 ,(18,'2011-06-24 22:52:16','2011-06-24 22:52:16','explore')
 ,(19,'2011-06-24 22:52:16','2011-06-24 22:52:16','search')
 ,(20,'2011-06-24 22:52:16','2011-06-24 22:52:16','access')
 ,(21,'2011-06-24 22:52:16','2011-06-24 22:52:16','files')
 ,(22,'2011-06-24 22:52:16','2011-06-24 22:52:16','search')
 ,(23,'2011-06-24 22:52:16','2011-06-24 22:52:16','attributes')
 ,(24,'2011-06-24 22:52:16','2011-06-24 22:52:16','sets')
 ,(25,'2011-06-24 22:52:16','2011-06-24 22:52:16','access')
 ,(26,'2011-06-24 22:52:16','2011-06-24 22:52:16','reports')
 ,(27,'2011-06-24 22:52:16','2011-06-24 22:52:16','forms')
 ,(28,'2011-06-24 22:52:16','2011-06-24 22:52:16','surveys')
 ,(29,'2011-06-24 22:52:16','2011-06-24 22:52:16','logs')
 ,(30,'2011-06-24 22:52:16','2011-06-24 22:52:16','users')
 ,(31,'2011-06-24 22:52:16','2011-06-24 22:52:16','search')
 ,(32,'2011-06-24 22:52:16','2011-06-24 22:52:16','add')
 ,(33,'2011-06-24 22:52:16','2011-06-24 22:52:16','groups')
 ,(34,'2011-06-24 22:52:16','2011-06-24 22:52:16','attributes')
 ,(35,'2011-06-24 22:52:16','2011-06-24 22:52:16','registration')
 ,(36,'2011-06-24 22:52:16','2011-06-24 22:52:16','scrapbook')
 ,(37,'2011-06-24 22:52:16','2011-06-24 22:52:16','pages')
 ,(38,'2011-06-24 22:52:16','2011-06-24 22:52:16','themes')
 ,(39,'2011-06-24 22:52:16','2011-06-24 22:52:16','add')
 ,(40,'2011-06-24 22:52:16','2011-06-24 22:52:16','inspect')
 ,(41,'2011-06-24 22:52:16','2011-06-24 22:52:16','customize')
 ,(42,'2011-06-24 22:52:16','2011-06-24 22:52:16','marketplace')
 ,(43,'2011-06-24 22:52:16','2011-06-24 22:52:16','types')
 ,(44,'2011-06-24 22:52:16','2011-06-24 22:52:16','attributes')
 ,(45,'2011-06-24 22:52:16','2011-06-24 22:52:16','single')
 ,(46,'2011-06-24 22:52:16','2011-06-24 22:52:16','install')
 ,(47,'2011-06-24 22:52:16','2011-06-24 22:52:16','system')
 ,(48,'2011-06-24 22:52:16','2011-06-24 22:52:16','jobs')
 ,(49,'2011-06-24 22:52:16','2011-06-24 22:52:16','backup')
 ,(50,'2011-06-24 22:52:16','2011-06-24 22:52:16','update')
 ,(51,'2011-06-24 22:52:16','2011-06-24 22:52:16','notifications')
 ,(52,'2011-06-24 22:52:16','2011-06-24 22:52:16','settings')
 ,(53,'2011-06-24 22:52:16','2011-06-24 22:52:16','mail')
 ,(54,'2011-06-24 22:52:16','2011-06-24 22:52:16','marketplace')
 ,(55,'2011-06-24 22:52:16','2011-06-24 22:52:16','download_file')
 ,(63,'2011-06-24 22:52:16','2011-06-24 22:52:16','uID=1')
 ,(64,'2011-06-24 22:52:16','2011-06-24 22:52:16',NULL)
 ,(65,'2011-06-24 22:52:16','2011-06-24 22:52:16',NULL)
 ,(66,'2011-06-24 22:52:16','2011-06-24 22:52:16',NULL)
 ,(77,'2011-06-25 09:06:51','2011-08-03 12:44:29','learn-about-bitcoins')
 ,(76,'2011-06-25 08:51:17','2011-07-14 16:46:16','business-directory')
 ,(75,'2011-06-25 08:46:54','2011-07-14 15:38:49','contact-us')
 ,(71,'2011-06-24 22:52:16','2011-07-19 23:25:45','blog')
 ,(79,'2011-06-25 18:55:24','2011-06-26 13:16:54','aggregating')
 ,(83,'2011-06-29 19:15:46','2011-06-30 22:37:43','beyond-bitcoin-trading')
 ,(74,'2011-06-24 22:52:16','2011-06-24 22:52:16','members')
 ,(82,'2011-06-28 13:09:23','2011-06-28 13:20:07','bruce-wagner-interview')
 ,(85,'2011-07-07 16:17:27','2011-07-07 16:25:19','total-mastermind-interviews-search-bitcoin')
 ,(86,'2011-07-11 19:38:36','2011-07-14 22:52:59','plugins')
 ,(88,'2011-07-11 19:46:08','2011-07-11 20:21:26','btc-pulse-plugin')
 ,(89,'2011-07-11 20:26:31','2011-08-05 15:09:33','btc-economy-plugin')
 ,(90,'2011-07-11 21:38:10','2011-07-14 22:54:37','btc-find')
 ,(91,'2011-07-12 16:36:21','2011-07-12 16:38:06','support-for-blogger-blogspot')
 ,(92,'2011-07-12 21:35:16','2011-07-15 00:05:28','financials')
 ,(99,'2011-07-14 22:35:41','2011-07-14 22:36:43','marketing')
 ,(96,'2011-07-14 15:22:22','2011-07-29 16:47:46','add-webpage')
 ,(98,'2011-07-14 16:49:19','2011-07-20 16:59:30','remove-webpage')
 ,(101,'2011-07-15 16:47:10','2011-07-15 16:54:08','collaboration-with-weusecoins')
 ,(103,'2011-07-17 21:05:42','2011-07-17 21:08:03','hashing-it-out-podcast')
 ,(115,'2011-07-30 11:12:35','2011-07-30 13:21:59','review')
 ,(106,'2011-07-21 12:08:33','2011-07-21 12:10:06','feed-and-search-api')
 ,(116,'2011-07-30 18:15:54','2011-08-10 14:19:56','test');

DROP TABLE IF EXISTS Config;

CREATE TABLE IF NOT EXISTS `Config` (
  `cfKey` varchar(64) NOT NULL,
  `timestamp` timestamp NOT NULL DEFAULT CURRENT_TIMESTAMP ON UPDATE CURRENT_TIMESTAMP,
  `cfValue` longtext,
  `uID` int(10) unsigned NOT NULL DEFAULT '0',
  `pkgID` int(10) unsigned NOT NULL DEFAULT '0',
  PRIMARY KEY (`cfKey`,`uID`),
  KEY `uID` (`uID`)
) ENGINE=MyISAM DEFAULT CHARSET=utf8;

INSERT INTO Config VALUES('SITE','2011-06-24 22:52:18','Search Bitcoin',0,0)
 ,('SITE_APP_VERSION','2011-06-25 21:17:56','5.4.1.1',0,0)
 ,('SITE_DEBUG_LEVEL','2011-06-24 22:52:18','1',0,0)
 ,('ENABLE_LOG_EMAILS','2011-06-24 22:52:18','1',0,0)
 ,('ENABLE_LOG_ERRORS','2011-06-24 22:52:18','1',0,0)
 ,('FULL_PAGE_CACHE_GLOBAL','2011-06-27 00:02:30','all',0,0)
 ,('ENABLE_MARKETPLACE_SUPPORT','2011-06-24 22:52:41','1',0,0)
 ,('APP_VERSION_LATEST','2011-08-10 08:48:19','5.4.2',0,0)
 ,('MARKETPLACE_SITE_TOKEN','2011-06-25 21:34:02','AVyo8DG0ZWgbNH1WzD88Daf5fwnXwLcCeocE72nRpp7F5PTIklpl4HXNelePJuQk',0,0)
 ,('MARKETPLACE_SITE_URL_TOKEN','2011-06-25 21:34:02','jsfahyz62gzyrqccm68sbd0d',0,0)
 ,('CONTENTS_TXT_EDITOR_MODE','2011-08-10 13:21:52','ADVANCED',0,0)
 ,('CONTENTS_TXT_EDITOR_WIDTH','2011-08-10 13:21:52','580',0,0)
 ,('CONTENTS_TXT_EDITOR_HEIGHT','2011-08-10 13:21:52','400',0,0)
 ,('STATISTICS_TRACK_PAGE_VIEWS','2011-06-25 20:06:03','0',0,0)
 ,('SITE_TRACKING_CODE','2011-06-25 21:20:40','<script type=\"text/javascript\">\r\n\r\n  var _gaq = _gaq || [];\r\n  _gaq.push([\'_setAccount\', \'UA-23915821-1\']);\r\n  _gaq.push([\'_trackPageview\']);\r\n\r\n  (function() {\r\n    var ga = document.createElement(\'script\'); ga.type = \'text/javascript\'; ga.async = true;\r\n    ga.src = (\'https:\' == document.location.protocol ? \'https://ssl\' : \'http://www\') + \'.google-analytics.com/ga.js\';\r\n    var s = document.getElementsByTagName(\'script\')[0]; s.parentNode.insertBefore(ga, s);\r\n  })();\r\n\r\n</script>',0,0)
 ,('URL_REWRITING','2011-07-14 17:44:20','1',0,0)
 ,('ENABLE_CACHE','2011-06-27 00:02:30','1',0,0)
 ,('FULL_PAGE_CACHE_LIFETIME','2011-06-27 00:02:30','custom',0,0)
 ,('FULL_PAGE_CACHE_LIFETIME_CUSTOM','2011-06-27 00:02:30','1440',0,0)
 ,('SITEMAP_OVERLAY_DISPLAY_MODE','2011-07-14 15:17:19','full',1,0);

DROP TABLE IF EXISTS CustomStylePresets;

CREATE TABLE IF NOT EXISTS `CustomStylePresets` (
  `cspID` int(10) unsigned NOT NULL AUTO_INCREMENT,
  `cspName` varchar(255) NOT NULL,
  `csrID` int(10) unsigned NOT NULL DEFAULT '0',
  PRIMARY KEY (`cspID`)
) ENGINE=MyISAM DEFAULT CHARSET=utf8;



DROP TABLE IF EXISTS CustomStyleRules;

CREATE TABLE IF NOT EXISTS `CustomStyleRules` (
  `csrID` int(10) unsigned NOT NULL AUTO_INCREMENT,
  `css_id` varchar(128) DEFAULT NULL,
  `css_class` varchar(128) DEFAULT NULL,
  `css_serialized` text,
  `css_custom` text,
  PRIMARY KEY (`csrID`)
) ENGINE=MyISAM AUTO_INCREMENT=3 DEFAULT CHARSET=utf8;

INSERT INTO CustomStyleRules VALUES(1,'','','a:20:{s:11:\"font_family\";s:7:\"inherit\";s:5:\"color\";s:0:\"\";s:9:\"font_size\";s:0:\"\";s:11:\"line_height\";s:0:\"\";s:10:\"text_align\";s:6:\"center\";s:16:\"background_color\";s:0:\"\";s:12:\"border_style\";s:4:\"none\";s:12:\"border_color\";s:0:\"\";s:12:\"border_width\";s:1:\"0\";s:15:\"border_position\";s:4:\"full\";s:10:\"margin_top\";s:0:\"\";s:12:\"margin_right\";s:0:\"\";s:13:\"margin_bottom\";s:0:\"\";s:11:\"margin_left\";s:0:\"\";s:11:\"padding_top\";s:0:\"\";s:13:\"padding_right\";s:0:\"\";s:14:\"padding_bottom\";s:0:\"\";s:12:\"padding_left\";s:0:\"\";s:16:\"background_image\";s:1:\"0\";s:17:\"background_repeat\";s:9:\"no-repeat\";}','')
 ,(2,'','','a:20:{s:11:\"font_family\";s:7:\"inherit\";s:5:\"color\";s:0:\"\";s:9:\"font_size\";s:0:\"\";s:11:\"line_height\";s:0:\"\";s:10:\"text_align\";s:0:\"\";s:16:\"background_color\";s:0:\"\";s:12:\"border_style\";s:4:\"none\";s:12:\"border_color\";s:0:\"\";s:12:\"border_width\";s:1:\"0\";s:15:\"border_position\";s:4:\"full\";s:10:\"margin_top\";s:0:\"\";s:12:\"margin_right\";s:0:\"\";s:13:\"margin_bottom\";s:0:\"\";s:11:\"margin_left\";s:0:\"\";s:11:\"padding_top\";s:0:\"\";s:13:\"padding_right\";s:0:\"\";s:14:\"padding_bottom\";s:0:\"\";s:12:\"padding_left\";s:0:\"\";s:16:\"background_image\";s:1:\"0\";s:17:\"background_repeat\";s:9:\"no-repeat\";}','');

DROP TABLE IF EXISTS DashboardHomepage;

CREATE TABLE IF NOT EXISTS `DashboardHomepage` (
  `dbhID` int(10) unsigned NOT NULL AUTO_INCREMENT,
  `dbhModule` varchar(255) NOT NULL,
  `dbhDisplayName` varchar(255) DEFAULT NULL,
  `dbhDisplayOrder` int(10) unsigned NOT NULL DEFAULT '0',
  `pkgID` int(10) unsigned NOT NULL DEFAULT '0',
  PRIMARY KEY (`dbhID`)
) ENGINE=MyISAM AUTO_INCREMENT=6 DEFAULT CHARSET=utf8;

INSERT INTO DashboardHomepage VALUES(1,'activity','Site Activity',0,0)
 ,(2,'reports','Statistics',0,0)
 ,(3,'help','Help',0,0)
 ,(4,'news','Latest News',0,0)
 ,(5,'notes','Notes',0,0);

DROP TABLE IF EXISTS DownloadStatistics;

CREATE TABLE IF NOT EXISTS `DownloadStatistics` (
  `dsID` int(10) unsigned NOT NULL AUTO_INCREMENT,
  `fID` int(10) unsigned NOT NULL,
  `fvID` int(10) unsigned NOT NULL,
  `uID` int(10) unsigned NOT NULL,
  `rcID` int(10) unsigned NOT NULL,
  `timestamp` timestamp NOT NULL DEFAULT CURRENT_TIMESTAMP ON UPDATE CURRENT_TIMESTAMP,
  PRIMARY KEY (`dsID`)
) ENGINE=MyISAM DEFAULT CHARSET=utf8;



DROP TABLE IF EXISTS FileAttributeValues;

CREATE TABLE IF NOT EXISTS `FileAttributeValues` (
  `fID` int(10) unsigned NOT NULL DEFAULT '0',
  `fvID` int(10) unsigned NOT NULL DEFAULT '0',
  `akID` int(10) unsigned NOT NULL DEFAULT '0',
  `avID` int(10) unsigned NOT NULL DEFAULT '0',
  PRIMARY KEY (`fID`,`fvID`,`akID`,`avID`)
) ENGINE=MyISAM DEFAULT CHARSET=utf8;

INSERT INTO FileAttributeValues VALUES(6,1,9,90)
 ,(6,1,10,91)
 ,(7,1,9,92)
 ,(7,1,10,93)
 ,(7,2,9,94)
 ,(7,2,10,95)
 ,(8,1,9,116)
 ,(8,1,10,117)
 ,(9,1,9,142)
 ,(9,1,10,143)
 ,(10,1,9,144)
 ,(10,1,10,145)
 ,(11,1,9,154)
 ,(11,1,10,155)
 ,(12,1,9,156)
 ,(12,1,10,157)
 ,(13,1,9,158)
 ,(13,1,10,159)
 ,(14,1,9,160)
 ,(14,1,10,161);

DROP TABLE IF EXISTS FilePermissionFileTypes;

CREATE TABLE IF NOT EXISTS `FilePermissionFileTypes` (
  `fsID` int(10) unsigned NOT NULL DEFAULT '0',
  `gID` int(10) unsigned NOT NULL DEFAULT '0',
  `uID` int(10) unsigned NOT NULL DEFAULT '0',
  `extension` varchar(32) NOT NULL,
  PRIMARY KEY (`fsID`,`gID`,`uID`,`extension`)
) ENGINE=MyISAM DEFAULT CHARSET=utf8;



DROP TABLE IF EXISTS FilePermissions;

CREATE TABLE IF NOT EXISTS `FilePermissions` (
  `fID` int(10) unsigned NOT NULL DEFAULT '0',
  `gID` int(10) unsigned NOT NULL DEFAULT '0',
  `uID` int(10) unsigned NOT NULL DEFAULT '0',
  `canRead` int(4) NOT NULL DEFAULT '0',
  `canWrite` int(4) NOT NULL DEFAULT '0',
  `canAdmin` int(4) NOT NULL DEFAULT '0',
  `canSearch` int(4) NOT NULL DEFAULT '0',
  PRIMARY KEY (`fID`,`gID`,`uID`)
) ENGINE=MyISAM DEFAULT CHARSET=utf8;



DROP TABLE IF EXISTS FileSearchIndexAttributes;

CREATE TABLE IF NOT EXISTS `FileSearchIndexAttributes` (
  `fID` int(11) unsigned NOT NULL DEFAULT '0',
  `ak_width` decimal(14,4) DEFAULT '0.0000',
  `ak_height` decimal(14,4) DEFAULT '0.0000',
  PRIMARY KEY (`fID`)
) ENGINE=MyISAM DEFAULT CHARSET=latin1;

INSERT INTO FileSearchIndexAttributes VALUES(1,800.0000,192.0000)
 ,(2,800.0000,192.0000)
 ,(3,800.0000,192.0000)
 ,(4,800.0000,215.0000)
 ,(5,800.0000,192.0000)
 ,(6,225.0000,225.0000)
 ,(7,199.0000,100.0000)
 ,(8,128.0000,128.0000)
 ,(9,796.0000,400.0000)
 ,(10,500.0000,320.0000)
 ,(11,196.0000,357.0000)
 ,(12,656.0000,833.0000)
 ,(13,188.0000,110.0000)
 ,(14,559.0000,504.0000)
 ,(15,1600.0000,1200.0000)
 ,(16,1600.0000,1200.0000)
 ,(17,1600.0000,1200.0000)
 ,(18,1000.0000,1000.0000)
 ,(19,600.0000,600.0000)
 ,(20,310.0000,189.0000)
 ,(21,310.0000,233.0000)
 ,(22,300.0000,242.0000)
 ,(23,221.0000,228.0000)
 ,(24,200.0000,200.0000);

DROP TABLE IF EXISTS FileSetFiles;

CREATE TABLE IF NOT EXISTS `FileSetFiles` (
  `fsfID` int(10) unsigned NOT NULL AUTO_INCREMENT,
  `fID` int(10) unsigned NOT NULL,
  `fsID` int(10) unsigned NOT NULL,
  `timestamp` timestamp NOT NULL DEFAULT CURRENT_TIMESTAMP ON UPDATE CURRENT_TIMESTAMP,
  `fsDisplayOrder` int(10) unsigned NOT NULL,
  PRIMARY KEY (`fsfID`),
  KEY `fID` (`fID`),
  KEY `fsID` (`fsID`)
) ENGINE=MyISAM DEFAULT CHARSET=utf8;



DROP TABLE IF EXISTS FileSetPermissions;

CREATE TABLE IF NOT EXISTS `FileSetPermissions` (
  `fsID` int(10) unsigned NOT NULL DEFAULT '0',
  `gID` int(10) unsigned NOT NULL DEFAULT '0',
  `uID` int(10) unsigned NOT NULL DEFAULT '0',
  `canRead` int(4) DEFAULT NULL,
  `canWrite` int(4) DEFAULT NULL,
  `canAdmin` int(4) DEFAULT NULL,
  `canAdd` int(4) DEFAULT NULL,
  `canSearch` int(3) unsigned DEFAULT NULL,
  PRIMARY KEY (`fsID`,`gID`,`uID`),
  KEY `canRead` (`canRead`),
  KEY `canWrite` (`canWrite`),
  KEY `canAdmin` (`canAdmin`),
  KEY `canSearch` (`canSearch`),
  KEY `canAdd` (`canAdd`)
) ENGINE=MyISAM DEFAULT CHARSET=utf8;

INSERT INTO FileSetPermissions VALUES(0,1,0,10,0,0,0,0)
 ,(0,2,0,10,0,0,0,0)
 ,(0,3,0,10,10,10,10,10);

DROP TABLE IF EXISTS FileSetSavedSearches;

CREATE TABLE IF NOT EXISTS `FileSetSavedSearches` (
  `fsID` int(10) unsigned NOT NULL DEFAULT '0',
  `fsSearchRequest` text,
  `fsResultColumns` text,
  PRIMARY KEY (`fsID`)
) ENGINE=MyISAM DEFAULT CHARSET=utf8;



DROP TABLE IF EXISTS FileSets;

CREATE TABLE IF NOT EXISTS `FileSets` (
  `fsID` int(10) unsigned NOT NULL AUTO_INCREMENT,
  `fsName` varchar(64) NOT NULL,
  `uID` int(10) unsigned NOT NULL DEFAULT '0',
  `fsType` int(4) NOT NULL,
  `fsOverrideGlobalPermissions` int(4) DEFAULT NULL,
  PRIMARY KEY (`fsID`),
  KEY `fsOverrideGlobalPermissions` (`fsOverrideGlobalPermissions`)
) ENGINE=MyISAM DEFAULT CHARSET=utf8;



DROP TABLE IF EXISTS FileStorageLocations;

CREATE TABLE IF NOT EXISTS `FileStorageLocations` (
  `fslID` int(10) unsigned NOT NULL DEFAULT '0',
  `fslName` varchar(255) NOT NULL,
  `fslDirectory` varchar(255) NOT NULL,
  PRIMARY KEY (`fslID`)
) ENGINE=MyISAM DEFAULT CHARSET=utf8;



DROP TABLE IF EXISTS FileVersionLog;

CREATE TABLE IF NOT EXISTS `FileVersionLog` (
  `fvlID` int(10) unsigned NOT NULL AUTO_INCREMENT,
  `fID` int(10) unsigned NOT NULL DEFAULT '0',
  `fvID` int(10) unsigned NOT NULL DEFAULT '0',
  `fvUpdateTypeID` int(3) unsigned NOT NULL DEFAULT '0',
  `fvUpdateTypeAttributeID` int(10) unsigned NOT NULL DEFAULT '0',
  PRIMARY KEY (`fvlID`)
) ENGINE=MyISAM AUTO_INCREMENT=71 DEFAULT CHARSET=utf8;

INSERT INTO FileVersionLog VALUES(46,12,1,5,10)
 ,(45,12,1,5,9)
 ,(50,14,1,5,10)
 ,(49,14,1,5,9)
 ,(42,10,1,5,10)
 ,(41,10,1,5,9)
 ,(38,8,1,4,0)
 ,(37,8,1,3,0)
 ,(34,8,1,5,9)
 ,(33,7,2,5,10)
 ,(44,11,1,5,10)
 ,(43,11,1,5,9)
 ,(48,13,1,5,10)
 ,(47,13,1,5,9)
 ,(40,9,1,5,10)
 ,(39,9,1,5,9)
 ,(36,8,1,2,0)
 ,(35,8,1,5,10)
 ,(32,7,2,5,9)
 ,(31,7,2,1,0)
 ,(21,6,1,5,9)
 ,(22,6,1,5,10)
 ,(23,6,1,2,0)
 ,(24,6,1,3,0)
 ,(25,6,1,4,0)
 ,(26,7,1,5,9)
 ,(27,7,1,5,10)
 ,(28,7,1,2,0)
 ,(29,7,1,3,0)
 ,(30,7,1,4,0);

DROP TABLE IF EXISTS FileVersions;

CREATE TABLE IF NOT EXISTS `FileVersions` (
  `fID` int(10) unsigned NOT NULL DEFAULT '0',
  `fvID` int(10) unsigned NOT NULL DEFAULT '0',
  `fvFilename` varchar(255) NOT NULL,
  `fvPrefix` varchar(12) DEFAULT NULL,
  `fvGenericType` int(3) unsigned NOT NULL DEFAULT '0',
  `fvSize` int(20) unsigned NOT NULL DEFAULT '0',
  `fvTitle` varchar(255) DEFAULT NULL,
  `fvDescription` text,
  `fvTags` varchar(255) DEFAULT NULL,
  `fvIsApproved` int(10) unsigned NOT NULL DEFAULT '1',
  `fvDateAdded` datetime DEFAULT NULL,
  `fvApproverUID` int(10) unsigned NOT NULL DEFAULT '0',
  `fvAuthorUID` int(10) unsigned NOT NULL DEFAULT '0',
  `fvActivateDatetime` datetime DEFAULT NULL,
  `fvHasThumbnail1` int(1) NOT NULL DEFAULT '0',
  `fvHasThumbnail2` int(1) NOT NULL DEFAULT '0',
  `fvHasThumbnail3` int(1) NOT NULL DEFAULT '0',
  `fvExtension` varchar(32) DEFAULT NULL,
  `fvType` int(10) unsigned NOT NULL DEFAULT '0',
  PRIMARY KEY (`fID`,`fvID`),
  KEY `fvExtension` (`fvType`),
  KEY `fvTitle` (`fvTitle`)
) ENGINE=MyISAM DEFAULT CHARSET=utf8;

INSERT INTO FileVersions VALUES(10,1,'business_database.png','921309157695',1,178947,'business_database.png','','',1,'2011-06-26 23:54:55',1,1,'2011-06-26 23:54:55',1,1,0,'png',1)
 ,(11,1,'alpacasock.jpg','421309400892',1,18737,'alpacasock.jpg','','',1,'2011-06-29 19:28:12',1,1,'2011-06-29 19:28:12',1,1,0,'jpg',1)
 ,(12,1,'crystal_ball.jpg','831309400917',1,66407,'crystal_ball.jpg','','',1,'2011-06-29 19:28:37',1,1,'2011-06-29 19:28:37',1,1,0,'jpg',1)
 ,(9,1,'Screenshot.png','461309119896',1,77510,'Screenshot.png','','',1,'2011-06-26 13:24:56',1,1,'2011-06-26 13:24:56',1,1,0,'png',1)
 ,(8,1,'love_bitcoins.png','311309061361',1,6997,'love_bitcoins.png','We love bitcoins','\nBitcoins\n',1,'2011-06-25 21:09:21',1,1,'2011-06-25 21:09:21',1,1,0,'png',1)
 ,(7,2,'14860288809_kt8Hb.jpg','851309055365',1,9075,'Screenshot.png','Screenshot of bitcoin software','\nbitcoin software\n',1,'2011-06-25 19:29:25',1,1,'2011-06-25 19:27:17',1,1,0,'jpg',1)
 ,(6,1,'bitcoin.png','541309054672',1,62434,'bitcoin.png','Bitcoin logo','\nbitcoin\n',1,'2011-06-25 19:17:52',1,1,'2011-06-25 19:17:52',1,1,0,'png',1)
 ,(7,1,'Screenshot.png','921309055237',1,77510,'Screenshot.png','Screenshot of bitcoin software','\nbitcoin software\n',0,'2011-06-25 19:27:17',1,1,'2011-06-25 19:27:17',1,1,0,'png',1)
 ,(13,1,'neo.jpg','291309400932',1,4791,'neo.jpg','','',1,'2011-06-29 19:28:52',1,1,'2011-06-29 19:28:52',1,1,0,'jpg',1)
 ,(14,1,'spock.jpg','301309400943',1,51911,'spock.jpg','','',1,'2011-06-29 19:29:03',1,1,'2011-06-29 19:29:03',1,1,0,'jpg',1);

DROP TABLE IF EXISTS Files;

CREATE TABLE IF NOT EXISTS `Files` (
  `fID` int(10) unsigned NOT NULL AUTO_INCREMENT,
  `fDateAdded` datetime DEFAULT NULL,
  `uID` int(10) unsigned NOT NULL DEFAULT '0',
  `fslID` int(10) unsigned NOT NULL DEFAULT '0',
  `ocID` int(10) unsigned NOT NULL DEFAULT '0',
  `fOverrideSetPermissions` int(1) NOT NULL DEFAULT '0',
  `fPassword` varchar(255) DEFAULT NULL,
  PRIMARY KEY (`fID`,`uID`,`fslID`),
  KEY `fOverrideSetPermissions` (`fOverrideSetPermissions`)
) ENGINE=MyISAM AUTO_INCREMENT=25 DEFAULT CHARSET=utf8;

INSERT INTO Files VALUES(11,'2011-06-29 19:28:12',1,0,83,0,NULL)
 ,(10,'2011-06-26 23:54:55',1,0,76,0,NULL)
 ,(9,'2011-06-26 13:24:56',1,0,77,0,NULL)
 ,(8,'2011-06-25 21:09:21',1,0,77,0,NULL)
 ,(6,'2011-06-25 19:17:52',1,0,77,0,NULL)
 ,(7,'2011-06-25 19:27:17',1,0,77,0,NULL)
 ,(12,'2011-06-29 19:28:37',1,0,83,0,NULL)
 ,(13,'2011-06-29 19:28:52',1,0,83,0,NULL)
 ,(14,'2011-06-29 19:29:03',1,0,83,0,NULL);

DROP TABLE IF EXISTS Groups;

CREATE TABLE IF NOT EXISTS `Groups` (
  `gID` int(10) unsigned NOT NULL AUTO_INCREMENT,
  `gName` varchar(128) NOT NULL,
  `gDescription` varchar(255) NOT NULL,
  `gUserExpirationIsEnabled` int(1) NOT NULL DEFAULT '0',
  `gUserExpirationMethod` varchar(12) DEFAULT NULL,
  `gUserExpirationSetDateTime` datetime DEFAULT NULL,
  `gUserExpirationInterval` int(10) unsigned NOT NULL DEFAULT '0',
  `gUserExpirationAction` varchar(20) DEFAULT NULL,
  PRIMARY KEY (`gID`),
  UNIQUE KEY `gName` (`gName`)
) ENGINE=MyISAM AUTO_INCREMENT=4 DEFAULT CHARSET=utf8;

INSERT INTO Groups VALUES(1,'Guest','The guest group represents unregistered visitors to your site.',0,NULL,NULL,0,NULL)
 ,(2,'Registered Users','The registered users group represents all user accounts.',0,NULL,NULL,0,NULL)
 ,(3,'Administrators','',0,NULL,NULL,0,NULL);

DROP TABLE IF EXISTS Jobs;

CREATE TABLE IF NOT EXISTS `Jobs` (
  `jID` int(10) unsigned NOT NULL AUTO_INCREMENT,
  `jName` varchar(100) NOT NULL,
  `jDescription` varchar(255) NOT NULL,
  `jDateInstalled` datetime DEFAULT NULL,
  `jDateLastRun` datetime DEFAULT NULL,
  `pkgID` int(10) unsigned NOT NULL DEFAULT '0',
  `jLastStatusText` varchar(255) DEFAULT NULL,
  `jLastStatusCode` smallint(4) NOT NULL DEFAULT '0',
  `jStatus` varchar(14) NOT NULL DEFAULT 'ENABLED',
  `jHandle` varchar(255) NOT NULL,
  `jNotUninstallable` smallint(4) NOT NULL DEFAULT '0',
  PRIMARY KEY (`jID`)
) ENGINE=MyISAM AUTO_INCREMENT=4 DEFAULT CHARSET=utf8;

INSERT INTO Jobs VALUES(1,'Index Search Engine','Index the site to allow searching to work quickly and accurately.','2011-06-24 22:52:16','2011-08-10 14:30:04',0,'Index updated. 22 pages required reindexing.',0,'ENABLED','index_search',1)
 ,(2,'Generate Sitemap File','Generate the sitemap.xml file that search engines use to crawl your site.','2011-06-24 22:52:16','2011-08-10 14:30:29',0,'Sitemap XML File Saved.',0,'ENABLED','generate_sitemap',0)
 ,(3,'Process Email Posts','Polls an email account and grabs private messages/postings that are sent there..','2011-06-24 22:52:16','2011-08-10 14:30:37',0,'The Job was run successfully.',0,'ENABLED','process_email',0);

DROP TABLE IF EXISTS JobsLog;

CREATE TABLE IF NOT EXISTS `JobsLog` (
  `jlID` int(10) unsigned NOT NULL AUTO_INCREMENT,
  `jID` int(10) unsigned NOT NULL,
  `jlMessage` varchar(255) NOT NULL,
  `jlTimestamp` timestamp NOT NULL DEFAULT CURRENT_TIMESTAMP ON UPDATE CURRENT_TIMESTAMP,
  `jlError` int(10) NOT NULL DEFAULT '0',
  PRIMARY KEY (`jlID`)
) ENGINE=MyISAM AUTO_INCREMENT=16 DEFAULT CHARSET=utf8;

INSERT INTO JobsLog VALUES(1,1,'Index updated. 1 page required reindexing.','2011-06-25 23:35:56',0)
 ,(2,2,'Sitemap XML File Saved.','2011-06-25 23:35:56',0)
 ,(3,3,'The Job was run successfully.','2011-06-25 23:36:04',0)
 ,(4,0,'Index updated. 17 pages required reindexing.','2011-07-21 11:58:49',0)
 ,(5,0,'Sitemap XML File Saved.','2011-07-21 11:58:55',0)
 ,(6,0,'The Job was run successfully.','2011-07-21 11:58:57',0)
 ,(7,0,'Indexing complete. Index is up to date','2011-07-21 12:11:19',0)
 ,(8,0,'Sitemap XML File Saved.','2011-07-21 12:11:19',0)
 ,(9,0,'The Job was run successfully.','2011-07-21 12:11:21',0)
 ,(10,0,'Indexing complete. Index is up to date','2011-07-21 12:11:28',0)
 ,(11,0,'Sitemap XML File Saved.','2011-07-21 12:11:28',0)
 ,(12,0,'The Job was run successfully.','2011-07-21 12:11:30',0)
 ,(13,1,'Index updated. 22 pages required reindexing.','2011-08-10 14:30:04',0)
 ,(14,2,'Sitemap XML File Saved.','2011-08-10 14:30:29',0)
 ,(15,3,'The Job was run successfully.','2011-08-10 14:30:37',0);

DROP TABLE IF EXISTS LayoutPresets;

CREATE TABLE IF NOT EXISTS `LayoutPresets` (
  `lpID` int(10) unsigned NOT NULL AUTO_INCREMENT,
  `lpName` varchar(128) NOT NULL,
  `layoutID` int(10) unsigned NOT NULL DEFAULT '0',
  PRIMARY KEY (`lpID`),
  UNIQUE KEY `layoutID` (`layoutID`)
) ENGINE=MyISAM DEFAULT CHARSET=utf8;



DROP TABLE IF EXISTS Layouts;

CREATE TABLE IF NOT EXISTS `Layouts` (
  `layoutID` int(10) unsigned NOT NULL AUTO_INCREMENT,
  `layout_rows` int(5) NOT NULL DEFAULT '3',
  `layout_columns` int(3) NOT NULL DEFAULT '3',
  `spacing` int(3) NOT NULL DEFAULT '3',
  `breakpoints` varchar(255) NOT NULL DEFAULT '',
  `locked` tinyint(1) NOT NULL DEFAULT '0',
  PRIMARY KEY (`layoutID`)
) ENGINE=MyISAM AUTO_INCREMENT=4 DEFAULT CHARSET=utf8;

INSERT INTO Layouts VALUES(1,1,3,0,'33.333333333333%,66.666666666667%',0)
 ,(2,1,3,10,'27%,55%',0)
 ,(3,1,3,10,'27%,55%',0);

DROP TABLE IF EXISTS Logs;

CREATE TABLE IF NOT EXISTS `Logs` (
  `logID` int(10) unsigned NOT NULL AUTO_INCREMENT,
  `logType` varchar(64) NOT NULL,
  `timestamp` timestamp NOT NULL DEFAULT CURRENT_TIMESTAMP ON UPDATE CURRENT_TIMESTAMP,
  `logText` longtext,
  `logIsInternal` tinyint(1) NOT NULL DEFAULT '0',
  PRIMARY KEY (`logID`),
  KEY `logType` (`logType`),
  KEY `logIsInternal` (`logIsInternal`)
) ENGINE=MyISAM AUTO_INCREMENT=38 DEFAULT CHARSET=utf8;

INSERT INTO Logs VALUES(1,'exceptions','2011-06-25 22:50:47','Exception Occurred: File /home/dev3689/searchbitcoin.com/jotest/concrete5.4.1.1/concrete/config/../packages/theme_simple_blue/themes/simple_blue/default.php not found. All themes need default.php and view.php files in them. Consult concrete5 documentation on how to create these files.\n#0 /home/dev3689/searchbitcoin.com/jotest/concrete5.4.1.1/concrete/dispatcher.php(246): View-&gt;render(Object(Page))\n#1 /home/dev3689/searchbitcoin.com/jotest/concrete5.4.1.1/index.php(2): require(\'/home/dev3689/s...\')\n#2 {main}\n',1)
 ,(2,'exceptions','2011-06-25 22:53:35','Exception Occurred: File /home/dev3689/searchbitcoin.com/jotest/concrete5.4.1.1/concrete/config/../packages/theme_simple_blue/themes/simple_blue/default.php not found. All themes need default.php and view.php files in them. Consult concrete5 documentation on how to create these files.\n#0 /home/dev3689/searchbitcoin.com/jotest/concrete5.4.1.1/concrete/dispatcher.php(246): View-&gt;render(Object(Page))\n#1 /home/dev3689/searchbitcoin.com/jotest/concrete5.4.1.1/index.php(2): require(\'/home/dev3689/s...\')\n#2 {main}\n',1)
 ,(3,'sent_emails','2011-06-26 15:05:36','**EMAILS ARE ENABLED. THIS EMAIL WAS SENT TO mail()**\nTemplate Used: block_form_submission\nTo: jostmey@gmail.com\nFrom: jostmey@gmail.com\nSubject: Contact Us Form Submission\nBody: \nThere has been a submission of the form Contact Us on through your Concrete5 website.\n\nName\r\nJared Ostmeyer\r\n\r\nEmail Address\r\njostmey@gmail.com\r\n\r\nComments\r\nThis is just a test\r\n\r\n\n\nTo view all of this form\'s submissions, visit http://www.searchbitcoin.com/index.php/dashboard/reports/forms/?qsid=1309044364 \n\n\n',1)
 ,(4,'sent_emails','2011-06-27 17:28:16','**EMAILS ARE ENABLED. THIS EMAIL WAS SENT TO mail()**\nTemplate Used: block_form_submission\nTo: jostmey@gmail.com\nFrom: jostmey@gmail.com\nSubject: Contact Us Form Submission\nBody: \nThere has been a submission of the form Contact Us on through your Concrete5 website.\n\nName\r\nRoger Wehbe\r\n\r\nEmail Address\r\npresident@yooter.com\r\n\r\nComments\r\nI think Flexcoin.com deserves a mention :)\r\n\r\n\n\nTo view all of this form\'s submissions, visit http://www.searchbitcoin.com/index.php/dashboard/reports/forms/?qsid=1309044364 \n\n\n',1)
 ,(5,'sent_emails','2011-07-01 02:02:47','**EMAILS ARE ENABLED. THIS EMAIL WAS SENT TO mail()**\nTemplate Used: block_form_submission\nTo: jostmey@gmail.com\nFrom: jostmey@gmail.com\nSubject: Contact Us Form Submission\nBody: \nThere has been a submission of the form Contact Us on through your Concrete5 website.\n\nName\r\nRoger Ver\r\n\r\nEmail Address\r\nroger@memorydealers.com\r\n\r\nComments\r\nGreat work on your bitcoin advertising.\r\nWhat can I do to help the products from my site be included in your feed?\r\n\r\nThanks!\r\n\r\n\n\nTo view all of this form\'s submissions, visit http://www.searchbitcoin.com/index.php/dashboard/reports/forms/?qsid=1309044364 \n\n\n',1)
 ,(6,'sent_emails','2011-07-09 01:00:28','**EMAILS ARE ENABLED. THIS EMAIL WAS SENT TO mail()**\nTemplate Used: block_form_submission\nTo: jostmey@gmail.com\nFrom: jostmey@gmail.com\nSubject: Contact Us Form Submission\nBody: \nThere has been a submission of the form Contact Us on through your Concrete5 website.\n\nName\r\nGary\r\n\r\nEmail Address\r\nflyingkiwiguy@gmail.com\r\n\r\nComments\r\nHave you considered affiliate marketing for BTC merchants? I\'m in touch with some people who have a very large affiliate network, and that partner with sites such as eBay and Amazon and are targeting consumers country-by-country, currency-by-currency.\r\n\r\nWe could essentially add in BitCoin merchants to their network as a separate country + currency.\r\n\r\nWhat do you think?\r\nGary\r\n\r\n\n\nTo view all of this form\'s submissions, visit http://www.searchbitcoin.com/index.php/dashboard/reports/forms/?qsid=1309044364 \n\n\n',1)
 ,(7,'sent_emails','2011-07-14 15:43:21','**EMAILS ARE ENABLED. THIS EMAIL WAS SENT TO mail()**\nTemplate Used: block_form_submission\nTo: jostmey@gmail.com\nFrom: jostmey@gmail.com\nSubject: Add Webpage Form Submission\nBody: \nThere has been a submission of the form Add Webpage on through your Concrete5 website.\n\nWebsite:\r\nwww.example.com\r\n\r\nName of Website:\r\nthis is a test\r\n\r\nDescription of Website:\r\nThis is a test website.\r\n\r\nLogo or Graphic\r\n15This is a test website.\r\n\r\n\n\nTo view all of this form\'s submissions, visit http://www.searchbitcoin.com/index.php/dashboard/reports/forms/?qsid=1310682296 \n\n\n',1)
 ,(8,'sent_emails','2011-07-14 15:44:22','**EMAILS ARE ENABLED. THIS EMAIL WAS SENT TO mail()**\nTemplate Used: block_form_submission\nTo: jostmey@gmail.com\nFrom: jostmey@gmail.com\nSubject: Add Webpage Form Submission\nBody: \nThere has been a submission of the form Add Webpage on through your Concrete5 website.\n\nWebsite:\r\ntest-2\r\n\r\nName of Website:\r\nSecond test\r\n\r\nDescription of Website:\r\nThis is just another test.\r\n\r\nLogo or Graphic\r\n16This is just another test.\r\n\r\n\n\nTo view all of this form\'s submissions, visit http://www.searchbitcoin.com/index.php/dashboard/reports/forms/?qsid=1310682296 \n\n\n',1)
 ,(9,'sent_emails','2011-07-14 15:47:03','**EMAILS ARE ENABLED. THIS EMAIL WAS SENT TO mail()**\nTemplate Used: block_form_submission\nTo: jostmey@gmail.com\nFrom: jostmey@gmail.com\nSubject: Add Webpage Form Submission\nBody: \nThere has been a submission of the form Add Webpage on through your Concrete5 website.\n\nWebsite:\r\nwww.test.com\r\n\r\nName of Website:\r\nHello  World\r\n\r\nDescription of Website:\r\nThis is just a 3rd test\r\n\r\nLogo or Graphic\r\n17This is just a 3rd test\r\n\r\n\n\nTo view all of this form\'s submissions, visit http://www.searchbitcoin.com/index.php/dashboard/reports/forms/?qsid=1310682296 \n\n\n',1)
 ,(10,'sent_emails','2011-07-15 00:06:57','**EMAILS ARE ENABLED. THIS EMAIL WAS SENT TO mail()**\nTemplate Used: block_form_submission\nTo: jostmey+searchbitcoin@gmail.com\nFrom: jostmey@gmail.com\nSubject: Add Your Webpage Form Submission\nBody: \nThere has been a submission of the form Add Your Webpage on through your Concrete5 website.\n\nWebsite:\r\nwww.test.com\r\n\r\nEmail Address:\r\nThis is a test\r\n\r\n\n\nTo view all of this form\'s submissions, visit http://www.searchbitcoin.com/index.php/dashboard/reports/forms/?qsid=1310684556 \n\n\n',1)
 ,(11,'sent_emails','2011-07-15 00:39:18','**EMAILS ARE ENABLED. THIS EMAIL WAS SENT TO mail()**\nTemplate Used: block_form_submission\nTo: jostmey+searchbitcoin@gmail.com\nFrom: jostmey@gmail.com\nSubject: Add Your Webpage Form Submission\nBody: \nThere has been a submission of the form Add Your Webpage on through your Concrete5 website.\n\nWebsite:\r\nhttp://bitvapes.com\r\n\r\nEmail Address:\r\nadmin@bitvapes.com\r\n\r\n\n\nTo view all of this form\'s submissions, visit http://www.searchbitcoin.com/index.php/dashboard/reports/forms/?qsid=1310684556 \n\n\n',1)
 ,(12,'sent_emails','2011-07-15 00:49:34','**EMAILS ARE ENABLED. THIS EMAIL WAS SENT TO mail()**\nTemplate Used: block_form_submission\nTo: jostmey+searchbitcoin@gmail.com\nFrom: jostmey@gmail.com\nSubject: Add Your Webpage Form Submission\nBody: \nThere has been a submission of the form Add Your Webpage on through your Concrete5 website.\n\nWebsite:\r\nhttp://www.upingme.com\r\n\r\nEmail Address:\r\nElderberry@upingme.com\r\n\r\n\n\nTo view all of this form\'s submissions, visit http://www.searchbitcoin.com/index.php/dashboard/reports/forms/?qsid=1310684556 \n\n\n',1)
 ,(13,'sent_emails','2011-07-15 01:06:52','**EMAILS ARE ENABLED. THIS EMAIL WAS SENT TO mail()**\nTemplate Used: block_form_submission\nTo: jostmey+searchbitcoin@gmail.com\nFrom: jostmey@gmail.com\nSubject: Add Your Webpage Form Submission\nBody: \nThere has been a submission of the form Add Your Webpage on through your Concrete5 website.\n\nWebsite:\r\nhttp://smallpla.net/bit-fu/\r\n\r\nEmail Address:\r\njindq1@gmail.com\r\n\r\n\n\nTo view all of this form\'s submissions, visit http://www.searchbitcoin.com/index.php/dashboard/reports/forms/?qsid=1310684556 \n\n\n',1)
 ,(14,'sent_emails','2011-07-15 01:37:06','**EMAILS ARE ENABLED. THIS EMAIL WAS SENT TO mail()**\nTemplate Used: block_form_submission\nTo: jostmey+searchbitcoin@gmail.com\nFrom: jostmey@gmail.com\nSubject: Add Your Webpage Form Submission\nBody: \nThere has been a submission of the form Add Your Webpage on through your Concrete5 website.\n\nWebsite:\r\nhttp://bitcoinporn.tumblr.com\r\n\r\nEmail Address:\r\nbitcoinporn@gmail.com\r\n\r\n\n\nTo view all of this form\'s submissions, visit http://www.searchbitcoin.com/index.php/dashboard/reports/forms/?qsid=1310684556 \n\n\n',1)
 ,(15,'sent_emails','2011-07-15 01:37:24','**EMAILS ARE ENABLED. THIS EMAIL WAS SENT TO mail()**\nTemplate Used: block_form_submission\nTo: jostmey+searchbitcoin@gmail.com\nFrom: jostmey@gmail.com\nSubject: Add Your Webpage Form Submission\nBody: \nThere has been a submission of the form Add Your Webpage on through your Concrete5 website.\n\nWebsite:\r\nhttp://soundcloud.com/hashingitout\r\n\r\nEmail Address:\r\nbitcoinporn@gmail.com\r\n\r\n\n\nTo view all of this form\'s submissions, visit http://www.searchbitcoin.com/index.php/dashboard/reports/forms/?qsid=1310684556 \n\n\n',1)
 ,(16,'sent_emails','2011-07-15 01:37:34','**EMAILS ARE ENABLED. THIS EMAIL WAS SENT TO mail()**\nTemplate Used: block_form_submission\nTo: jostmey+searchbitcoin@gmail.com\nFrom: jostmey@gmail.com\nSubject: Add Your Webpage Form Submission\nBody: \nThere has been a submission of the form Add Your Webpage on through your Concrete5 website.\n\nWebsite:\r\nhttp://hashingitout.tumblr.com\r\n\r\nEmail Address:\r\nbitcoinporn@gmail.com\r\n\r\n\n\nTo view all of this form\'s submissions, visit http://www.searchbitcoin.com/index.php/dashboard/reports/forms/?qsid=1310684556 \n\n\n',1)
 ,(17,'sent_emails','2011-07-15 01:38:31','**EMAILS ARE ENABLED. THIS EMAIL WAS SENT TO mail()**\nTemplate Used: block_form_submission\nTo: jostmey+searchbitcoin@gmail.com\nFrom: jostmey@gmail.com\nSubject: Add Your Webpage Form Submission\nBody: \nThere has been a submission of the form Add Your Webpage on through your Concrete5 website.\n\nWebsite:\r\nhttp://decentralizeddesign.com\r\n\r\nEmail Address:\r\nbitcoinporn@gmail.com\r\n\r\n\n\nTo view all of this form\'s submissions, visit http://www.searchbitcoin.com/index.php/dashboard/reports/forms/?qsid=1310684556 \n\n\n',1)
 ,(18,'sent_emails','2011-07-15 01:39:48','**EMAILS ARE ENABLED. THIS EMAIL WAS SENT TO mail()**\nTemplate Used: block_form_submission\nTo: jostmey+searchbitcoin@gmail.com\nFrom: jostmey@gmail.com\nSubject: Add Your Webpage Form Submission\nBody: \nThere has been a submission of the form Add Your Webpage on through your Concrete5 website.\n\nWebsite:\r\nhttp://im_an_idiot_and_submitted_non_store_links_wrong_page_my_bad\r\n\r\nEmail Address:\r\nbitcoinporn@gmail.com\r\n\r\n\n\nTo view all of this form\'s submissions, visit http://www.searchbitcoin.com/index.php/dashboard/reports/forms/?qsid=1310684556 \n\n\n',1)
 ,(19,'sent_emails','2011-07-15 01:54:51','**EMAILS ARE ENABLED. THIS EMAIL WAS SENT TO mail()**\nTemplate Used: block_form_submission\nTo: jostmey+searchbitcoin@gmail.com\nFrom: jostmey@gmail.com\nSubject: Add Your Webpage Form Submission\nBody: \nThere has been a submission of the form Add Your Webpage on through your Concrete5 website.\n\nWebsite:\r\nhttp://www.ozco.in\r\n\r\nEmail Address:\r\ngraet@ozco.in\r\n\r\n\n\nTo view all of this form\'s submissions, visit http://www.searchbitcoin.com/index.php/dashboard/reports/forms/?qsid=1310684556 \n\n\n',1)
 ,(20,'sent_emails','2011-07-15 01:56:14','**EMAILS ARE ENABLED. THIS EMAIL WAS SENT TO mail()**\nTemplate Used: block_form_submission\nTo: jostmey+searchbitcoin@gmail.com\nFrom: jostmey@gmail.com\nSubject: Add Your Webpage Form Submission\nBody: \nThere has been a submission of the form Add Your Webpage on through your Concrete5 website.\n\nWebsite:\r\n21bitcoin.com\r\n\r\nEmail Address:\r\nnakowa@21bitcoin.com\r\n\r\n\n\nTo view all of this form\'s submissions, visit http://www.searchbitcoin.com/index.php/dashboard/reports/forms/?qsid=1310684556 \n\n\n',1)
 ,(21,'sent_emails','2011-07-15 02:22:35','**EMAILS ARE ENABLED. THIS EMAIL WAS SENT TO mail()**\nTemplate Used: block_form_submission\nTo: jostmey+searchbitcoin@gmail.com\nFrom: jostmey@gmail.com\nSubject: Add Your Webpage Form Submission\nBody: \nThere has been a submission of the form Add Your Webpage on through your Concrete5 website.\n\nWebsite:\r\nwww.wesellrigs.com\r\n\r\nEmail Address:\r\nadmin@wesellrigs.com\r\n\r\n\n\nTo view all of this form\'s submissions, visit http://www.searchbitcoin.com/index.php/dashboard/reports/forms/?qsid=1310684556 \n\n\n',1)
 ,(22,'sent_emails','2011-07-15 03:32:26','**EMAILS ARE ENABLED. THIS EMAIL WAS SENT TO mail()**\nTemplate Used: block_form_submission\nTo: jostmey+searchbitcoin@gmail.com\nFrom: jostmey@gmail.com\nSubject: Add Your Webpage Form Submission\nBody: \nThere has been a submission of the form Add Your Webpage on through your Concrete5 website.\n\nWebsite:\r\nwww.richardstott.co.uk\r\n\r\nEmail Address:\r\nrichard@cablestudios.co.uk\r\n\r\n\n\nTo view all of this form\'s submissions, visit http://www.searchbitcoin.com/index.php/dashboard/reports/forms/?qsid=1310684556 \n\n\n',1)
 ,(23,'sent_emails','2011-07-15 04:28:08','**EMAILS ARE ENABLED. THIS EMAIL WAS SENT TO mail()**\nTemplate Used: block_form_submission\nTo: jostmey+searchbitcoin@gmail.com\nFrom: jostmey@gmail.com\nSubject: Add Your Webpage Form Submission\nBody: \nThere has been a submission of the form Add Your Webpage on through your Concrete5 website.\n\nWebsite:\r\nconstrictormusic.bandcamp.com\r\n\r\nEmail Address:\r\nmholloway@sympatico.ca\r\n\r\n\n\nTo view all of this form\'s submissions, visit http://www.searchbitcoin.com/index.php/dashboard/reports/forms/?qsid=1310684556 \n\n\n',1)
 ,(24,'sent_emails','2011-07-15 05:02:17','**EMAILS ARE ENABLED. THIS EMAIL WAS SENT TO mail()**\nTemplate Used: block_form_submission\nTo: jostmey+searchbitcoin@gmail.com\nFrom: jostmey@gmail.com\nSubject: Add Your Webpage Form Submission\nBody: \nThere has been a submission of the form Add Your Webpage on through your Concrete5 website.\n\nWebsite:\r\nhttps://bit-pay.com\r\n\r\nEmail Address:\r\ninfo@bit-pay.com\r\n\r\n\n\nTo view all of this form\'s submissions, visit http://www.searchbitcoin.com/index.php/dashboard/reports/forms/?qsid=1310684556 \n\n\n',1)
 ,(25,'sent_emails','2011-07-15 05:39:17','**EMAILS ARE ENABLED. THIS EMAIL WAS SENT TO mail()**\nTemplate Used: block_form_submission\nTo: jostmey+searchbitcoin@gmail.com\nFrom: jostmey@gmail.com\nSubject: Add Your Webpage Form Submission\nBody: \nThere has been a submission of the form Add Your Webpage on through your Concrete5 website.\n\nWebsite:\r\niWantFreeBitCoins.com\r\n\r\nEmail Address:\r\nrj@emspire.com\r\n\r\n\n\nTo view all of this form\'s submissions, visit http://www.searchbitcoin.com/index.php/dashboard/reports/forms/?qsid=1310684556 \n\n\n',1)
 ,(26,'sent_emails','2011-07-15 08:43:17','**EMAILS ARE ENABLED. THIS EMAIL WAS SENT TO mail()**\nTemplate Used: block_form_submission\nTo: jostmey+searchbitcoin@gmail.com\nFrom: jostmey@gmail.com\nSubject: Add Your Webpage Form Submission\nBody: \nThere has been a submission of the form Add Your Webpage on through your Concrete5 website.\n\nWebsite:\r\nhttp://www.goldstarbullion.com\r\n\r\nEmail Address:\r\ncontactgoldstar@gmail.com\r\n\r\n\n\nTo view all of this form\'s submissions, visit http://www.searchbitcoin.com/index.php/dashboard/reports/forms/?qsid=1310684556 \n\n\n',1)
 ,(27,'sent_emails','2011-07-15 08:43:45','**EMAILS ARE ENABLED. THIS EMAIL WAS SENT TO mail()**\nTemplate Used: block_form_submission\nTo: jostmey+searchbitcoin@gmail.com\nFrom: jostmey@gmail.com\nSubject: Add Your Webpage Form Submission\nBody: \nThere has been a submission of the form Add Your Webpage on through your Concrete5 website.\n\nWebsite:\r\nhttp://www.horolotech.com\r\n\r\nEmail Address:\r\nsales@horolotech.com\r\n\r\n\n\nTo view all of this form\'s submissions, visit http://www.searchbitcoin.com/index.php/dashboard/reports/forms/?qsid=1310684556 \n\n\n',1)
 ,(28,'sent_emails','2011-07-15 09:11:27','**EMAILS ARE ENABLED. THIS EMAIL WAS SENT TO mail()**\nTemplate Used: block_form_submission\nTo: jostmey+searchbitcoin@gmail.com\nFrom: jostmey@gmail.com\nSubject: Add Your Webpage Form Submission\nBody: \nThere has been a submission of the form Add Your Webpage on through your Concrete5 website.\n\nWebsite:\r\nbitstarter.co\r\n\r\nEmail Address:\r\nbitstarter@gmail.com\r\n\r\n\n\nTo view all of this form\'s submissions, visit http://www.searchbitcoin.com/index.php/dashboard/reports/forms/?qsid=1310684556 \n\n\n',1)
 ,(29,'sent_emails','2011-07-15 09:11:53','**EMAILS ARE ENABLED. THIS EMAIL WAS SENT TO mail()**\nTemplate Used: block_form_submission\nTo: jostmey+searchbitcoin@gmail.com\nFrom: jostmey@gmail.com\nSubject: Add Your Webpage Form Submission\nBody: \nThere has been a submission of the form Add Your Webpage on through your Concrete5 website.\n\nWebsite:\r\nhttp://www.bitprotection.info\r\n\r\nEmail Address:\r\nbitprotection@gmail.com\r\n\r\n\n\nTo view all of this form\'s submissions, visit http://www.searchbitcoin.com/index.php/dashboard/reports/forms/?qsid=1310684556 \n\n\n',1)
 ,(30,'sent_emails','2011-07-15 10:23:48','**EMAILS ARE ENABLED. THIS EMAIL WAS SENT TO mail()**\nTemplate Used: block_form_submission\nTo: jostmey+searchbitcoin@gmail.com\nFrom: jostmey@gmail.com\nSubject: Add Your Webpage Form Submission\nBody: \nThere has been a submission of the form Add Your Webpage on through your Concrete5 website.\n\nWebsite:\r\nwww.test.com\r\n\r\nTitle:\r\ntest\r\n\r\nDescription:\r\ntest\r\n\r\nImage File:\r\n18test\r\n\r\nEmail Address:\r\njostmey@test.com\r\n\r\n\n\nTo view all of this form\'s submissions, visit http://www.searchbitcoin.com/index.php/dashboard/reports/forms/?qsid=1310684556 \n\n\n',1)
 ,(31,'sent_emails','2011-07-15 10:45:11','**EMAILS ARE ENABLED. THIS EMAIL WAS SENT TO mail()**\nTemplate Used: block_form_submission\nTo: jostmey+searchbitcoin@gmail.com\nFrom: jostmey@gmail.com\nSubject: Add Your Webpage Form Submission\nBody: \nThere has been a submission of the form Add Your Webpage on through your Concrete5 website.\n\nWebsite:\r\nwww.test.com\r\n\r\nTitle:\r\ntest\r\n\r\nDescription:\r\nThis is description of the test.\r\n\r\nImage File:\r\n19This is description of the test.\r\n\r\nEmail Address:\r\njostmey@test.com\r\n\r\n\n\nTo view all of this form\'s submissions, visit http://www.searchbitcoin.com/index.php/dashboard/reports/forms/?qsid=1310684556 \n\n\n',1)
 ,(32,'sent_emails','2011-07-15 10:54:39','**EMAILS ARE ENABLED. THIS EMAIL WAS SENT TO mail()**\nTemplate Used: block_form_submission\nTo: jostmey+searchbitcoin@gmail.com\nFrom: jostmey@gmail.com\nSubject: Add Your Webpage Form Submission\nBody: \nThere has been a submission of the form Add Your Webpage on through your Concrete5 website.\n\nWebsite:\r\nhttp://item.taobao.com/item.htm?id=10615537390\r\n\r\nTitle:\r\n facebook    GEEKbitcoin\r\n\r\nDescription:\r\nfacebookGEEK bitcoin 8 bitcoin GEEK \r\n\r\n  15995000350\r\n\r\n\r\n\r\n\r\n\r\n\r\n\r\n\r\n\r\n \r\n\r\n\r\n\r\n\r\n\r\n\r\n\r\nImage File:\r\n20facebookGEEK bitcoin 8 bitcoin GEEK \r\n\r\n  15995000350\r\n\r\n\r\n\r\n\r\n\r\n\r\n\r\n\r\n\r\n \r\n\r\n\r\n\r\n\r\n\r\n\r\n\r\nEmail Address:\r\n15995000350@139.com\r\n\r\n\n\nTo view all of this form\'s submissions, visit http://www.searchbitcoin.com/index.php/dashboard/reports/forms/?qsid=1310684556 \n\n\n',1)
 ,(33,'sent_emails','2011-07-15 11:00:32','**EMAILS ARE ENABLED. THIS EMAIL WAS SENT TO mail()**\nTemplate Used: block_form_submission\nTo: jostmey+searchbitcoin@gmail.com\nFrom: jostmey@gmail.com\nSubject: Add Your Webpage Form Submission\nBody: \nThere has been a submission of the form Add Your Webpage on through your Concrete5 website.\n\nWebsite:\r\nhttp://item.taobao.com/item.htm?id=10522413161\r\n\r\nTitle:\r\n2011+ Bitcoin\r\n\r\nDescription:\r\nBitcoin0.8BTC\r\n\r\nImage File:\r\n21Bitcoin0.8BTC\r\n\r\nEmail Address:\r\n562391874@qq.com\r\n\r\n\n\nTo view all of this form\'s submissions, visit http://www.searchbitcoin.com/index.php/dashboard/reports/forms/?qsid=1310684556 \n\n\n',1)
 ,(34,'sent_emails','2011-07-15 12:50:40','**EMAILS ARE ENABLED. THIS EMAIL WAS SENT TO mail()**\nTemplate Used: block_form_submission\nTo: jostmey+searchbitcoin@gmail.com\nFrom: jostmey@gmail.com\nSubject: Add Your Webpage Form Submission\nBody: \nThere has been a submission of the form Add Your Webpage on through your Concrete5 website.\n\nWebsite:\r\nhttp://bitbrew.net/\r\n\r\nTitle:\r\nBitBrew\r\n\r\nDescription:\r\nPremium Fair Trade, Organic, and Flavored coffees available exclusively for Bitcoins.\r\n\r\nImage File:\r\n22Premium Fair Trade, Organic, and Flavored coffees available exclusively for Bitcoins.\r\n\r\nEmail Address:\r\ned@quicksilverspider.com\r\n\r\n\n\nTo view all of this form\'s submissions, visit http://www.searchbitcoin.com/index.php/dashboard/reports/forms/?qsid=1310684556 \n\n\n',1)
 ,(35,'sent_emails','2011-07-16 01:29:49','**EMAILS ARE ENABLED. THIS EMAIL WAS SENT TO mail()**\nTemplate Used: block_form_submission\nTo: jostmey+searchbitcoin@gmail.com\nFrom: jostmey@gmail.com\nSubject: Add Your Webpage Form Submission\nBody: \nThere has been a submission of the form Add Your Webpage on through your Concrete5 website.\n\nWebsite:\r\nhttp://BitcoinBoom.org\r\n\r\nTitle:\r\nBitcoin Boom\r\n\r\nDescription:\r\nThe Next Generation of Bitcoins\r\n\r\nImage File:\r\n23The Next Generation of Bitcoins\r\n\r\nEmail Address:\r\nBitcoinBoom@hotmail.com\r\n\r\n\n\nTo view all of this form\'s submissions, visit http://www.searchbitcoin.com/index.php/dashboard/reports/forms/?qsid=1310684556 \n\n\n',1)
 ,(36,'sent_emails','2011-07-16 01:51:35','**EMAILS ARE ENABLED. THIS EMAIL WAS SENT TO mail()**\nTemplate Used: block_form_submission\nTo: jostmey+searchbitcoin@gmail.com\nFrom: jostmey@gmail.com\nSubject: Add Your Webpage Form Submission\nBody: \nThere has been a submission of the form Add Your Webpage on through your Concrete5 website.\n\nWebsite:\r\narimaa.com\r\n\r\nTitle:\r\nArimaa &amp; Chess Game Set\r\n\r\nDescription:\r\nAn animal themed board game designed to be hard for computers, but easy to learn and intuitive for humans. Offers $10,000 challenge for programmers.\r\n\r\nImage File:\r\n24An animal themed board game designed to be hard for computers, but easy to learn and intuitive for humans. Offers $10,000 challenge for programmers.\r\n\r\nEmail Address:\r\narimaa_game@yahoo.com\r\n\r\n\n\nTo view all of this form\'s submissions, visit http://www.searchbitcoin.com/index.php/dashboard/reports/forms/?qsid=1310684556 \n\n\n',1)
 ,(37,'exceptions','2011-07-28 17:42:21','Exception Occurred: Unable to resolve the request &quot;site&quot;.\n#0 /home/dev3689/bin/yii/yii-1.1.8.r3324/framework/web/CWebApplication.php(136): CWebApplication-&gt;runController(\'\')\n#1 /home/dev3689/bin/yii/yii-1.1.8.r3324/framework/base/CApplication.php(158): CWebApplication-&gt;processRequest()\n#2 /home/dev3689/api.searchbitcoin.com/scripts/backend/index.php(13): CApplication-&gt;run()\n#3 /home/dev3689/searchbitcoin.com/blocks/include_php_script/view.php(9): include(\'/home/dev3689/a...\')\n#4 /home/dev3689/searchbitcoin.com/blocks/include_php_script/view.php(13): container()\n#5 /home/dev3689/searchbitcoin.com/updates/concrete5.4.1.1/concrete/libraries/block_view.php(297): include(\'/home/dev3689/s...\')\n#6 /home/dev3689/searchbitcoin.com/updates/concrete5.4.1.1/concrete/models/area.php(408): BlockView-&gt;render(\'/home/dev3689/a...\')\n#7 /home/dev3689/searchbitcoin.com/packages/theme_acromin5/themes/acromin5/default.php(15): Area-&gt;display(Object(Block))\n#8 /home/dev3689/searchbitcoin.com/updates/concrete5.4.1.1/concrete/libraries/view.php(770): include(\'/home/dev3689/s...\')\n#9 /home/dev3689/searchbitcoin.com/updates/concrete5.4.1.1/concrete/dispatcher.php(246): View-&gt;render(Object(Page))\n#10 /home/dev3689/searchbitcoin.com/concrete/startup/updated_core_check.php(6): require(\'/home/dev3689/s...\')\n#11 /home/dev3689/searchbitcoin.com/concrete/dispatcher.php(14): require(\'/home/dev3689/s...\')\n#12 /home/dev3689/searchbitcoin.com/index.php(2): require(\'/home/dev3689/s...\')\n#13 {main}\n',1);

DROP TABLE IF EXISTS MailImporters;

CREATE TABLE IF NOT EXISTS `MailImporters` (
  `miID` int(10) unsigned NOT NULL AUTO_INCREMENT,
  `miHandle` varchar(64) NOT NULL,
  `miServer` varchar(255) DEFAULT NULL,
  `miUsername` varchar(255) DEFAULT NULL,
  `miPassword` varchar(255) DEFAULT NULL,
  `miEncryption` varchar(32) DEFAULT NULL,
  `miIsEnabled` int(1) NOT NULL DEFAULT '0',
  `miEmail` varchar(255) DEFAULT NULL,
  `miPort` int(10) unsigned NOT NULL DEFAULT '0',
  `pkgID` int(10) unsigned DEFAULT NULL,
  PRIMARY KEY (`miID`)
) ENGINE=MyISAM AUTO_INCREMENT=2 DEFAULT CHARSET=utf8;

INSERT INTO MailImporters VALUES(1,'private_message',NULL,NULL,NULL,NULL,0,NULL,0,0);

DROP TABLE IF EXISTS MailValidationHashes;

CREATE TABLE IF NOT EXISTS `MailValidationHashes` (
  `mvhID` int(10) unsigned NOT NULL AUTO_INCREMENT,
  `miID` int(10) unsigned NOT NULL DEFAULT '0',
  `email` varchar(255) NOT NULL,
  `mHash` varchar(128) NOT NULL,
  `mDateGenerated` int(10) unsigned NOT NULL DEFAULT '0',
  `mDateRedeemed` int(10) unsigned NOT NULL DEFAULT '0',
  `data` text,
  PRIMARY KEY (`mvhID`)
) ENGINE=MyISAM DEFAULT CHARSET=utf8;



DROP TABLE IF EXISTS Packages;

CREATE TABLE IF NOT EXISTS `Packages` (
  `pkgID` int(10) unsigned NOT NULL AUTO_INCREMENT,
  `pkgName` varchar(255) NOT NULL,
  `pkgHandle` varchar(64) NOT NULL,
  `pkgDescription` text,
  `pkgDateInstalled` datetime NOT NULL,
  `pkgIsInstalled` tinyint(1) NOT NULL DEFAULT '1',
  `pkgVersion` varchar(32) DEFAULT NULL,
  `pkgAvailableVersion` varchar(32) DEFAULT NULL,
  PRIMARY KEY (`pkgID`),
  UNIQUE KEY `pkgHandle` (`pkgHandle`)
) ENGINE=MyISAM AUTO_INCREMENT=30 DEFAULT CHARSET=utf8;

INSERT INTO Packages VALUES(22,'Acromin5','theme_acromin5','Installs the Acromin5 theme.','2011-06-26 10:23:22',1,'1.0','1.0')
 ,(29,'Minified Theme','minifiedtheme','Installs Minified C5 theme.','2011-08-10 13:18:33',1,'1.0',NULL);

DROP TABLE IF EXISTS PagePaths;

CREATE TABLE IF NOT EXISTS `PagePaths` (
  `ppID` int(10) unsigned NOT NULL AUTO_INCREMENT,
  `cID` int(10) unsigned DEFAULT '0',
  `cPath` text,
  `ppIsCanonical` varchar(1) NOT NULL DEFAULT '1',
  PRIMARY KEY (`ppID`),
  KEY `cID` (`cID`),
  KEY `ppIsCanonical` (`ppIsCanonical`)
) ENGINE=MyISAM AUTO_INCREMENT=174 DEFAULT CHARSET=utf8;

INSERT INTO PagePaths VALUES(1,5,'/login','1')
 ,(2,6,'/register','1')
 ,(3,7,'/profile','1')
 ,(4,8,'/profile/edit','1')
 ,(6,10,'/profile/avatar','1')
 ,(7,11,'/profile/messages','1')
 ,(8,12,'/profile/friends','1')
 ,(9,13,'/page_not_found','1')
 ,(10,14,'/page_forbidden','1')
 ,(11,15,'/dashboard','1')
 ,(12,16,'/dashboard/sitemap','1')
 ,(13,17,'/dashboard/sitemap/full','1')
 ,(14,18,'/dashboard/sitemap/explore','1')
 ,(15,19,'/dashboard/sitemap/search','1')
 ,(16,20,'/dashboard/sitemap/access','1')
 ,(17,21,'/dashboard/files','1')
 ,(18,22,'/dashboard/files/search','1')
 ,(19,23,'/dashboard/files/attributes','1')
 ,(20,24,'/dashboard/files/sets','1')
 ,(21,25,'/dashboard/files/access','1')
 ,(22,26,'/dashboard/reports','1')
 ,(23,27,'/dashboard/reports/forms','1')
 ,(24,28,'/dashboard/reports/surveys','1')
 ,(25,29,'/dashboard/reports/logs','1')
 ,(26,30,'/dashboard/users','1')
 ,(27,31,'/dashboard/users/search','1')
 ,(28,32,'/dashboard/users/add','1')
 ,(29,33,'/dashboard/users/groups','1')
 ,(30,34,'/dashboard/users/attributes','1')
 ,(31,35,'/dashboard/users/registration','1')
 ,(32,36,'/dashboard/scrapbook','1')
 ,(33,37,'/dashboard/pages','1')
 ,(34,38,'/dashboard/pages/themes','1')
 ,(35,39,'/dashboard/pages/themes/add','1')
 ,(36,40,'/dashboard/pages/themes/inspect','1')
 ,(37,41,'/dashboard/pages/themes/customize','1')
 ,(38,42,'/dashboard/pages/themes/marketplace','1')
 ,(39,43,'/dashboard/pages/types','1')
 ,(40,44,'/dashboard/pages/attributes','1')
 ,(41,45,'/dashboard/pages/single','1')
 ,(42,46,'/dashboard/install','1')
 ,(43,47,'/dashboard/system','1')
 ,(44,48,'/dashboard/system/jobs','1')
 ,(45,49,'/dashboard/system/backup','1')
 ,(46,50,'/dashboard/system/update','1')
 ,(47,51,'/dashboard/system/notifications','1')
 ,(48,52,'/dashboard/settings','1')
 ,(49,53,'/dashboard/settings/mail','1')
 ,(50,54,'/dashboard/settings/marketplace','1')
 ,(51,55,'/download_file','1')
 ,(119,77,'/learn-about-bitcoins','1')
 ,(163,101,'/blog/collaboration-with-weusecoins','1')
 ,(112,75,'/contact-us','1')
 ,(117,71,'/blog','1')
 ,(123,79,'/blog/aggregating-the-bitcoin-economy','1')
 ,(66,74,'/members','1')
 ,(149,76,'/chamber-of-commerce','1')
 ,(124,82,'/blog/bruce-wagner-interviews-search-bitcoin','1')
 ,(125,83,'/blog/beyond-bitcoin-trading-an-experiment-is-born','1')
 ,(126,83,'/nerd-quest','0')
 ,(127,85,'/blog/total-mastermind-interviews-search-bitcoin','1')
 ,(128,86,'/plugins','1')
 ,(129,88,'/plugins/btc-pulse-plugin','1')
 ,(130,89,'/plugins/btc-economy-plugin','1')
 ,(162,90,'/plugins/btc-flip-plugin','1')
 ,(133,91,'/blog/support-for-blogger-blogspot','1')
 ,(161,92,'/marketing/financials','1')
 ,(159,98,'/vendors/remove','1')
 ,(160,99,'/marketing','1')
 ,(155,96,'/vendors','1')
 ,(158,96,'/vendors/join','0')
 ,(165,103,'/blog/hashing-it-out-podcast','1')
 ,(167,106,'/blog/feed-and-search-api','1')
 ,(173,116,'/test','1')
 ,(172,115,'/vendors/review','1');

DROP TABLE IF EXISTS PagePermissionPageTypes;

CREATE TABLE IF NOT EXISTS `PagePermissionPageTypes` (
  `cID` int(10) unsigned NOT NULL DEFAULT '0',
  `gID` int(10) unsigned NOT NULL DEFAULT '0',
  `uID` int(10) unsigned NOT NULL DEFAULT '0',
  `ctID` int(10) unsigned NOT NULL DEFAULT '0',
  PRIMARY KEY (`cID`,`gID`,`uID`,`ctID`)
) ENGINE=MyISAM DEFAULT CHARSET=utf8;



DROP TABLE IF EXISTS PagePermissions;

CREATE TABLE IF NOT EXISTS `PagePermissions` (
  `cID` int(10) unsigned NOT NULL DEFAULT '0',
  `gID` int(10) unsigned NOT NULL DEFAULT '0',
  `uID` int(10) unsigned NOT NULL DEFAULT '0',
  `cgPermissions` varchar(32) DEFAULT NULL,
  `cgStartDate` datetime DEFAULT NULL,
  `cgEndDate` datetime DEFAULT NULL,
  PRIMARY KEY (`cID`,`gID`,`uID`)
) ENGINE=MyISAM DEFAULT CHARSET=utf8;

INSERT INTO PagePermissions VALUES(5,1,0,'r',NULL,NULL)
 ,(5,2,0,'r',NULL,NULL)
 ,(6,1,0,'r',NULL,NULL)
 ,(15,3,0,'r:wa:adm',NULL,NULL)
 ,(1,1,0,'r',NULL,NULL)
 ,(1,3,0,'r:rv:wa:db:av:dc:adm',NULL,NULL);

DROP TABLE IF EXISTS PageSearchIndex;

CREATE TABLE IF NOT EXISTS `PageSearchIndex` (
  `cID` int(10) unsigned NOT NULL DEFAULT '0',
  `content` text,
  `cName` varchar(255) DEFAULT NULL,
  `cDescription` text,
  `cPath` text,
  `cDatePublic` datetime DEFAULT NULL,
  `cDateLastIndexed` datetime DEFAULT NULL,
  `cDateLastSitemapped` datetime DEFAULT NULL,
  PRIMARY KEY (`cID`),
  KEY `cDateLastIndexed` (`cDateLastIndexed`),
  KEY `cDateLastSitemapped` (`cDateLastSitemapped`),
  FULLTEXT KEY `cName` (`cName`),
  FULLTEXT KEY `cDescription` (`cDescription`),
  FULLTEXT KEY `content` (`content`),
  FULLTEXT KEY `content2` (`cName`,`cDescription`,`content`)
) ENGINE=MyISAM DEFAULT CHARSET=utf8;

INSERT INTO PageSearchIndex VALUES(1,'Welcome to search bitcoin, the website dedicated to helping you find merchandise and services available in the bitcoin community.  We are building a search engine that focuses on bitcoin merchandise and services. Check out the items we have found in our live feed.  There are many great websites for finding merchandise in the bitcoin community. Here are just a few.  This plugin is part of our mission to help make the bitcoin community more accessible to the general public. Numerous sites currently use it to help support the bitcoin economy, and so can you. The plugin can easily be added to almost any website using the&nbsp;embed button in the plugin.   Bidding Pond: Bidding Pond was the first website to auction off merchandise for bitcoins. It is essentially the eBay of bitcoins.   Bitcoin Classifieds: A leader in online ads where you can find merchandise for sale for bitcoins.  \r\n \r\n   Bitcoin World Market: Bitcoin world market is perhaps the largest bitcoin store. Check out their large selection of unique merchandise.  ','Bitcoin Merchandise','',NULL,'2011-06-24 22:52:00','2011-08-10 13:53:14',NULL)
 ,(42,'','Marketplace',NULL,'/dashboard/pages/themes/marketplace','2011-06-24 22:52:16','2011-08-10 14:30:14',NULL)
 ,(77,'There are many other great websites that can help you get started. Here are a few.  Bitcoin.org: Use this website to download the latest version of the bitcoin software, and to get your first bitcoin address. The software is free to use and open source.   Trade Hill: Trade hill is another commonly used exchange where people buy and sell bitcoins online.  Are you new to bitcoins? If so, then you\'ve found a great place to start.  Mt Gox: Mt Gox was the first online bitcoin exchange where people could go to buy and sell bitcoins. It is the most heavily used of all the exchanges.   We Use Coins: This website provides a gentle introduction into the world of bitcoin. Their friendly website will help get you started in no time.   Bitcoins are one of the few true digital currencies in existence, and although the technology behind bitcoins is complex, the currency is simple to use. Bitcoins are unique in that they have been designed with security in mind, can be traded online as easily as emails are sent, and are decentralized so that no authority can undermine the transactions. \r\n So what do people use bitcoins for? Well, you can see from our search page that you can use bitcoins to buy essentially any commidity or service that you can buy with traditional money. In fact, there are hundreds of businesses that collectively offer tens of thousands of products, and these numbers grow each day at an exponential rate. \r\n So how do you get bitcoins? The first step is to download the bitcoin software. The program is easy to install. Once you install it, you will be given a bitcoin address. This is kind of like an email address that is for receiving money online. A typical bitcoin address looks something like ours (1QE66n52DeBhNifskYX6XwQj8u8dE9mAG1). The bitcoin software may take awhile to sync with the rest of the bitcoin network. If you don\'t want to wait this long, you can use any of the online bitcoin wallet services, which will operate the bitcoin software for you, to quickly get you your first bitcoin address. \r\n Once you have setup a bitcoin account, you can use the bitcoin faucet to get your first&nbsp;bit-change for free. The bit-change will be sent to your account and saved on your computer (all coins are saved into a special file called the wallet file). If you want more bitcoins you will probably have to purchase them from an exchange. The exchanges are websites where people buy and sell bitcoins. We suggest that you sign-up at an exchange now, because it typically can take up to a week to verify your account. \r\n  \r\n You can also use the bitcoin software to generate new bitcoins. Wait! You can just print off new money in this currency? Well, yes, but it becomes harder to generate new bitcoins as more and more are made. Bitcoins were designed like this on purpose, to ensure a limited supply of bitcoins. In fact, there is a limit on the total number of bitcoins that can be generated. We recommend against trying to generate new bitcoins, unless you have a high-end model computer. Otherwise, you may be waiting around for a long time.  ','Learn About Bitcoins','','/learn-about-bitcoins','2011-06-25 09:06:00','2011-08-10 14:30:18',NULL)
 ,(66,' Lorem ipsum dolor sit amet, consectetur adipiscing elit. Vestibulum vel tellus lectus, scelerisque faucibus nunc. Curabitur lacus nibh, eleifend vel porttitor in, bibendum quis tortor. Curabitur eros ligula, scelerisque ac ultricies a, dictum ac tellus. Mauris id tellus tortor. Proin a sollicitudin libero. Nam pellentesque commodo magna, nec mattis elit pulvinar id. Class aptent taciti sociosqu ad litora torquent per conubia nostra, per inceptos himenaeos. Mauris orci dui, adipiscing sit amet bibendum vel, sodales sed purus. Donec fringilla odio vel enim cursus luctus quis semper leo. Donec rhoncus odio ac elit dignissim lobortis. \r\n &nbsp;   Duis dapibus nibh eu arcu viverra tempor. Fusce auctor sapien eu mauris malesuada vel euismod orci vulputate. Curabitur at orci id quam mollis rhoncus vitae volutpat urna. Nam eget sapien at neque mollis varius sed vitae ipsum. Vestibulum commodo, eros sit amet sagittis cursus, massa mi lacinia lorem, vel pellentesque sapien purus eu lacus. Pellentesque mollis gravida enim. Fusce mi odio, elementum ut fermentum a, pharetra in quam. Mauris sed vestibulum sapien. In sit amet faucibus diam. Proin lectus quam, sodales ut posuere non, viverra a nibh. Aenean sollicitudin, diam eu elementum rutrum, nisi ante pretium mi, ut tristique ante tellus non ligula. Nam diam turpis, viverra non volutpat vel, scelerisque vel neque. In pretium, libero et vulputate varius, libero nulla blandit ligula, tincidunt egestas leo mi eu nisi. Mauris nunc augue, cursus vel viverra non, feugiat in enim. In eget dignissim est. Donec dictum leo in libero tincidunt sollicitudin hendrerit elit placerat. Aliquam vitae nunc diam, non vulputate nibh. Quisque tincidunt, dui ut rutrum feugiat, libero lorem interdum sapien, eget pharetra mi ligula ut lectus. Pellentesque consequat mollis est viverra malesuada. \r\n Curabitur eget quam vitae tellus blandit congue a sed lectus. Nunc ultrices lacus dignissim felis venenatis varius placerat eros dapibus. Nulla facilisi. Vivamus sodales accumsan convallis. Mauris congue tempus feugiat. Proin elementum fringilla leo, sit amet pretium nisl imperdiet interdum. Suspendisse volutpat cursus eros, nec porta est laoreet at. Sed porttitor suscipit augue, eu molestie justo faucibus et. Class aptent taciti sociosqu ad litora torquent per conubia nostra, per inceptos himenaeos. Vivamus faucibus mi vel tortor consequat eget rutrum nisl ultrices. Praesent et lacinia augue. Phasellus id est id enim ultricies placerat. Etiam porta enim eu enim convallis sed eleifend metus faucibus. In ac lobortis eros. Pellentesque felis turpis, cursus sed imperdiet non, viverra vel diam. Donec vel orci mi, placerat egestas purus. Vestibulum vel diam id magna suscipit accumsan. Quisque risus felis, sagittis non iaculis id, tempus in arcu. Donec tempus metus neque. Proin malesuada dui a tortor pretium tincidunt quis at ligula. \r\n Nam laoreet faucibus purus ac pretium. Aenean euismod diam adipiscing erat semper quis sodales elit tristique. Vestibulum vel tellus eu lorem porttitor aliquet. Vestibulum bibendum viverra cursus. Aenean sit amet magna odio, convallis imperdiet metus. Duis condimentum posuere vulputate. Pellentesque habitant morbi tristique senectus et netus et malesuada fames ac turpis egestas. Sed vitae elit ut sapien vestibulum tempor sit amet ac tortor. Donec ligula nulla, varius id ornare id, vestibulum non felis. Nullam neque erat, tristique a eleifend pellentesque, eleifend sit amet ipsum. In eget urna nibh. Phasellus scelerisque, magna ac feugiat ultricies, risus dolor volutpat quam, in rutrum nunc ante id sem. Fusce interdum scelerisque fermentum. \r\n &nbsp;  ','',NULL,NULL,'2011-06-24 22:52:16','2011-06-24 22:52:16',NULL)
 ,(75,'We love hearing from our users. We welcome your suggestions, criticisms, and questions.  You can also email us directory at jared@bitcoinbulletin.com.   Use the online form to send us a message. We will get back to you as quickly as possible.   Gavin Andresen: Gavin has taken over Satoshi\'s role as lead developer of the bitcoin software.   Satoshi Nakamoto: Satoshi is the founder of bitcoin and the author of the first bitcoin software. No one really knows who he or she is because Satoshi has preferred to remain anonymous.  Here are the names of some of the biggest players in the bitcoin community.  Bruce Wagner: Bruce is a bitcoin media guru. He loves to talk about bitcoins, and if he is not already on the phone he will answer your call.  ','Contact Us','Help us improve this website. We welcome questions, criticisms, and general comments about the search bitcoin.','/contact-us','2011-06-25 08:43:00','2011-08-10 14:30:16',NULL)
 ,(76,'We are committed to the development of a Bitcoin Chamber of Commerce. To that end we are offering our entire database of all the businesses we have found that accept bitcoins.  Bitsites: Bitsites is the equivalent of Yelp for the bitcoin community. We are currently in the process of sharing our database of bitcoin businesses with them.  There are many great websites where you can find other bitcoins businesses. Here are a few of them.  If you would like access to the database then please use the contact us page to place a request. We are happy to share our database, and there will be no charge. However, this is a community driven project, and as such you will have to give back. If you operate a competing directory listing service, you will have to share any additional enteries into the database with the rest of the community. In this manner, the entire bitcoin community can benefit.&nbsp;We will also be happy to include a link to other websites that provide an online directory listings of bitcoin business and services.   Search Bitcoin is searching the web to find businesses that accept bitcoins. This has put us in the unique position to help consumers and other businesses find the products and services they need from the bitcoin community. To help foster the development of the bitcoin economy, we will be releasing our entire database of bitcoin businesses that we have found. \r\n But we need your help! If you own a business and would like to or already accept bitcoins as a method of payment then we want to hear from you. Our database is large but far from complete. Please fill out the form below and we will be sure to include you in our database. In turn, we will add your business to our live feed and share this database with our partner websites who will list your products and services in their business directories.  ','Chamber of Commerce','We are helping to build the bitcoin chamber of commerce by providing our database of bitcoin businesses to the public.','/chamber-of-commerce','2011-06-25 08:50:00','2011-08-10 14:30:17',NULL)
 ,(71,'There are lots of great places to hosting discussions about bitcoins. Here are some of the popular ones.  Bitcoin Blogger: One of the first blogs about bitcoins.   The Bitcoin Forums: The best place to talk with other people in the bitcoin community.   Witcoin: A social media website dedicated to bitcoins.  Stay tuned to learn about the exciting things that are just around the corner.  Bitcoin Bulletin: The Bitcoin Bulletin is a blog that, among other things, helps to promote the bitcoin economy with their Meet the Trader interviews.  ','Blog','','/blog','2011-06-24 22:52:00','2011-08-10 14:30:14',NULL)
 ,(74,'','Members',NULL,'/members','2011-06-24 22:52:16','2011-08-10 14:30:16',NULL)
 ,(82,' Bruce Wagner and associates decided to an interview covering our website plugin that creates a live feed out of the merchandise available in the bitcoin community. Watch the video right here.  ','Bruce Wagner Interviews Search Bitcoin','Bruce Wagner and associates decided to an interview covering our website plugin that creates a live feed out of the merchandise available in the bitcoin community. Check it out here.','/blog/bruce-wagner-interviews-search-bitcoin','2011-06-28 13:05:00','2011-08-10 14:30:20',NULL)
 ,(83,'\r\n\r\n\r\n\r\n\r\n\r\nFigure 1. I feel like I see the future.\r\n\r\n\r\n\r\n I like to think of bitcoins as an experiment &ndash; a forerunner for currencies in the distant future. Bitcoins are unique in that the currency exists entirely in the digital realm, is designed from the ground up using encryption, and is maintained by a network of peer-to-peer computers that form the backbone of the economy. The currency allows for anonymous trading and there are no transaction fees (right now, the banks get a percentage of every online transaction). \r\n\r\n\r\n\r\n\r\n\r\n\r\nFigure 2. I feel like my feet are warm.\r\n\r\n\r\n\r\n People new to bitcoins often ask what can I do with them? I found the question difficult to answer. The standard reply was that you could buy alpaca socks - an answer I found dissatisfying. Clearly this was a problem for the burgeoning currency. As I wondered about this question more and more, I noticed numerous online stores starting to accept bitcoins as a form of payment. It was exciting to discover each new site as it popped-up, but each of these sites seemed to have the same problem as all the others &ndash; they were &ldquo;empty houses&rdquo;. None of the stores offered a compelling selection of merchandise or services. Each site left you feeling a little like the last person to arrive at a garage sale.  I saw the bitcoin economy as a massive set of tiny garage sales. I had many midnight conversations on the subject with my confederate. Together we came to the conclusion that first successful bitcoin store would be Craigslist -&nbsp; a logical assumption given that craigslist is the biggest of all garage sales. We began following the people on the site who were accepting bitcoins as the method of payment. We even started reposting craigslist offerings from these individuals to help promote the bitcoin economy &ndash; a tedious process indeed.  A few months passed, and nothing really happened on craigslist. It was disappointing. Meanwhile, even more bitcoin stores opened up, but as was the case with each one of these stores, I could count their entire stock of merchandise on my fingers. Clearly, there was a need to unify these stores to create a shopping mall out of the hundreds of outlets. This was the motivation for beginning my experiment, which all started on a cold Friday night in the Windy City. \r\n\r\n\r\n\r\n\r\n\r\n\r\nFigure 3. I feel like Neo once again as I fly through the lines of computer code.\r\n\r\n\r\n\r\n That night, I downloaded an open-source package for crawling and indexing the web. I added my own modifications to the code, and before I went to bed I had a large MySQL database of all the items for sale in the bitcoin community. I then used a PHP framework to generate HTML pages for all the entries in my database. I scrolled through the pages containing the entries in my database, and I saw I could buy just about everything I needed. Food, deodorant, shoes to go with the alpaca socks, and even a new laptop were all right in front of me in my database. It was impressive, and at that moment I realized that bitcoins could become something more than cryptographic keys traded at Mt Gox. (So maybe it took me more than just one night to do all of this) \r\n\r\n\r\n\r\n\r\n\r\n\r\nFigure 4. Now I feel like Spock reading observations from a tricorder.\r\n\r\n\r\n\r\n And now on to this experiment that I keep mentioning. I want to measure and observe the volume of merchandise and services being bought and sold in the bitcoin community to see if the bitcoins are actually starting to be used as on online currency. At the same time, I want to help unify the bitcoin stores together under a single location on the web. To that end, I&rsquo;ve decided to list the items in my database in a live feed that displays each entry for a few seconds. Each time someone clicks on an item to buy, they will be redirected to the appropriate bitcoin store. I&rsquo;ve setup the feed so that I can track each click to see if people are buying stuff. Over time, I hope to measure the number of people wanting to buy stuff with their bitcoins. \r\n\r\n\r\n \r\n &nbsp; \r\n The feed can be easily embedded into any webpage. It is my hope that people will continue to use the plugin so that I can track the clicks. In time, I will make my statistics and findings publicly available. Anyone who wants to add items to the feed may do so by contacting me, and there will be no fees for having their merchandise added. Now, get started with the experiment and start clicking on stuff that you can buy with bitcoins!  ','Beyond Bitcoin Trading - An Experiment Is Born','I like to think of bitcoins as an experiment  a forerunner for currencies in the distant future. Bitcoins are unique in that the currency exists entirely in the digital realm, is designed from the ground up using encryption, and is maintained by a network of peer-to-peer computers that form the backbone of the economy. The currency allows for anonymous trading and there are no transaction fees (right now, the banks get a percentage of every online transaction).','/blog/beyond-bitcoin-trading-an-experiment-is-born','2011-06-29 19:12:00','2011-08-10 14:30:20',NULL)
 ,(79,' First of all, let us welcome you to search bitcoin. We here at search bitcoin are working hard to index all the bitcoin websites on the web. Our goal is to aggregate all the bitcoin products and services offered by the bitcoin community to give you a bird\'s eye view of the state of the economy, and to help you find the stuff you are looking for. This is a tremendously difficult project, but we are making headway. Already we\'ve added just over 100 businesses to our directory, and indexed several thousand items of merchandise offered through these stores. Stay tuned for exciting things to come!  ','Aggregating the Bitcoin Economy','First of all, let us welcome you to search bitcoin. We here at search bitcoin are working hard to index all the bitcoin websites on the web. Our goal is to aggregate all the bitcoin products and services offered by the bitcoin community to give you a bird\'s eye view of the state of the economy, and to help you find the stuff you are looking for.','/blog/aggregating-the-bitcoin-economy','2011-06-25 18:49:00','2011-08-10 14:30:19',NULL)
 ,(85,'Watch live streaming video from totalmastermind at livestream.com   Denny Morales at Total Mastermind interviews Search Bitcoin about our BTC Economy plugin. Watch the interview above.  ','Total Mastermind Interviews Search Bitcoin','Denny Morales at Total Mastermind interviews Search Bitcoin about our BTC Economy plugin. Watch the interview here.','/blog/total-mastermind-interviews-search-bitcoin','2011-07-07 16:12:00','2011-08-10 14:30:21',NULL)
 ,(86,'We are not the only ones making plugins and widgets for the bitcoin community. Here are some others.  Bitcoin Ticker: The Bitcoin Ticker is a simple image-based plugin that shows the current value of a bitcoin. Simply add the image to your own website to make it work.   Bring the technology and tools found in Search Bitcoin to your website or blog. Check out our bitcoin widgets, which we are&nbsp;actively developing and maintaining.  ','Plugins','Bring the technology and tools found in search bitcoin to your website or blog. We are actively developing and maintaining a set of bitcoin widgets that can be added to almost any website.','/plugins','2011-07-11 19:36:00','2011-08-10 14:30:22',NULL)
 ,(88,' The BTC Pulse was out first plugin. It&nbsp;creates a live stream out of bitcoin conversations in the community. It can easily be embedded into your webpage using a single line of javascript code. Below is a demo.  \r\n Iframes are not supported by your browser, so nothing is displayed\r\n   \r\n To embed the plugin into your website or blog add the following line of code where you want the plugin to appear. \r\n &lt;script type=&rdquo;text/javascript&rdquo; src=&rdquo;http://api.bitcoinbulletin.com/btcpulse&rdquo;&gt;&lt;/script&gt; \r\n If you decide to emebed the plugin beaware that development on the plugin has been halted due to a lack of interest, and that there are several known issues with the plugin. However, development will continue if the interest level picks back up. \r\n  The BTC Pulse plugin is used by a few websites. They are listed here.  The Bitcoin Bulletin: The Bitcoin Bulletin, our sister website, uses the BTC Economy extensively in their website. It can be found on almost every webpage.   Btc.IsNan.org: A bitcoin marketplace where you can write reviews about other merchants.  ','BTC Pulse Plugin','The BTC Pulse plugin creates a live stream out of bitcoin conversations in the community. It can easily be embedded into your webpage using a single line of javascript code.','/plugins/btc-pulse-plugin','2011-07-11 19:45:00','2011-08-10 14:30:22',NULL)
 ,(89,' The BTC Economy plugin creates a live feed out of bitcoin merchandise and services that have been found using our search engine. The plugin can be easily embedded into almost any webpage or blog. Click on the instructions tab to install the plugin into the following systems. \r\n\r\n\r\nBlogger / Blogspot&nbsp;(Instructions)\r\nGeneral Webpage (Instructions)\r\n\r\n  Numerous websites across the bitcoin community use the BTC Economy plugin. Here is a list of websites known to support the plugin.  Blogger / Blogspot: \r\n A special gadget has been written for adding the BTC Economy to Blogger and Blogspot pages. To embed the gadget login to your blog follow these steps. \r\n\r\nSign-in to your page and click \"Design\".\r\nClick \"Add a Gadget\" where you want to add the BTC Economy.\r\nIn the pop-up click \"Add you own\".\r\nAdd the following URL into the text box, click submit and save.\r\n\r\nhttp://www.api.searchbitcoin.com/apps/btceconomy/hooks/blogspot.xml \r\n Your done!  \r\n \r\n   Generalize Website: \r\n Embedding the plugin is easy - just copy and paste the following line of code where you want the plugin to appear. \r\n&lt;script type=\"text/javascript\" src=\"http://api.searchbitcoin.com/btceconomy\"&gt;&lt;/script&gt; \r\n The plugin will automatically attempt to resize itself to fit into the space it is given. Feel free to contact us if you have any troubles. We will be happy to help resolve any issues you may encounter, or to help step you through the process.  We also have a Wiki page for the BTC Economy plugin.  BTC Economy Wiki  \r\n abelsfire.com \r\n bitbrew.net \r\n bitcoinbabe.com \r\n bitcoinbulletin.com \r\n bitcoincyberstore.com \r\n bitcoinme.com \r\n bitcoinproject.net \r\n bitfreak.info \r\n bitstarter.co \r\n bitvapes.com \r\n bitucopia.com \r\n btcxc.info \r\n hotac.org \r\n jsclosurejunkie.blogspot.com \r\n kosites.com \r\n owlick.blogspot.com \r\n pakhomov.org \r\n rjsteinert.com \r\n searchbitcoin.com \r\n searchbitcoin.tumblr.com \r\n spreadbitcoins.com \r\n thebitcoin.blogspot.com \r\n tiptopgem.com \r\n twpg.blogspot.com \r\n tradersedgedice.com \r\n weusecoins.com (through API) \r\n ','BTC Economy Plugin','The BTC Economy plugin creates a live feed out of bitcoin merchandise and services that have been found using our search engine. The plugin has been extremely successful, and runs on numerous websites across the bitcoin community.','/plugins/btc-economy-plugin','2011-07-11 20:23:00','2011-08-10 14:30:23',NULL)
 ,(90,'So far the plugin is highly experimental, so no-one is using it yet.  The new flip plugin is hyper-experimental at this point. It is so experimental, that I want to give this disclaimer before the URL below. \r\n\r\nI have not yet worked on the CSS/HTML of the plugin, so don\'t citicize its look yet.\r\nI want to make the search process fun and visual.\r\nYou can provide feedback using the comment box.\r\nI may decide to just throw it all away and start over!\r\n\r\n&nbsp; \r\nClick here to see the BTC Find plugin.  ','BTC Flip Plugin','Check out our HIGHLY-EXPERIMENTAL search plugin called BTC Flip. The plugin is powered by our web-crawlers which have found virtually every item and service offered in the bitcoin community. This is a work in progress, and has a long way to go before it is complete.','/plugins/btc-flip-plugin','2011-07-11 21:34:00','2011-08-10 14:30:24',NULL)
 ,(91,' You can now run the BTC Economy plugin in blogger and blogspot. Click here for instructions on how to add it to your own blog.&nbsp;Stay tuned for support in other systems such as Wordpress and Concrete5!  ','Support for Blogger / Blogspot','You can now run the BTC Economy plugin in blogger and blogspot. Stay tuned for support in other systems such as Wordpress and Concrete5.','/blog/support-for-blogger-blogspot','2011-07-12 16:34:00','2011-08-10 14:30:24',NULL)
 ,(92,' Search Bitcoin wants to maintain the trust we have established with our users and partners. Therefore, we have decided to be completely open about our revenue sources. Below is a spreadsheet of our books.  \r\n Your browser does not support iframes, so nothing is displayed.\r\n   Many websites use our plugins and other services, and by doing so are helping us generate revenue. We want to give back to these websites. If you own a website that uses one of our plugins or other services and want a piece of the pie then contact us using the box below. We will require proof that you own the website. \r\n Please do not contact us until we have started seeing a decent amount of revenue.  Many websites in the Bitcoin community believe in being open about their financials. Here are a few.  We Use Coins: We Use Coins is open about their funding sources, which may be found on their webpage.  ','Financials','Search Bitcoin wants to maintain the trust we have established with our users and partners. Therefore, we have decided to be completely open about our revenue sources. This page list our sources of revenue.','/marketing/financials','2011-07-12 21:30:00','2011-08-10 14:30:25',NULL)
 ,(99,' This page is under construction.  ','Marketing Services','Search Bitcoin provides some of the busiest websites with our search engine and live feed of bitcoin merchandise. We are ideally position to help you advertise your business. ','/marketing','2011-07-14 22:29:00','2011-08-10 14:30:27',NULL)
 ,(96,'Start accepting bitcoin payments in just 5 minutes. Here is how. \r\n\r\n\r\n\r\n 1:&nbsp; \r\n\r\n\r\n Add a new page to your website for receiving traffic from the bitcoin community. \r\n &nbsp; \r\n\r\n\r\n\r\n\r\n 2:&nbsp; \r\n\r\n\r\n Click to download one of these free logos for your bitcoin page. \r\n  \r\n\r\n\r\n\r\n\r\n 3:&nbsp; \r\n\r\n\r\n Signup for free at&nbsp;My Bitcoin&nbsp;or install the bitcoin software to get your fist bitcoin address. \r\n &nbsp; \r\n\r\n\r\n\r\n\r\n 4:&nbsp; \r\n\r\n\r\n Add your bitcoin address underneath the logo along with a way to contact you.* \r\n\r\n\r\n\r\n  * Your first bitcoin customers will probably be eager to guide you through your first transactions. But as is always the case, be wary of scams.   After submitting your website, consider adding the BTC Economy Feed to your webage to support the bitcoin economy. \r\n\r\n\r\n    \r\n Search Bitcoin helps people find merchandise and services available in the bitcoin community. The tools that we offer may be found in numerous popular websites such as weusecoins.com,&nbsp;bitcoinme.com, and many others. \r\n Adding your website to our database is easy and free, and your merchandise or service will receive free promotion in&nbsp;Search Bitcoin and in all the websites using our services. So what are you waiting for? \r\n// \r\n ','Add Your Webpage','Add your website to our search engine. There are no fees, and your bitcoin site will be promoted through all of channels.','/vendors','2011-07-14 15:20:00','2011-08-10 14:30:26',NULL)
 ,(98,'We are sorry to see you go. Here are some other websites that will probably also be sad to see you go.  We Use Coins: We Use Coins runs a live, searchable feed of all the merchandise for sale in the bitcoin community. The feed is powered by our database.   Bitcoin Me: Bitcoin Me uses our live feed of bitcoin merchandise and services to show the rest of the world that the bitcoin economy is alive and thriving.   Use this page to request that a website or item be removed from our database. Removing a website or item from our database means that that it will no longer appear in our live feed or in our search results. It will also be removed from other websites using our services. \r\n Use the box below to place the request. We will respond as quickly as possible.  ','Remove','Use this webpage to remove your website from Search Bitcoin and from all the services we provide to other websites in the bitcoin community.','/vendors/remove','2011-07-14 16:48:00','2011-08-10 14:30:26',NULL)
 ,(101,' Working in close partnership with the development team at www.weusecoins.com, we have unveiled the first bitcoin search engine. Now it is even easier to find stuff to buy with your bitcoins. Our database includes virtually every item from every bitcoin store. \r\n Check out the search engine at the bottom of the page here. \r\n We will be bringing the same search engine technology to any website in the form of an embeddable widget. We will also be releasing an API for developers. Stay tuned!  ','Collaboration with weusecoins','We have worked closely with the development team at www.weusecoins.com to create the first bitcoin search engine.','/blog/collaboration-with-weusecoins','2011-07-15 16:46:00','2011-08-10 14:30:27',NULL)
 ,(103,' Hashing It Out just released a podcast with a focus on the bitcoin economy and the BTC Economy plugin. Thanks Hashing It Out! Here is the link to the podcast. \r\nHashing it out Podcast Channel  ','Hashing It Out Podcast','Hashing It Out just released a podcast with a focus on the bitcoin economy and the BTC Economy plugin. Thanks Hashing It Out!','/blog/hashing-it-out-podcast','2011-07-17 21:04:00','2011-08-10 14:30:28',NULL)
 ,(115,'There are several other websites where you can review different vendors in the bitcoin community. Here are a few.  Bitcoins Review: Bitcoins Review specializes in providing reviews of various bicoin vendors to the community. Visit their website to read a description and comments of various bitcoin websites.   Bitcoin Catalog: The Yellow pages of the bitcoin world.   The Bitcoin List: A directory listing of various bitcoin websites.  ','Review','Read a description about each vendor, and write a review about any experiences you might have with them.','/vendors/review','2011-07-30 11:10:00','2011-07-30 13:21:59',NULL)
 ,(116,'','Test','','/test','2011-07-30 18:15:00','2011-08-10 14:19:57',NULL)
 ,(106,' Do you have an awesome idea on what you can do with data that we have collected at Search Bitcoin? Contact us to request access to our API, which is under active development. Our email address is: \r\nsearchbitcoin@gmail.com  ','Feed and Search API','Do you have an awesome idea on what you can do with data that we have collected at Search Bitcoin? Contact us to request access to our API, which is under active development.','/blog/feed-and-search-api','2011-07-21 12:07:00','2011-08-10 14:30:29',NULL);

DROP TABLE IF EXISTS PageStatistics;

CREATE TABLE IF NOT EXISTS `PageStatistics` (
  `pstID` bigint(20) unsigned NOT NULL AUTO_INCREMENT,
  `cID` int(10) unsigned NOT NULL DEFAULT '0',
  `date` date DEFAULT NULL,
  `timestamp` timestamp NOT NULL DEFAULT CURRENT_TIMESTAMP ON UPDATE CURRENT_TIMESTAMP,
  `uID` int(10) unsigned NOT NULL DEFAULT '0',
  PRIMARY KEY (`pstID`),
  KEY `cID` (`cID`),
  KEY `date` (`date`),
  KEY `uID` (`uID`)
) ENGINE=MyISAM AUTO_INCREMENT=529 DEFAULT CHARSET=utf8;

INSERT INTO PageStatistics VALUES(1,1,'2011-06-24','2011-06-24 22:52:42',1)
 ,(2,1,'2011-06-24','2011-06-24 22:52:59',1)
 ,(3,1,'2011-06-24','2011-06-24 22:53:28',1)
 ,(4,1,'2011-06-24','2011-06-24 22:53:49',1)
 ,(5,1,'2011-06-24','2011-06-24 22:58:27',1)
 ,(6,1,'2011-06-24','2011-06-24 22:59:59',1)
 ,(7,1,'2011-06-24','2011-06-24 23:00:14',1)
 ,(8,1,'2011-06-25','2011-06-25 06:34:59',0)
 ,(9,1,'2011-06-25','2011-06-25 06:35:14',0)
 ,(10,5,'2011-06-25','2011-06-25 06:35:20',0)
 ,(11,5,'2011-06-25','2011-06-25 06:35:40',0)
 ,(12,1,'2011-06-25','2011-06-25 06:35:42',1)
 ,(13,15,'2011-06-25','2011-06-25 06:35:55',1)
 ,(14,1,'2011-06-25','2011-06-25 06:36:06',0)
 ,(15,1,'2011-06-25','2011-06-25 06:36:10',0)
 ,(16,5,'2011-06-25','2011-06-25 08:23:41',0)
 ,(17,5,'2011-06-25','2011-06-25 08:23:43',0)
 ,(18,1,'2011-06-25','2011-06-25 08:23:44',1)
 ,(19,1,'2011-06-25','2011-06-25 08:24:21',1)
 ,(20,1,'2011-06-25','2011-06-25 08:26:49',1)
 ,(21,1,'2011-06-25','2011-06-25 08:27:08',1)
 ,(22,1,'2011-06-25','2011-06-25 08:27:10',1)
 ,(23,15,'2011-06-25','2011-06-25 08:28:48',1)
 ,(24,37,'2011-06-25','2011-06-25 08:28:52',1)
 ,(25,38,'2011-06-25','2011-06-25 08:28:52',1)
 ,(26,46,'2011-06-25','2011-06-25 08:29:01',1)
 ,(27,54,'2011-06-25','2011-06-25 08:29:07',1)
 ,(28,54,'2011-06-25','2011-06-25 08:30:42',1)
 ,(29,46,'2011-06-25','2011-06-25 08:30:43',1)
 ,(30,46,'2011-06-25','2011-06-25 08:30:53',1)
 ,(31,46,'2011-06-25','2011-06-25 08:31:36',1)
 ,(32,46,'2011-06-25','2011-06-25 08:31:38',1)
 ,(33,38,'2011-06-25','2011-06-25 08:32:18',1)
 ,(34,46,'2011-06-25','2011-06-25 08:32:29',1)
 ,(35,46,'2011-06-25','2011-06-25 08:32:35',1)
 ,(36,46,'2011-06-25','2011-06-25 08:32:42',1)
 ,(37,46,'2011-06-25','2011-06-25 08:33:01',1)
 ,(38,46,'2011-06-25','2011-06-25 08:33:30',1)
 ,(39,46,'2011-06-25','2011-06-25 08:33:33',1)
 ,(40,46,'2011-06-25','2011-06-25 08:33:43',1)
 ,(41,46,'2011-06-25','2011-06-25 08:33:53',1)
 ,(42,46,'2011-06-25','2011-06-25 08:34:04',1)
 ,(43,38,'2011-06-25','2011-06-25 08:34:22',1)
 ,(44,46,'2011-06-25','2011-06-25 08:35:26',1)
 ,(45,38,'2011-06-25','2011-06-25 08:35:48',1)
 ,(46,46,'2011-06-25','2011-06-25 08:36:09',1)
 ,(47,46,'2011-06-25','2011-06-25 08:36:41',1)
 ,(48,46,'2011-06-25','2011-06-25 08:36:50',1)
 ,(49,46,'2011-06-25','2011-06-25 08:37:03',1)
 ,(50,46,'2011-06-25','2011-06-25 08:37:07',1)
 ,(51,38,'2011-06-25','2011-06-25 08:37:21',1)
 ,(52,38,'2011-06-25','2011-06-25 08:38:17',1)
 ,(53,38,'2011-06-25','2011-06-25 08:38:21',1)
 ,(54,1,'2011-06-25','2011-06-25 08:38:24',1)
 ,(55,1,'2011-06-25','2011-06-25 08:38:38',1)
 ,(56,69,'2011-06-25','2011-06-25 08:41:08',1)
 ,(57,69,'2011-06-25','2011-06-25 08:41:12',1)
 ,(58,69,'2011-06-25','2011-06-25 08:41:42',1)
 ,(59,69,'2011-06-25','2011-06-25 08:42:11',1)
 ,(60,1,'2011-06-25','2011-06-25 08:42:15',1)
 ,(61,67,'2011-06-25','2011-06-25 08:42:34',1)
 ,(62,67,'2011-06-25','2011-06-25 08:42:35',1)
 ,(63,67,'2011-06-25','2011-06-25 08:42:49',1)
 ,(64,69,'2011-06-25','2011-06-25 08:43:22',1)
 ,(65,69,'2011-06-25','2011-06-25 08:43:23',1)
 ,(66,69,'2011-06-25','2011-06-25 08:43:35',1)
 ,(67,69,'2011-06-25','2011-06-25 08:43:40',1)
 ,(68,1,'2011-06-25','2011-06-25 08:43:50',1)
 ,(69,75,'2011-06-25','2011-06-25 08:46:57',1)
 ,(70,1,'2011-06-25','2011-06-25 08:47:25',1)
 ,(71,1,'2011-06-25','2011-06-25 08:48:00',1)
 ,(72,67,'2011-06-25','2011-06-25 08:48:03',1)
 ,(73,67,'2011-06-25','2011-06-25 08:48:18',1)
 ,(74,15,'2011-06-25','2011-06-25 08:48:29',1)
 ,(75,16,'2011-06-25','2011-06-25 08:48:40',1)
 ,(76,17,'2011-06-25','2011-06-25 08:48:40',1)
 ,(77,75,'2011-06-25','2011-06-25 08:49:33',1)
 ,(78,15,'2011-06-25','2011-06-25 08:50:14',1)
 ,(79,1,'2011-06-25','2011-06-25 08:50:21',1)
 ,(80,76,'2011-06-25','2011-06-25 08:51:20',1)
 ,(81,15,'2011-06-25','2011-06-25 08:51:36',1)
 ,(82,16,'2011-06-25','2011-06-25 08:51:39',1)
 ,(83,17,'2011-06-25','2011-06-25 08:51:39',1)
 ,(84,76,'2011-06-25','2011-06-25 08:51:50',1)
 ,(85,15,'2011-06-25','2011-06-25 08:52:03',1)
 ,(86,16,'2011-06-25','2011-06-25 08:52:07',1)
 ,(87,17,'2011-06-25','2011-06-25 08:52:07',1)
 ,(88,1,'2011-06-25','2011-06-25 08:52:33',1)
 ,(89,1,'2011-06-25','2011-06-25 08:52:42',1)
 ,(90,15,'2011-06-25','2011-06-25 08:53:12',1)
 ,(91,16,'2011-06-25','2011-06-25 08:53:16',1)
 ,(92,17,'2011-06-25','2011-06-25 08:53:16',1)
 ,(93,1,'2011-06-25','2011-06-25 08:53:20',1)
 ,(94,15,'2011-06-25','2011-06-25 08:53:38',1)
 ,(95,16,'2011-06-25','2011-06-25 08:53:40',1)
 ,(96,17,'2011-06-25','2011-06-25 08:53:40',1)
 ,(97,15,'2011-06-25','2011-06-25 08:54:02',1)
 ,(98,16,'2011-06-25','2011-06-25 08:54:06',1)
 ,(99,17,'2011-06-25','2011-06-25 08:54:07',1)
 ,(100,1,'2011-06-25','2011-06-25 08:54:32',1)
 ,(101,15,'2011-06-25','2011-06-25 08:55:41',1)
 ,(102,16,'2011-06-25','2011-06-25 08:55:45',1)
 ,(103,17,'2011-06-25','2011-06-25 08:55:45',1)
 ,(104,17,'2011-06-25','2011-06-25 08:55:53',1)
 ,(105,17,'2011-06-25','2011-06-25 08:56:00',1)
 ,(106,18,'2011-06-25','2011-06-25 08:56:03',1)
 ,(107,1,'2011-06-25','2011-06-25 08:56:33',1)
 ,(108,5,'2011-06-25','2011-06-25 08:57:18',1)
 ,(109,1,'2011-06-25','2011-06-25 08:57:18',0)
 ,(110,1,'2011-06-25','2011-06-25 09:01:45',0)
 ,(111,5,'2011-06-25','2011-06-25 09:02:05',0)
 ,(112,5,'2011-06-25','2011-06-25 09:02:08',0)
 ,(113,1,'2011-06-25','2011-06-25 09:02:09',1)
 ,(114,5,'2011-06-25','2011-06-25 09:02:32',1)
 ,(115,1,'2011-06-25','2011-06-25 09:02:32',0)
 ,(116,1,'2011-06-25','2011-06-25 09:03:06',0)
 ,(117,5,'2011-06-25','2011-06-25 09:03:12',0)
 ,(118,5,'2011-06-25','2011-06-25 09:03:14',0)
 ,(119,1,'2011-06-25','2011-06-25 09:03:14',1)
 ,(120,15,'2011-06-25','2011-06-25 09:03:45',1)
 ,(121,16,'2011-06-25','2011-06-25 09:03:48',1)
 ,(122,17,'2011-06-25','2011-06-25 09:03:48',1)
 ,(123,1,'2011-06-25','2011-06-25 09:03:52',1)
 ,(124,17,'2011-06-25','2011-06-25 09:03:56',1)
 ,(125,18,'2011-06-25','2011-06-25 09:03:59',1)
 ,(126,1,'2011-06-25','2011-06-25 09:04:15',1)
 ,(127,1,'2011-06-25','2011-06-25 09:04:31',1)
 ,(128,67,'2011-06-25','2011-06-25 09:04:34',1)
 ,(129,75,'2011-06-25','2011-06-25 09:04:37',1)
 ,(130,75,'2011-06-25','2011-06-25 09:04:40',1)
 ,(131,15,'2011-06-25','2011-06-25 09:04:43',1)
 ,(132,16,'2011-06-25','2011-06-25 09:04:47',1)
 ,(133,17,'2011-06-25','2011-06-25 09:04:47',1)
 ,(134,18,'2011-06-25','2011-06-25 09:04:51',1)
 ,(135,17,'2011-06-25','2011-06-25 09:04:52',1)
 ,(136,18,'2011-06-25','2011-06-25 09:06:06',1)
 ,(137,17,'2011-06-25','2011-06-25 09:06:25',1)
 ,(138,1,'2011-06-25','2011-06-25 09:06:29',1)
 ,(139,77,'2011-06-25','2011-06-25 09:06:52',1)
 ,(140,15,'2011-06-25','2011-06-25 09:07:00',1)
 ,(141,16,'2011-06-25','2011-06-25 09:07:03',1)
 ,(142,17,'2011-06-25','2011-06-25 09:07:04',1)
 ,(143,18,'2011-06-25','2011-06-25 09:07:30',1)
 ,(144,17,'2011-06-25','2011-06-25 09:07:38',1)
 ,(145,76,'2011-06-25','2011-06-25 09:07:58',1)
 ,(146,17,'2011-06-25','2011-06-25 09:08:02',1)
 ,(147,1,'2011-06-25','2011-06-25 09:09:56',1)
 ,(148,1,'2011-06-25','2011-06-25 09:10:00',1)
 ,(149,15,'2011-06-25','2011-06-25 09:10:13',1)
 ,(150,16,'2011-06-25','2011-06-25 09:10:16',1)
 ,(151,17,'2011-06-25','2011-06-25 09:10:16',1)
 ,(152,16,'2011-06-25','2011-06-25 09:10:16',1)
 ,(153,17,'2011-06-25','2011-06-25 09:10:17',1)
 ,(154,18,'2011-06-25','2011-06-25 09:10:19',1)
 ,(155,74,'2011-06-25','2011-06-25 09:10:30',1)
 ,(156,1,'2011-06-25','2011-06-25 09:10:42',1)
 ,(157,1,'2011-06-25','2011-06-25 09:11:05',1)
 ,(158,77,'2011-06-25','2011-06-25 09:11:35',1)
 ,(159,77,'2011-06-25','2011-06-25 09:11:41',1)
 ,(160,1,'2011-06-25','2011-06-25 09:11:56',1)
 ,(161,76,'2011-06-25','2011-06-25 09:12:00',1)
 ,(162,75,'2011-06-25','2011-06-25 09:12:09',1)
 ,(163,71,'2011-06-25','2011-06-25 09:12:12',1)
 ,(164,76,'2011-06-25','2011-06-25 09:12:25',1)
 ,(165,77,'2011-06-25','2011-06-25 09:12:28',1)
 ,(166,77,'2011-06-25','2011-06-25 09:12:56',1)
 ,(167,77,'2011-06-25','2011-06-25 09:12:58',1)
 ,(168,77,'2011-06-25','2011-06-25 09:13:01',1)
 ,(169,76,'2011-06-25','2011-06-25 09:13:03',1)
 ,(170,75,'2011-06-25','2011-06-25 09:13:05',1)
 ,(171,1,'2011-06-25','2011-06-25 09:13:06',1)
 ,(172,1,'2011-06-25','2011-06-25 09:13:18',1)
 ,(173,71,'2011-06-25','2011-06-25 09:13:21',1)
 ,(174,75,'2011-06-25','2011-06-25 09:13:23',1)
 ,(175,75,'2011-06-25','2011-06-25 09:13:25',1)
 ,(176,76,'2011-06-25','2011-06-25 09:13:27',1)
 ,(177,77,'2011-06-25','2011-06-25 09:13:28',1)
 ,(178,1,'2011-06-25','2011-06-25 09:13:30',1)
 ,(179,1,'2011-06-25','2011-06-25 09:13:31',1)
 ,(180,77,'2011-06-25','2011-06-25 09:19:59',1)
 ,(181,1,'2011-06-25','2011-06-25 09:20:04',1)
 ,(182,1,'2011-06-25','2011-06-25 09:38:59',1)
 ,(183,1,'2011-06-25','2011-06-25 09:39:12',1)
 ,(184,1,'2011-06-25','2011-06-25 09:43:25',1)
 ,(185,1,'2011-06-25','2011-06-25 09:43:31',1)
 ,(186,1,'2011-06-25','2011-06-25 09:44:29',1)
 ,(187,1,'2011-06-25','2011-06-25 09:44:43',1)
 ,(188,15,'2011-06-25','2011-06-25 09:48:37',1)
 ,(189,16,'2011-06-25','2011-06-25 09:48:46',1)
 ,(190,17,'2011-06-25','2011-06-25 09:48:46',1)
 ,(191,77,'2011-06-25','2011-06-25 09:49:28',1)
 ,(192,5,'2011-06-25','2011-06-25 09:57:22',1)
 ,(193,1,'2011-06-25','2011-06-25 09:57:22',0)
 ,(194,5,'2011-06-25','2011-06-25 14:24:47',0)
 ,(195,5,'2011-06-25','2011-06-25 14:24:50',0)
 ,(196,1,'2011-06-25','2011-06-25 14:24:51',1)
 ,(197,1,'2011-06-25','2011-06-25 14:25:00',1)
 ,(198,1,'2011-06-25','2011-06-25 14:25:06',1)
 ,(199,1,'2011-06-25','2011-06-25 14:25:09',1)
 ,(200,1,'2011-06-25','2011-06-25 14:31:23',1)
 ,(201,77,'2011-06-25','2011-06-25 14:31:30',1)
 ,(202,77,'2011-06-25','2011-06-25 14:31:43',1)
 ,(203,15,'2011-06-25','2011-06-25 14:38:32',1)
 ,(204,16,'2011-06-25','2011-06-25 14:38:36',1)
 ,(205,17,'2011-06-25','2011-06-25 14:38:37',1)
 ,(206,47,'2011-06-25','2011-06-25 14:38:53',1)
 ,(207,48,'2011-06-25','2011-06-25 14:38:54',1)
 ,(208,26,'2011-06-25','2011-06-25 14:39:02',1)
 ,(209,27,'2011-06-25','2011-06-25 14:39:02',1)
 ,(210,21,'2011-06-25','2011-06-25 14:39:05',1)
 ,(211,22,'2011-06-25','2011-06-25 14:39:05',1)
 ,(212,16,'2011-06-25','2011-06-25 14:39:08',1)
 ,(213,17,'2011-06-25','2011-06-25 14:39:08',1)
 ,(214,30,'2011-06-25','2011-06-25 14:39:20',1)
 ,(215,31,'2011-06-25','2011-06-25 14:39:21',1)
 ,(216,30,'2011-06-25','2011-06-25 14:39:22',1)
 ,(217,31,'2011-06-25','2011-06-25 14:39:22',1)
 ,(218,34,'2011-06-25','2011-06-25 14:39:30',1)
 ,(219,52,'2011-06-25','2011-06-25 14:39:32',1)
 ,(220,52,'2011-06-25','2011-06-25 14:39:51',1)
 ,(221,52,'2011-06-25','2011-06-25 14:39:51',1)
 ,(222,52,'2011-06-25','2011-06-25 14:39:59',1)
 ,(223,52,'2011-06-25','2011-06-25 14:39:59',1)
 ,(224,52,'2011-06-25','2011-06-25 14:40:00',1)
 ,(225,52,'2011-06-25','2011-06-25 14:40:01',1)
 ,(226,1,'2011-06-25','2011-06-25 14:40:06',1)
 ,(227,1,'2011-06-25','2011-06-25 14:40:13',1)
 ,(228,77,'2011-06-25','2011-06-25 14:40:40',1)
 ,(229,77,'2011-06-25','2011-06-25 14:41:21',1)
 ,(230,77,'2011-06-25','2011-06-25 14:41:23',1)
 ,(231,77,'2011-06-25','2011-06-25 14:41:24',1)
 ,(232,77,'2011-06-25','2011-06-25 14:42:12',1)
 ,(233,77,'2011-06-25','2011-06-25 14:42:18',1)
 ,(234,15,'2011-06-25','2011-06-25 14:42:47',1)
 ,(235,52,'2011-06-25','2011-06-25 14:42:54',1)
 ,(236,52,'2011-06-25','2011-06-25 14:43:01',1)
 ,(237,52,'2011-06-25','2011-06-25 14:43:06',1)
 ,(238,52,'2011-06-25','2011-06-25 14:43:07',1)
 ,(239,52,'2011-06-25','2011-06-25 14:43:22',1)
 ,(240,52,'2011-06-25','2011-06-25 14:43:22',1)
 ,(241,1,'2011-06-25','2011-06-25 14:43:31',1)
 ,(242,1,'2011-06-25','2011-06-25 14:43:51',1)
 ,(243,77,'2011-06-25','2011-06-25 14:43:55',1)
 ,(244,77,'2011-06-25','2011-06-25 14:43:57',1)
 ,(245,15,'2011-06-25','2011-06-25 14:51:33',1)
 ,(246,52,'2011-06-25','2011-06-25 14:51:38',1)
 ,(247,52,'2011-06-25','2011-06-25 14:51:48',1)
 ,(248,52,'2011-06-25','2011-06-25 14:51:48',1)
 ,(249,1,'2011-06-25','2011-06-25 14:51:57',1)
 ,(250,77,'2011-06-25','2011-06-25 14:52:04',1)
 ,(251,15,'2011-06-25','2011-06-25 15:23:45',1)
 ,(252,52,'2011-06-25','2011-06-25 15:23:49',1)
 ,(253,52,'2011-06-25','2011-06-25 15:23:58',1)
 ,(254,52,'2011-06-25','2011-06-25 15:23:59',1)
 ,(255,1,'2011-06-25','2011-06-25 15:24:02',1)
 ,(256,77,'2011-06-25','2011-06-25 15:24:09',1)
 ,(257,1,'2011-06-25','2011-06-25 16:06:14',1)
 ,(258,77,'2011-06-25','2011-06-25 16:17:37',1)
 ,(259,1,'2011-06-25','2011-06-25 16:17:41',1)
 ,(260,77,'2011-06-25','2011-06-25 16:18:00',1)
 ,(261,76,'2011-06-25','2011-06-25 16:18:10',1)
 ,(262,1,'2011-06-25','2011-06-25 16:18:34',1)
 ,(263,1,'2011-06-25','2011-06-25 16:18:47',1)
 ,(264,15,'2011-06-25','2011-06-25 16:19:48',1)
 ,(265,16,'2011-06-25','2011-06-25 16:19:52',1)
 ,(266,17,'2011-06-25','2011-06-25 16:19:52',1)
 ,(267,75,'2011-06-25','2011-06-25 16:20:34',1)
 ,(268,15,'2011-06-25','2011-06-25 16:20:53',1)
 ,(269,16,'2011-06-25','2011-06-25 16:20:56',1)
 ,(270,17,'2011-06-25','2011-06-25 16:20:56',1)
 ,(271,1,'2011-06-25','2011-06-25 16:21:00',1)
 ,(272,15,'2011-06-25','2011-06-25 16:21:09',1)
 ,(273,16,'2011-06-25','2011-06-25 16:21:12',1)
 ,(274,17,'2011-06-25','2011-06-25 16:21:12',1)
 ,(275,75,'2011-06-25','2011-06-25 16:21:16',1)
 ,(276,15,'2011-06-25','2011-06-25 16:21:35',1)
 ,(277,16,'2011-06-25','2011-06-25 16:21:39',1)
 ,(278,17,'2011-06-25','2011-06-25 16:21:40',1)
 ,(279,1,'2011-06-25','2011-06-25 16:21:46',1)
 ,(280,15,'2011-06-25','2011-06-25 16:21:56',1)
 ,(281,16,'2011-06-25','2011-06-25 16:22:02',1)
 ,(282,17,'2011-06-25','2011-06-25 16:22:02',1)
 ,(283,77,'2011-06-25','2011-06-25 16:22:07',1)
 ,(284,77,'2011-06-25','2011-06-25 16:22:13',1)
 ,(285,15,'2011-06-25','2011-06-25 16:22:23',1)
 ,(286,16,'2011-06-25','2011-06-25 16:22:29',1)
 ,(287,17,'2011-06-25','2011-06-25 16:22:30',1)
 ,(288,75,'2011-06-25','2011-06-25 16:22:38',1)
 ,(289,15,'2011-06-25','2011-06-25 16:27:48',1)
 ,(290,16,'2011-06-25','2011-06-25 16:27:52',1)
 ,(291,17,'2011-06-25','2011-06-25 16:27:53',1)
 ,(292,18,'2011-06-25','2011-06-25 16:27:58',1)
 ,(293,75,'2011-06-25','2011-06-25 16:28:06',1)
 ,(294,75,'2011-06-25','2011-06-25 16:50:27',1)
 ,(295,71,'2011-06-25','2011-06-25 16:50:32',1)
 ,(296,76,'2011-06-25','2011-06-25 16:50:54',1)
 ,(297,77,'2011-06-25','2011-06-25 16:50:57',1)
 ,(298,77,'2011-06-25','2011-06-25 16:51:06',1)
 ,(299,77,'2011-06-25','2011-06-25 16:51:11',1)
 ,(300,76,'2011-06-25','2011-06-25 16:51:15',1)
 ,(301,75,'2011-06-25','2011-06-25 16:51:20',1)
 ,(302,77,'2011-06-25','2011-06-25 16:51:35',1)
 ,(303,1,'2011-06-25','2011-06-25 16:51:43',1)
 ,(304,1,'2011-06-25','2011-06-25 16:52:01',1)
 ,(305,1,'2011-06-25','2011-06-25 16:52:05',1)
 ,(306,77,'2011-06-25','2011-06-25 16:52:11',1)
 ,(307,77,'2011-06-25','2011-06-25 16:52:15',1)
 ,(308,76,'2011-06-25','2011-06-25 16:52:24',1)
 ,(309,75,'2011-06-25','2011-06-25 16:52:29',1)
 ,(310,71,'2011-06-25','2011-06-25 16:52:49',1)
 ,(311,71,'2011-06-25','2011-06-25 16:52:56',1)
 ,(312,71,'2011-06-25','2011-06-25 16:58:07',1)
 ,(313,73,'2011-06-25','2011-06-25 16:58:11',1)
 ,(314,71,'2011-06-25','2011-06-25 16:58:33',1)
 ,(315,71,'2011-06-25','2011-06-25 16:58:40',1)
 ,(316,71,'2011-06-25','2011-06-25 17:08:57',1)
 ,(317,71,'2011-06-25','2011-06-25 17:16:43',1)
 ,(318,77,'2011-06-25','2011-06-25 17:17:34',1)
 ,(319,1,'2011-06-25','2011-06-25 17:17:37',1)
 ,(320,75,'2011-06-25','2011-06-25 17:17:47',1)
 ,(321,5,'2011-06-25','2011-06-25 17:17:56',1)
 ,(322,1,'2011-06-25','2011-06-25 17:17:56',0)
 ,(323,77,'2011-06-25','2011-06-25 17:17:58',0)
 ,(324,76,'2011-06-25','2011-06-25 17:18:01',0)
 ,(325,71,'2011-06-25','2011-06-25 17:18:04',0)
 ,(326,77,'2011-06-25','2011-06-25 17:18:08',0)
 ,(327,1,'2011-06-25','2011-06-25 17:18:11',0)
 ,(328,76,'2011-06-25','2011-06-25 17:18:17',0)
 ,(329,77,'2011-06-25','2011-06-25 17:18:21',0)
 ,(330,1,'2011-06-25','2011-06-25 17:18:22',0)
 ,(331,76,'2011-06-25','2011-06-25 17:18:27',0)
 ,(332,71,'2011-06-25','2011-06-25 17:18:49',0)
 ,(333,71,'2011-06-25','2011-06-25 17:18:49',0)
 ,(334,76,'2011-06-25','2011-06-25 17:18:52',0)
 ,(335,77,'2011-06-25','2011-06-25 17:18:53',0)
 ,(336,1,'2011-06-25','2011-06-25 17:18:55',0)
 ,(337,76,'2011-06-25','2011-06-25 18:28:28',0)
 ,(338,1,'2011-06-25','2011-06-25 18:28:35',0)
 ,(339,75,'2011-06-25','2011-06-25 18:28:50',0)
 ,(340,77,'2011-06-25','2011-06-25 18:28:54',0)
 ,(341,5,'2011-06-25','2011-06-25 18:29:47',0)
 ,(342,5,'2011-06-25','2011-06-25 18:29:49',0)
 ,(343,1,'2011-06-25','2011-06-25 18:29:49',1)
 ,(344,77,'2011-06-25','2011-06-25 18:29:57',1)
 ,(345,77,'2011-06-25','2011-06-25 18:30:18',1)
 ,(346,77,'2011-06-25','2011-06-25 18:31:22',1)
 ,(347,71,'2011-06-25','2011-06-25 18:31:29',1)
 ,(348,71,'2011-06-25','2011-06-25 18:31:33',1)
 ,(349,78,'2011-06-25','2011-06-25 18:32:01',1)
 ,(350,71,'2011-06-25','2011-06-25 18:32:35',1)
 ,(351,71,'2011-06-25','2011-06-25 18:32:39',1)
 ,(352,71,'2011-06-25','2011-06-25 18:34:03',1)
 ,(353,72,'2011-06-25','2011-06-25 18:34:07',1)
 ,(354,71,'2011-06-25','2011-06-25 18:34:27',1)
 ,(355,1,'2011-06-25','2011-06-25 18:34:33',1)
 ,(356,77,'2011-06-25','2011-06-25 18:34:37',1)
 ,(357,1,'2011-06-25','2011-06-25 18:34:45',1)
 ,(358,77,'2011-06-25','2011-06-25 18:37:59',1)
 ,(359,76,'2011-06-25','2011-06-25 18:38:04',1)
 ,(360,75,'2011-06-25','2011-06-25 18:38:06',1)
 ,(361,71,'2011-06-25','2011-06-25 18:38:10',1)
 ,(362,71,'2011-06-25','2011-06-25 18:38:14',1)
 ,(363,71,'2011-06-25','2011-06-25 18:40:26',1)
 ,(364,72,'2011-06-25','2011-06-25 18:40:54',1)
 ,(365,71,'2011-06-25','2011-06-25 18:40:59',1)
 ,(366,75,'2011-06-25','2011-06-25 18:41:02',1)
 ,(367,77,'2011-06-25','2011-06-25 18:41:10',1)
 ,(368,77,'2011-06-25','2011-06-25 18:41:20',1)
 ,(369,77,'2011-06-25','2011-06-25 18:41:50',1)
 ,(370,1,'2011-06-25','2011-06-25 18:41:53',1)
 ,(371,1,'2011-06-25','2011-06-25 18:43:27',1)
 ,(372,1,'2011-06-25','2011-06-25 18:44:11',1)
 ,(373,77,'2011-06-25','2011-06-25 18:44:15',1)
 ,(374,77,'2011-06-25','2011-06-25 18:44:51',1)
 ,(375,77,'2011-06-25','2011-06-25 18:45:29',1)
 ,(376,77,'2011-06-25','2011-06-25 18:45:33',1)
 ,(377,77,'2011-06-25','2011-06-25 18:45:58',1)
 ,(378,77,'2011-06-25','2011-06-25 18:46:43',1)
 ,(379,75,'2011-06-25','2011-06-25 18:46:47',1)
 ,(380,71,'2011-06-25','2011-06-25 18:47:28',1)
 ,(381,71,'2011-06-25','2011-06-25 18:47:50',1)
 ,(382,15,'2011-06-25','2011-06-25 18:48:25',1)
 ,(383,16,'2011-06-25','2011-06-25 18:48:29',1)
 ,(384,17,'2011-06-25','2011-06-25 18:48:30',1)
 ,(385,1,'2011-06-25','2011-06-25 18:49:18',1)
 ,(386,71,'2011-06-25','2011-06-25 18:49:23',1)
 ,(387,71,'2011-06-25','2011-06-25 18:49:35',1)
 ,(388,79,'2011-06-25','2011-06-25 18:55:34',1)
 ,(389,79,'2011-06-25','2011-06-25 18:56:51',1)
 ,(390,71,'2011-06-25','2011-06-25 18:57:08',1)
 ,(391,15,'2011-06-25','2011-06-25 18:57:14',1)
 ,(392,16,'2011-06-25','2011-06-25 18:57:19',1)
 ,(393,17,'2011-06-25','2011-06-25 18:57:19',1)
 ,(394,79,'2011-06-25','2011-06-25 18:57:29',1)
 ,(395,17,'2011-06-25','2011-06-25 18:57:33',1)
 ,(396,1,'2011-06-25','2011-06-25 18:59:06',1)
 ,(397,71,'2011-06-25','2011-06-25 18:59:11',1)
 ,(398,15,'2011-06-25','2011-06-25 18:59:17',1)
 ,(399,16,'2011-06-25','2011-06-25 18:59:21',1)
 ,(400,17,'2011-06-25','2011-06-25 18:59:21',1)
 ,(401,1,'2011-06-25','2011-06-25 18:59:29',1)
 ,(402,71,'2011-06-25','2011-06-25 18:59:33',1)
 ,(403,79,'2011-06-25','2011-06-25 18:59:37',1)
 ,(404,79,'2011-06-25','2011-06-25 18:59:54',1)
 ,(405,15,'2011-06-25','2011-06-25 19:00:20',1)
 ,(406,16,'2011-06-25','2011-06-25 19:00:25',1)
 ,(407,17,'2011-06-25','2011-06-25 19:00:25',1)
 ,(408,79,'2011-06-25','2011-06-25 19:01:17',1)
 ,(409,5,'2011-06-25','2011-06-25 19:01:25',1)
 ,(410,1,'2011-06-25','2011-06-25 19:01:25',0)
 ,(411,71,'2011-06-25','2011-06-25 19:01:27',0)
 ,(412,79,'2011-06-25','2011-06-25 19:01:29',0)
 ,(413,71,'2011-06-25','2011-06-25 19:01:33',0)
 ,(414,1,'2011-06-25','2011-06-25 19:01:48',0)
 ,(415,75,'2011-06-25','2011-06-25 19:02:00',0)
 ,(416,5,'2011-06-25','2011-06-25 19:02:04',0)
 ,(417,5,'2011-06-25','2011-06-25 19:02:06',0)
 ,(418,1,'2011-06-25','2011-06-25 19:02:06',1)
 ,(419,71,'2011-06-25','2011-06-25 19:02:10',1)
 ,(420,71,'2011-06-25','2011-06-25 19:02:16',1)
 ,(421,71,'2011-06-25','2011-06-25 19:03:29',1)
 ,(422,76,'2011-06-25','2011-06-25 19:03:35',1)
 ,(423,77,'2011-06-25','2011-06-25 19:03:38',1)
 ,(424,1,'2011-06-25','2011-06-25 19:03:45',1)
 ,(425,71,'2011-06-25','2011-06-25 19:03:48',1)
 ,(426,1,'2011-06-25','2011-06-25 19:03:52',1)
 ,(427,1,'2011-06-25','2011-06-25 19:03:56',1)
 ,(428,75,'2011-06-25','2011-06-25 19:03:59',1)
 ,(429,71,'2011-06-25','2011-06-25 19:04:02',1)
 ,(430,75,'2011-06-25','2011-06-25 19:04:06',1)
 ,(431,76,'2011-06-25','2011-06-25 19:04:10',1)
 ,(432,76,'2011-06-25','2011-06-25 19:04:13',1)
 ,(433,15,'2011-06-25','2011-06-25 19:04:20',1)
 ,(434,16,'2011-06-25','2011-06-25 19:04:23',1)
 ,(435,17,'2011-06-25','2011-06-25 19:04:23',1)
 ,(436,76,'2011-06-25','2011-06-25 19:04:58',1)
 ,(437,1,'2011-06-25','2011-06-25 19:05:14',1)
 ,(438,76,'2011-06-25','2011-06-25 19:09:21',1)
 ,(439,1,'2011-06-25','2011-06-25 19:09:26',1)
 ,(440,77,'2011-06-25','2011-06-25 19:09:31',1)
 ,(441,76,'2011-06-25','2011-06-25 19:09:39',1)
 ,(442,76,'2011-06-25','2011-06-25 19:13:17',1)
 ,(443,76,'2011-06-25','2011-06-25 19:13:48',1)
 ,(444,77,'2011-06-25','2011-06-25 19:13:54',1)
 ,(445,77,'2011-06-25','2011-06-25 19:14:01',1)
 ,(446,77,'2011-06-25','2011-06-25 19:14:38',1)
 ,(447,77,'2011-06-25','2011-06-25 19:16:07',1)
 ,(448,77,'2011-06-25','2011-06-25 19:16:10',1)
 ,(449,55,'2011-06-25','2011-06-25 19:19:30',1)
 ,(450,55,'2011-06-25','2011-06-25 19:19:38',1)
 ,(451,55,'2011-06-25','2011-06-25 19:19:42',1)
 ,(452,55,'2011-06-25','2011-06-25 19:20:03',1)
 ,(453,55,'2011-06-25','2011-06-25 19:20:04',1)
 ,(454,55,'2011-06-25','2011-06-25 19:20:05',1)
 ,(455,55,'2011-06-25','2011-06-25 19:20:32',1)
 ,(456,55,'2011-06-25','2011-06-25 19:20:35',1)
 ,(457,55,'2011-06-25','2011-06-25 19:20:41',1)
 ,(458,55,'2011-06-25','2011-06-25 19:20:46',1)
 ,(459,55,'2011-06-25','2011-06-25 19:20:51',1)
 ,(460,55,'2011-06-25','2011-06-25 19:21:31',1)
 ,(461,55,'2011-06-25','2011-06-25 19:26:22',1)
 ,(462,55,'2011-06-25','2011-06-25 19:29:43',1)
 ,(463,55,'2011-06-25','2011-06-25 19:30:01',1)
 ,(464,55,'2011-06-25','2011-06-25 19:31:01',1)
 ,(465,55,'2011-06-25','2011-06-25 19:31:02',1)
 ,(466,55,'2011-06-25','2011-06-25 19:31:07',1)
 ,(467,55,'2011-06-25','2011-06-25 19:31:08',1)
 ,(468,55,'2011-06-25','2011-06-25 19:31:19',1)
 ,(469,52,'2011-06-25','2011-06-25 19:31:50',1)
 ,(470,77,'2011-06-25','2011-06-25 19:31:54',1)
 ,(471,55,'2011-06-25','2011-06-25 19:32:00',1)
 ,(472,55,'2011-06-25','2011-06-25 19:32:00',1)
 ,(473,55,'2011-06-25','2011-06-25 19:32:02',1)
 ,(474,55,'2011-06-25','2011-06-25 19:32:02',1)
 ,(475,77,'2011-06-25','2011-06-25 19:32:47',1)
 ,(476,1,'2011-06-25','2011-06-25 19:32:50',1)
 ,(477,75,'2011-06-25','2011-06-25 19:32:52',1)
 ,(478,71,'2011-06-25','2011-06-25 19:32:55',1)
 ,(479,1,'2011-06-25','2011-06-25 19:33:00',1)
 ,(480,1,'2011-06-25','2011-06-25 19:33:07',1)
 ,(481,1,'2011-06-25','2011-06-25 19:34:34',1)
 ,(482,77,'2011-06-25','2011-06-25 19:34:42',1)
 ,(483,76,'2011-06-25','2011-06-25 19:34:44',1)
 ,(484,75,'2011-06-25','2011-06-25 19:34:48',1)
 ,(485,1,'2011-06-25','2011-06-25 19:34:51',1)
 ,(486,76,'2011-06-25','2011-06-25 19:34:53',1)
 ,(487,76,'2011-06-25','2011-06-25 19:35:01',1)
 ,(488,76,'2011-06-25','2011-06-25 19:37:03',1)
 ,(489,77,'2011-06-25','2011-06-25 19:37:12',1)
 ,(490,71,'2011-06-25','2011-06-25 19:37:14',1)
 ,(491,71,'2011-06-25','2011-06-25 19:37:31',1)
 ,(492,71,'2011-06-25','2011-06-25 19:39:33',1)
 ,(493,1,'2011-06-25','2011-06-25 19:39:38',1)
 ,(494,77,'2011-06-25','2011-06-25 19:39:45',1)
 ,(495,76,'2011-06-25','2011-06-25 19:39:50',1)
 ,(496,77,'2011-06-25','2011-06-25 19:40:44',1)
 ,(497,1,'2011-06-25','2011-06-25 19:41:03',1)
 ,(498,75,'2011-06-25','2011-06-25 19:42:58',1)
 ,(499,1,'2011-06-25','2011-06-25 19:48:17',1)
 ,(500,1,'2011-06-25','2011-06-25 19:48:32',1)
 ,(501,1,'2011-06-25','2011-06-25 19:50:09',1)
 ,(502,1,'2011-06-25','2011-06-25 19:50:14',1)
 ,(503,15,'2011-06-25','2011-06-25 19:50:33',1)
 ,(504,1,'2011-06-25','2011-06-25 19:51:15',1)
 ,(505,16,'2011-06-25','2011-06-25 19:51:17',1)
 ,(506,17,'2011-06-25','2011-06-25 19:51:18',1)
 ,(507,16,'2011-06-25','2011-06-25 19:51:20',1)
 ,(508,17,'2011-06-25','2011-06-25 19:51:20',1)
 ,(509,1,'2011-06-25','2011-06-25 19:54:12',1)
 ,(510,1,'2011-06-25','2011-06-25 19:55:03',1)
 ,(511,77,'2011-06-25','2011-06-25 19:55:06',1)
 ,(512,1,'2011-06-25','2011-06-25 20:03:35',1)
 ,(513,71,'2011-06-25','2011-06-25 20:03:41',1)
 ,(514,71,'2011-06-25','2011-06-25 20:03:45',1)
 ,(515,15,'2011-06-25','2011-06-25 20:04:28',1)
 ,(516,16,'2011-06-25','2011-06-25 20:04:31',1)
 ,(517,17,'2011-06-25','2011-06-25 20:04:32',1)
 ,(518,20,'2011-06-25','2011-06-25 20:04:36',1)
 ,(519,21,'2011-06-25','2011-06-25 20:04:46',1)
 ,(520,22,'2011-06-25','2011-06-25 20:04:46',1)
 ,(521,52,'2011-06-25','2011-06-25 20:04:57',1)
 ,(522,16,'2011-06-25','2011-06-25 20:05:28',1)
 ,(523,17,'2011-06-25','2011-06-25 20:05:29',1)
 ,(524,20,'2011-06-25','2011-06-25 20:05:31',1)
 ,(525,52,'2011-06-25','2011-06-25 20:05:33',1)
 ,(526,52,'2011-06-25','2011-06-25 20:05:38',1)
 ,(527,52,'2011-06-25','2011-06-25 20:05:43',1)
 ,(528,52,'2011-06-25','2011-06-25 20:06:03',1);

DROP TABLE IF EXISTS PageThemeStyles;

CREATE TABLE IF NOT EXISTS `PageThemeStyles` (
  `ptID` int(10) unsigned NOT NULL DEFAULT '0',
  `ptsHandle` varchar(128) NOT NULL,
  `ptsValue` longtext,
  `ptsType` varchar(32) NOT NULL,
  PRIMARY KEY (`ptID`,`ptsHandle`,`ptsType`)
) ENGINE=MyISAM DEFAULT CHARSET=utf8;



DROP TABLE IF EXISTS PageThemes;

CREATE TABLE IF NOT EXISTS `PageThemes` (
  `ptID` int(10) unsigned NOT NULL AUTO_INCREMENT,
  `ptHandle` varchar(64) NOT NULL,
  `ptName` varchar(255) DEFAULT NULL,
  `ptDescription` text,
  `pkgID` int(10) unsigned NOT NULL DEFAULT '0',
  PRIMARY KEY (`ptID`),
  UNIQUE KEY `ptHandle` (`ptHandle`)
) ENGINE=MyISAM AUTO_INCREMENT=29 DEFAULT CHARSET=utf8;

INSERT INTO PageThemes VALUES(1,'default','Plain Yogurt\n','Plain Yogurt is Concrete\'s default theme.',0)
 ,(2,'greensalad','Green Salad Theme\n','This is Concrete\'s Green Salad site theme.',0)
 ,(3,'dark_chocolate','Dark Chocolate\n','Dark Chocolate is Concrete\'s default theme in black.',0)
 ,(28,'minifiedtheme','Minified\n','Theme from Vivatemplates.com',29)
 ,(25,'acromin5','Acromin5\n','A clean theme created by <a href=\"http://www.acosmin.com\">alexandru cosmin</a> converted by <a href=\"http://www.mnkras.com\">Mnkras</a>',22);

DROP TABLE IF EXISTS PageTypeAttributes;

CREATE TABLE IF NOT EXISTS `PageTypeAttributes` (
  `ctID` int(10) unsigned NOT NULL DEFAULT '0',
  `akID` int(10) unsigned NOT NULL DEFAULT '0',
  PRIMARY KEY (`ctID`,`akID`)
) ENGINE=MyISAM DEFAULT CHARSET=utf8;

INSERT INTO PageTypeAttributes VALUES(1,1)
 ,(1,2)
 ,(1,3)
 ,(1,4)
 ,(2,1)
 ,(2,2)
 ,(2,3)
 ,(2,4)
 ,(3,1)
 ,(3,2)
 ,(3,3)
 ,(3,4)
 ,(4,1)
 ,(4,2)
 ,(4,3)
 ,(4,4);

DROP TABLE IF EXISTS PageTypes;

CREATE TABLE IF NOT EXISTS `PageTypes` (
  `ctID` int(10) unsigned NOT NULL AUTO_INCREMENT,
  `ctHandle` varchar(32) NOT NULL,
  `ctIcon` varchar(128) DEFAULT NULL,
  `ctName` varchar(90) NOT NULL,
  `pkgID` int(10) unsigned NOT NULL DEFAULT '0',
  PRIMARY KEY (`ctID`),
  UNIQUE KEY `ctHandle` (`ctHandle`)
) ENGINE=MyISAM AUTO_INCREMENT=7 DEFAULT CHARSET=utf8;

INSERT INTO PageTypes VALUES(1,'right_sidebar','template3.png','Right Sidebar',0)
 ,(2,'left_sidebar','template1.png','Left Sidebar',0)
 ,(3,'full','main.png','Full Width',0)
 ,(4,'blog_entry','template2.png','Blog Entry',0);

DROP TABLE IF EXISTS Pages;

CREATE TABLE IF NOT EXISTS `Pages` (
  `cID` int(10) unsigned NOT NULL DEFAULT '0',
  `ctID` int(10) unsigned NOT NULL DEFAULT '0',
  `cIsTemplate` varchar(1) NOT NULL DEFAULT '0',
  `uID` int(10) unsigned DEFAULT NULL,
  `cIsCheckedOut` tinyint(1) NOT NULL DEFAULT '0',
  `cCheckedOutUID` int(10) unsigned DEFAULT NULL,
  `cCheckedOutDatetime` datetime DEFAULT NULL,
  `cCheckedOutDatetimeLastEdit` datetime DEFAULT NULL,
  `cPendingAction` varchar(6) DEFAULT NULL,
  `cPendingActionDatetime` datetime NOT NULL DEFAULT '0000-00-00 00:00:00',
  `cPendingActionUID` int(10) unsigned DEFAULT NULL,
  `cPendingActionTargetCID` int(10) unsigned DEFAULT NULL,
  `cOverrideTemplatePermissions` tinyint(1) NOT NULL DEFAULT '1',
  `cInheritPermissionsFromCID` int(10) unsigned NOT NULL DEFAULT '0',
  `cInheritPermissionsFrom` varchar(8) NOT NULL DEFAULT 'PARENT',
  `cFilename` varchar(255) DEFAULT NULL,
  `cPointerID` int(10) unsigned NOT NULL DEFAULT '0',
  `cPointerExternalLink` varchar(255) DEFAULT NULL,
  `cPointerExternalLinkNewWindow` tinyint(1) NOT NULL DEFAULT '0',
  `cChildren` int(10) unsigned NOT NULL DEFAULT '0',
  `cDisplayOrder` int(10) unsigned NOT NULL DEFAULT '0',
  `cParentID` int(10) unsigned NOT NULL DEFAULT '0',
  `pkgID` int(10) unsigned NOT NULL DEFAULT '0',
  `ptID` int(10) unsigned NOT NULL DEFAULT '0',
  `cCacheFullPageContent` int(4) NOT NULL DEFAULT '-1',
  `cCacheFullPageContentOverrideLifetime` varchar(32) NOT NULL DEFAULT '0',
  `cCacheFullPageContentLifetimeCustom` int(10) unsigned NOT NULL DEFAULT '0',
  PRIMARY KEY (`cID`),
  KEY `cParentID` (`cParentID`),
  KEY `cCheckedOutUID` (`cCheckedOutUID`),
  KEY `cPointerID` (`cPointerID`),
  KEY `uID` (`uID`),
  KEY `ctID` (`ctID`)
) ENGINE=MyISAM DEFAULT CHARSET=utf8;

INSERT INTO Pages VALUES(1,1,'0',1,0,NULL,NULL,NULL,NULL,'2011-06-24 22:52:16',NULL,NULL,1,1,'OVERRIDE',NULL,0,NULL,0,16,0,0,0,25,-1,'0',0)
 ,(2,1,'1',NULL,0,NULL,NULL,NULL,NULL,'2011-06-24 22:52:16',NULL,NULL,1,0,'PARENT',NULL,0,NULL,0,0,0,0,0,0,-1,'0',0)
 ,(5,0,'0',1,0,NULL,NULL,NULL,NULL,'2011-06-24 22:52:16',NULL,NULL,1,5,'OVERRIDE','/login.php',0,NULL,0,0,0,1,0,25,-1,'0',0)
 ,(6,0,'0',1,0,NULL,NULL,NULL,NULL,'2011-06-24 22:52:16',NULL,NULL,1,6,'OVERRIDE','/register.php',0,NULL,0,0,5,1,0,25,-1,'0',0)
 ,(7,0,'0',1,0,NULL,NULL,NULL,NULL,'2011-06-24 22:52:16',NULL,NULL,1,1,'PARENT','/profile/view.php',0,NULL,0,4,7,1,0,25,-1,'0',0)
 ,(8,0,'0',1,0,NULL,NULL,NULL,NULL,'2011-06-24 22:52:16',NULL,NULL,1,1,'PARENT','/profile/edit.php',0,NULL,0,0,0,7,0,25,-1,'0',0)
 ,(10,0,'0',1,0,NULL,NULL,NULL,NULL,'2011-06-24 22:52:16',NULL,NULL,1,1,'PARENT','/profile/avatar.php',0,NULL,0,0,1,7,0,25,-1,'0',0)
 ,(11,0,'0',1,0,NULL,NULL,NULL,NULL,'2011-06-24 22:52:16',NULL,NULL,1,1,'PARENT','/profile/messages.php',0,NULL,0,0,2,7,0,25,-1,'0',0)
 ,(12,0,'0',1,0,NULL,NULL,NULL,NULL,'2011-06-24 22:52:16',NULL,NULL,1,1,'PARENT','/profile/friends.php',0,NULL,0,0,3,7,0,25,-1,'0',0)
 ,(13,0,'0',1,0,NULL,NULL,NULL,NULL,'2011-06-24 22:52:16',NULL,NULL,1,1,'PARENT','/page_not_found.php',0,NULL,0,0,9,1,0,25,-1,'0',0)
 ,(14,0,'0',1,0,NULL,NULL,NULL,NULL,'2011-06-24 22:52:16',NULL,NULL,1,1,'PARENT','/page_forbidden.php',0,NULL,0,0,11,1,0,25,-1,'0',0)
 ,(15,0,'0',1,0,NULL,NULL,NULL,NULL,'2011-06-24 22:52:16',NULL,NULL,1,15,'OVERRIDE','/dashboard/view.php',0,NULL,0,9,12,1,0,25,-1,'0',0)
 ,(16,0,'0',1,0,NULL,NULL,NULL,NULL,'2011-06-24 22:52:16',NULL,NULL,1,15,'PARENT','/dashboard/sitemap/view.php',0,NULL,0,4,0,15,0,25,-1,'0',0)
 ,(17,0,'0',1,0,NULL,NULL,NULL,NULL,'2011-06-24 22:52:16',NULL,NULL,1,15,'PARENT','/dashboard/sitemap/full.php',0,NULL,0,0,0,16,0,25,-1,'0',0)
 ,(18,0,'0',1,0,NULL,NULL,NULL,NULL,'2011-06-24 22:52:16',NULL,NULL,1,15,'PARENT','/dashboard/sitemap/explore.php',0,NULL,0,0,1,16,0,25,-1,'0',0)
 ,(19,0,'0',1,0,NULL,NULL,NULL,NULL,'2011-06-24 22:52:16',NULL,NULL,1,15,'PARENT','/dashboard/sitemap/search.php',0,NULL,0,0,2,16,0,25,-1,'0',0)
 ,(20,0,'0',1,0,NULL,NULL,NULL,NULL,'2011-06-24 22:52:16',NULL,NULL,1,15,'PARENT','/dashboard/sitemap/access.php',0,NULL,0,0,3,16,0,25,-1,'0',0)
 ,(21,0,'0',1,0,NULL,NULL,NULL,NULL,'2011-06-24 22:52:16',NULL,NULL,1,15,'PARENT','/dashboard/files/view.php',0,NULL,0,4,1,15,0,25,-1,'0',0)
 ,(22,0,'0',1,0,NULL,NULL,NULL,NULL,'2011-06-24 22:52:16',NULL,NULL,1,15,'PARENT','/dashboard/files/search.php',0,NULL,0,0,0,21,0,25,-1,'0',0)
 ,(23,0,'0',1,0,NULL,NULL,NULL,NULL,'2011-06-24 22:52:16',NULL,NULL,1,15,'PARENT','/dashboard/files/attributes.php',0,NULL,0,0,1,21,0,25,-1,'0',0)
 ,(24,0,'0',1,0,NULL,NULL,NULL,NULL,'2011-06-24 22:52:16',NULL,NULL,1,15,'PARENT','/dashboard/files/sets.php',0,NULL,0,0,2,21,0,25,-1,'0',0)
 ,(25,0,'0',1,0,NULL,NULL,NULL,NULL,'2011-06-24 22:52:16',NULL,NULL,1,15,'PARENT','/dashboard/files/access.php',0,NULL,0,0,3,21,0,25,-1,'0',0)
 ,(26,0,'0',1,0,NULL,NULL,NULL,NULL,'2011-06-24 22:52:16',NULL,NULL,1,15,'PARENT','/dashboard/reports.php',0,NULL,0,3,2,15,0,25,-1,'0',0)
 ,(27,0,'0',1,0,NULL,NULL,NULL,NULL,'2011-06-24 22:52:16',NULL,NULL,1,15,'PARENT','/dashboard/reports/forms.php',0,NULL,0,0,0,26,0,25,-1,'0',0)
 ,(28,0,'0',1,0,NULL,NULL,NULL,NULL,'2011-06-24 22:52:16',NULL,NULL,1,15,'PARENT','/dashboard/reports/surveys.php',0,NULL,0,0,1,26,0,25,-1,'0',0)
 ,(29,0,'0',1,0,NULL,NULL,NULL,NULL,'2011-06-24 22:52:16',NULL,NULL,1,15,'PARENT','/dashboard/reports/logs.php',0,NULL,0,0,2,26,0,25,-1,'0',0)
 ,(30,0,'0',1,0,NULL,NULL,NULL,NULL,'2011-06-24 22:52:16',NULL,NULL,1,15,'PARENT','/dashboard/users/view.php',0,NULL,0,5,3,15,0,25,-1,'0',0)
 ,(31,0,'0',1,0,NULL,NULL,NULL,NULL,'2011-06-24 22:52:16',NULL,NULL,1,15,'PARENT','/dashboard/users/search.php',0,NULL,0,0,0,30,0,25,-1,'0',0)
 ,(32,0,'0',1,0,NULL,NULL,NULL,NULL,'2011-06-24 22:52:16',NULL,NULL,1,15,'PARENT','/dashboard/users/add.php',0,NULL,0,0,1,30,0,25,-1,'0',0)
 ,(33,0,'0',1,0,NULL,NULL,NULL,NULL,'2011-06-24 22:52:16',NULL,NULL,1,15,'PARENT','/dashboard/users/groups.php',0,NULL,0,0,2,30,0,25,-1,'0',0)
 ,(34,0,'0',1,0,NULL,NULL,NULL,NULL,'2011-06-24 22:52:16',NULL,NULL,1,15,'PARENT','/dashboard/users/attributes.php',0,NULL,0,0,3,30,0,25,-1,'0',0)
 ,(35,0,'0',1,0,NULL,NULL,NULL,NULL,'2011-06-24 22:52:16',NULL,NULL,1,15,'PARENT','/dashboard/users/registration.php',0,NULL,0,0,4,30,0,25,-1,'0',0)
 ,(36,0,'0',1,0,NULL,NULL,NULL,NULL,'2011-06-24 22:52:16',NULL,NULL,1,15,'PARENT','/dashboard/scrapbook/view.php',0,NULL,0,0,4,15,0,25,-1,'0',0)
 ,(37,0,'0',1,0,NULL,NULL,NULL,NULL,'2011-06-24 22:52:16',NULL,NULL,1,15,'PARENT','/dashboard/pages/view.php',0,NULL,0,4,5,15,0,25,-1,'0',0)
 ,(38,0,'0',1,0,NULL,NULL,NULL,NULL,'2011-06-24 22:52:16',NULL,NULL,1,15,'PARENT','/dashboard/pages/themes/view.php',0,NULL,0,4,0,37,0,25,-1,'0',0)
 ,(39,0,'0',1,0,NULL,NULL,NULL,NULL,'2011-06-24 22:52:16',NULL,NULL,1,15,'PARENT','/dashboard/pages/themes/add.php',0,NULL,0,0,0,38,0,25,-1,'0',0)
 ,(40,0,'0',1,0,NULL,NULL,NULL,NULL,'2011-06-24 22:52:16',NULL,NULL,1,15,'PARENT','/dashboard/pages/themes/inspect.php',0,NULL,0,0,1,38,0,25,-1,'0',0)
 ,(41,0,'0',1,0,NULL,NULL,NULL,NULL,'2011-06-24 22:52:16',NULL,NULL,1,15,'PARENT','/dashboard/pages/themes/customize.php',0,NULL,0,0,2,38,0,25,-1,'0',0)
 ,(42,0,'0',1,0,NULL,NULL,NULL,NULL,'2011-06-24 22:52:16',NULL,NULL,1,15,'PARENT','0',0,NULL,0,0,3,38,0,25,-1,'0',0)
 ,(43,0,'0',1,0,NULL,NULL,NULL,NULL,'2011-06-24 22:52:16',NULL,NULL,1,15,'PARENT','/dashboard/pages/types/view.php',0,NULL,0,0,1,37,0,25,-1,'0',0)
 ,(44,0,'0',1,0,NULL,NULL,NULL,NULL,'2011-06-24 22:52:16',NULL,NULL,1,15,'PARENT','/dashboard/pages/attributes.php',0,NULL,0,0,2,37,0,25,-1,'0',0)
 ,(45,0,'0',1,0,NULL,NULL,NULL,NULL,'2011-06-24 22:52:16',NULL,NULL,1,15,'PARENT','/dashboard/pages/single.php',0,NULL,0,0,3,37,0,25,-1,'0',0)
 ,(46,0,'0',1,0,NULL,NULL,NULL,NULL,'2011-06-24 22:52:16',NULL,NULL,1,15,'PARENT','/dashboard/install.php',0,NULL,0,0,6,15,0,25,-1,'0',0)
 ,(47,0,'0',1,0,NULL,NULL,NULL,NULL,'2011-06-24 22:52:16',NULL,NULL,1,15,'PARENT','/dashboard/system/view.php',0,NULL,0,4,7,15,0,25,-1,'0',0)
 ,(48,0,'0',1,0,NULL,NULL,NULL,NULL,'2011-06-24 22:52:16',NULL,NULL,1,15,'PARENT','/dashboard/system/jobs.php',0,NULL,0,0,0,47,0,25,-1,'0',0)
 ,(49,0,'0',1,0,NULL,NULL,NULL,NULL,'2011-06-24 22:52:16',NULL,NULL,1,15,'PARENT','/dashboard/system/backup.php',0,NULL,0,0,1,47,0,25,-1,'0',0)
 ,(50,0,'0',1,0,NULL,NULL,NULL,NULL,'2011-06-24 22:52:16',NULL,NULL,1,15,'PARENT','/dashboard/system/update.php',0,NULL,0,0,2,47,0,25,-1,'0',0)
 ,(51,0,'0',1,0,NULL,NULL,NULL,NULL,'2011-06-24 22:52:16',NULL,NULL,1,15,'PARENT','/dashboard/system/notifications.php',0,NULL,0,0,3,47,0,25,-1,'0',0)
 ,(52,0,'0',1,0,NULL,NULL,NULL,NULL,'2011-06-24 22:52:16',NULL,NULL,1,15,'PARENT','/dashboard/settings/view.php',0,NULL,0,2,8,15,0,25,-1,'0',0)
 ,(53,0,'0',1,0,NULL,NULL,NULL,NULL,'2011-06-24 22:52:16',NULL,NULL,1,15,'PARENT','/dashboard/settings/mail/view.php',0,NULL,0,0,0,52,0,25,-1,'0',0)
 ,(54,0,'0',1,0,NULL,NULL,NULL,NULL,'2011-06-24 22:52:16',NULL,NULL,1,15,'PARENT','/dashboard/settings/marketplace.php',0,NULL,0,0,1,52,0,25,-1,'0',0)
 ,(55,0,'0',1,0,NULL,NULL,NULL,NULL,'2011-06-24 22:52:16',NULL,NULL,1,1,'PARENT','/download_file.php',0,NULL,0,0,13,1,0,25,-1,'0',0)
 ,(64,2,'1',NULL,0,NULL,NULL,NULL,NULL,'2011-06-24 22:52:16',NULL,NULL,1,0,'PARENT',NULL,0,NULL,0,0,0,0,0,0,-1,'0',0)
 ,(65,3,'1',NULL,0,NULL,NULL,NULL,NULL,'2011-06-24 22:52:16',NULL,NULL,1,0,'PARENT',NULL,0,NULL,0,0,0,0,0,0,-1,'0',0)
 ,(66,4,'1',NULL,0,NULL,NULL,NULL,NULL,'2011-06-24 22:52:16',NULL,NULL,1,0,'PARENT',NULL,0,NULL,0,0,0,0,0,0,-1,'0',0)
 ,(85,4,'0',1,0,NULL,NULL,NULL,NULL,'0000-00-00 00:00:00',NULL,NULL,1,1,'PARENT',NULL,0,NULL,0,0,3,71,0,25,-1,'0',0)
 ,(82,4,'0',1,0,NULL,NULL,NULL,NULL,'0000-00-00 00:00:00',NULL,NULL,1,1,'PARENT',NULL,0,NULL,0,0,1,71,0,25,-1,'0',0)
 ,(75,1,'0',1,0,NULL,NULL,NULL,NULL,'0000-00-00 00:00:00',NULL,NULL,1,1,'PARENT',NULL,0,NULL,0,0,6,1,0,25,-1,'0',0)
 ,(71,1,'0',1,0,NULL,NULL,NULL,NULL,'2011-06-24 22:52:16',NULL,NULL,1,1,'PARENT',NULL,0,NULL,0,8,4,1,0,25,-1,'0',0)
 ,(83,4,'0',1,0,NULL,NULL,NULL,NULL,'0000-00-00 00:00:00',NULL,NULL,1,1,'PARENT',NULL,0,NULL,0,0,2,71,0,25,-1,'0',0)
 ,(74,0,'0',1,0,NULL,NULL,NULL,NULL,'2011-06-24 22:52:16',NULL,NULL,1,1,'PARENT','/members.php',0,NULL,0,0,8,1,0,25,-1,'0',0)
 ,(76,1,'0',1,0,NULL,NULL,NULL,NULL,'0000-00-00 00:00:00',NULL,NULL,1,1,'PARENT',NULL,0,NULL,0,0,10,1,0,25,-1,'0',0)
 ,(77,1,'0',1,0,NULL,NULL,NULL,NULL,'0000-00-00 00:00:00',NULL,NULL,1,1,'PARENT',NULL,0,NULL,0,0,1,1,0,25,-1,'0',0)
 ,(86,1,'0',1,0,NULL,NULL,NULL,NULL,'0000-00-00 00:00:00',NULL,NULL,1,1,'PARENT',NULL,0,NULL,0,3,2,1,0,25,-1,'0',0)
 ,(79,4,'0',1,0,NULL,NULL,NULL,NULL,'0000-00-00 00:00:00',NULL,NULL,1,1,'PARENT',NULL,0,NULL,0,0,0,71,0,25,-1,'0',0)
 ,(88,1,'0',1,0,NULL,NULL,'2011-07-11 20:21:25',NULL,'0000-00-00 00:00:00',NULL,NULL,1,1,'PARENT',NULL,0,NULL,0,0,2,86,0,25,-1,'0',0)
 ,(89,1,'0',1,0,NULL,NULL,NULL,NULL,'0000-00-00 00:00:00',NULL,NULL,1,1,'PARENT',NULL,0,NULL,0,0,1,86,0,25,-1,'0',0)
 ,(90,1,'0',1,0,NULL,NULL,NULL,NULL,'0000-00-00 00:00:00',NULL,NULL,1,1,'PARENT',NULL,0,NULL,0,0,0,86,0,25,-1,'0',0)
 ,(91,4,'0',1,0,NULL,NULL,NULL,NULL,'0000-00-00 00:00:00',NULL,NULL,1,1,'PARENT',NULL,0,NULL,0,0,4,71,0,25,-1,'0',0)
 ,(92,1,'0',1,0,NULL,NULL,NULL,NULL,'0000-00-00 00:00:00',NULL,NULL,1,1,'PARENT',NULL,0,NULL,0,0,5,99,0,25,-1,'0',0)
 ,(99,1,'0',1,0,NULL,NULL,NULL,NULL,'0000-00-00 00:00:00',NULL,NULL,1,1,'PARENT',NULL,0,NULL,0,1,14,1,0,25,-1,'0',0)
 ,(96,1,'0',1,0,NULL,NULL,NULL,NULL,'0000-00-00 00:00:00',NULL,NULL,1,1,'PARENT',NULL,0,NULL,0,2,3,1,0,25,-1,'0',0)
 ,(101,4,'0',1,0,NULL,NULL,NULL,NULL,'0000-00-00 00:00:00',NULL,NULL,1,1,'PARENT',NULL,0,NULL,0,0,5,71,0,25,-1,'0',0)
 ,(98,1,'0',1,0,NULL,NULL,NULL,NULL,'0000-00-00 00:00:00',NULL,NULL,1,1,'PARENT',NULL,0,NULL,0,0,0,96,0,25,-1,'0',0)
 ,(103,4,'0',1,0,NULL,NULL,NULL,NULL,'0000-00-00 00:00:00',NULL,NULL,1,1,'PARENT',NULL,0,NULL,0,0,6,71,0,25,-1,'0',0)
 ,(106,4,'0',1,0,NULL,NULL,NULL,NULL,'0000-00-00 00:00:00',NULL,NULL,1,1,'PARENT',NULL,0,NULL,0,0,7,71,0,25,-1,'0',0)
 ,(115,1,'0',1,0,NULL,NULL,NULL,NULL,'0000-00-00 00:00:00',NULL,NULL,1,1,'PARENT',NULL,0,NULL,0,0,1,96,0,25,-1,'0',0)
 ,(116,3,'0',1,0,NULL,NULL,NULL,NULL,'0000-00-00 00:00:00',NULL,NULL,1,1,'PARENT',NULL,0,NULL,0,0,15,1,0,28,-1,'0',0);

DROP TABLE IF EXISTS PileContents;

CREATE TABLE IF NOT EXISTS `PileContents` (
  `pcID` int(10) unsigned NOT NULL AUTO_INCREMENT,
  `pID` int(10) unsigned NOT NULL DEFAULT '0',
  `itemID` int(10) unsigned NOT NULL DEFAULT '0',
  `itemType` varchar(64) NOT NULL,
  `quantity` int(10) unsigned NOT NULL DEFAULT '1',
  `timestamp` timestamp NOT NULL DEFAULT CURRENT_TIMESTAMP ON UPDATE CURRENT_TIMESTAMP,
  `displayOrder` int(10) unsigned NOT NULL DEFAULT '0',
  PRIMARY KEY (`pcID`)
) ENGINE=MyISAM DEFAULT CHARSET=utf8;



DROP TABLE IF EXISTS Piles;

CREATE TABLE IF NOT EXISTS `Piles` (
  `pID` int(10) unsigned NOT NULL AUTO_INCREMENT,
  `uID` int(10) unsigned DEFAULT NULL,
  `isDefault` tinyint(1) NOT NULL DEFAULT '0',
  `timestamp` timestamp NOT NULL DEFAULT CURRENT_TIMESTAMP ON UPDATE CURRENT_TIMESTAMP,
  `name` varchar(255) DEFAULT NULL,
  `state` varchar(64) NOT NULL,
  PRIMARY KEY (`pID`)
) ENGINE=MyISAM AUTO_INCREMENT=2 DEFAULT CHARSET=utf8;

INSERT INTO Piles VALUES(1,1,1,'2011-06-25 09:43:34',NULL,'READY');

DROP TABLE IF EXISTS SignupRequests;

CREATE TABLE IF NOT EXISTS `SignupRequests` (
  `id` int(11) NOT NULL AUTO_INCREMENT,
  `ipFrom` int(10) unsigned NOT NULL DEFAULT '0',
  `date_access` timestamp NOT NULL DEFAULT CURRENT_TIMESTAMP ON UPDATE CURRENT_TIMESTAMP,
  PRIMARY KEY (`id`),
  KEY `index_ipFrom` (`ipFrom`)
) ENGINE=MyISAM DEFAULT CHARSET=utf8;



DROP TABLE IF EXISTS SystemNotifications;

CREATE TABLE IF NOT EXISTS `SystemNotifications` (
  `snID` int(10) unsigned NOT NULL AUTO_INCREMENT,
  `snTypeID` int(3) unsigned NOT NULL DEFAULT '0',
  `snURL` text,
  `snURL2` text,
  `snDateTime` datetime NOT NULL,
  `snIsArchived` int(1) NOT NULL DEFAULT '0',
  `snIsNew` int(1) NOT NULL DEFAULT '0',
  `snTitle` varchar(255) DEFAULT NULL,
  `snDescription` text,
  `snBody` text,
  PRIMARY KEY (`snID`)
) ENGINE=MyISAM AUTO_INCREMENT=34 DEFAULT CHARSET=utf8;

INSERT INTO SystemNotifications VALUES(1,10,'/concrete/index.php/dashboard/system/update/',NULL,'2011-06-25 06:36:00',0,0,'A new version of concrete5 is now available.','','\n<h2>5.4.1.1</h2>\n\n<h3>Feature Updates</h3>\n\n<ul>\n<li>Better file upload details box. Remove the blank metadata since some of that can be imported. Instead use the bulk metadata tools. Fix bulk metadata tools so that they do a better job showing multiple values.</li>\n<li>Add an \"install packages\" task permission and set it to the Administrators group.</li>\n</ul>\n\n<h3>Bug Fixes</h3>\n\n<ul>\n<li>Fix the task permissions so that administrators the group have access to them.</li>\n<li>Fix issue with upgrading from 5.3.3.1 to 5.4.1</li>\n<li>Made single pages uncacheable unless explicitly cached in the page properties.</li>\n<li>Fixing JavaScript error in TinyMCE with the image editor window</li>\n<li>Including cPath, cvName and atSelectOptionID in indexes on their tables</li>\n<li>Advanced permissions: Click permissions tab on the top of the page, close it, then click on the block, and you\'re unable to add users/groups</li>\n<li>Lack of \"default 0\" on ocID column in Files table was causing problems in Windows.</li>\n<li>Fixed bug when CollectionAttributeKey::getByID would return a valid attribute even if akID was NOT a collection attribute key</li>\n<li>Fixed bug in presentation of search block where multiple search blocks on a page would display search results on both.</li>\n<li>Fixed bug when uploading a file in IE resulting in a blank page.</li>\n<li>Fixed bug where user could not be updated in Internet Explorer</li>\n<li>Fixed bug where date nav \"under another page\" option didn\'t work.</li>\n<li>Fixed bug in select attribute when server didn\'t have the JSON extension installed (resulting in no page add or edit button being displayed at certain points.)</li>\n<li>Fixed javascript errors when working with select attribute types in IE</li>\n<li>Added EmulateIE8 to IE7 to get it to work better in the dashboard</li>\n<li>Improved file sets list view in IE7</li>\n<li>No longer installing broken marketplace themes page (that you couldn\'t navigate to using the menus but would show in the sitemap when clicking \"show system pages\")</li>\n<li>Better button display in non-default uses of TinyMCE</li>\n<li>Create blog_entry page type on upgrade</li>\n<li>When duplicating a file, make sure that the new file is the one that gets the metadata change if any metadata is tweaked</li>\n<li>http://www.concrete5.org/developers/bugs/5-4-1/edit-multiple-user-properties/#84118</li>\n<li>Search block\'s default simple search now can handle indexed attributes</li>\n<li>Adding a trailing slash on the end of a secondary URL will now correctly route to the original post</li>\n<li>Better unique ID generation when dealing with presets on design</li>\n</ul>\n\n\n')
 ,(2,11,'http://www.concrete5.org/about/blog/totally-random-web-show/totally-random-live-6-24/',NULL,'2011-06-24 14:02:00',0,0,'Totally Random Live 6/24','Weekly live news show about the concrete5 CMS','Weekly live news show about the concrete5 CMS')
 ,(3,11,'http://www.concrete5.org/about/blog/add-on-releases/add-on-approved-clevyr-nav/',NULL,'2011-06-23 17:10:00',0,0,'Add-on Approved: Clevyr Nav','<p>Easy Drag and Drop Concrete5 Navigation and Menu builder.</p><p><a href=\"http://www.concrete5.org/marketplace/addons/clevyr-nav/\">View this item in the marketplace.</a></p>','<p>Easy Drag and Drop Concrete5 Navigation and Menu builder.</p><p><a href=\"http://www.concrete5.org/marketplace/addons/clevyr-nav/\">View this item in the marketplace.</a></p>')
 ,(4,11,'http://www.concrete5.org/about/blog/add-on-releases/add-on-approved-extended-faq/',NULL,'2011-06-23 17:05:00',0,0,'Add-on Approved: Extended FAQ','<p>Simple FAQ block that doens\'t create a page for each entry. With accordion and list template.</p><p><a href=\"http://www.concrete5.org/marketplace/addons/extended-faq/\">View this item in the marketplace.</a></p>','<p>Simple FAQ block that doens\'t create a page for each entry. With accordion and list template.</p><p><a href=\"http://www.concrete5.org/marketplace/addons/extended-faq/\">View this item in the marketplace.</a></p>')
 ,(5,11,'http://www.concrete5.org/about/blog/add-on-releases/add-on-approved-gallerybox-social-image-sharing/',NULL,'2011-06-23 17:00:00',0,0,'Add-on Approved: GalleryBox Social Image Sharing','<p>GalleryBox adds Flickr-like functionality to your site. Users can upload images to their own galleries allowing others to comment and add notes.</p><p><a href=\"http://www.concrete5.org/marketplace/addons/gallerybox/\">View this item in the marketplace.</a></p>','<p>GalleryBox adds Flickr-like functionality to your site. Users can upload images to their own galleries allowing others to comment and add notes.</p><p><a href=\"http://www.concrete5.org/marketplace/addons/gallerybox/\">View this item in the marketplace.</a></p>')
 ,(6,11,'http://www.concrete5.org/about/blog/add-on-releases/add-on-approved-twitcasting-live-status/',NULL,'2011-06-23 16:54:32',0,0,'Add-on Approved: Twitcasting Live Status','<p>It displays online/offline status of your desired Twitcasting channel to tell your site visitor to attract to view your live cast.</p><p><a href=\"http://www.concrete5.org/marketplace/addons/twitcasting-live-status/\">View this item in the marketplace.</a></p>','<p>It displays online/offline status of your desired Twitcasting channel to tell your site visitor to attract to view your live cast.</p><p><a href=\"http://www.concrete5.org/marketplace/addons/twitcasting-live-status/\">View this item in the marketplace.</a></p>')
 ,(7,20,'/index.php/dashboard/install/update/','http://www.concrete5.org/marketplace/themes/solutions/','2011-06-28 13:09:57',0,0,'An updated version of Solutions is available.','New Version: 2.0.','')
 ,(8,20,'/index.php/dashboard/install/update/','http://www.concrete5.org/marketplace/themes/rigid-light/','2011-06-28 13:09:57',0,0,'An updated version of Rigid - Light is available.','New Version: 1.01.','')
 ,(9,11,'http://www.concrete5.org/about/blog/core-roadmap/internationalization-plans/',NULL,'2011-07-07 14:29:00',0,0,'Internationalization Plans','Some thoughts on how to run a multi-lingual site in the future with concrete5.','Some thoughts on how to run a multi-lingual site in the future with concrete5.')
 ,(10,11,'http://www.concrete5.org/about/blog/open-source-and-strategy/announcing-community-elections/',NULL,'2011-07-06 11:35:00',0,0,'Announcing community elections!','As concrete5 continues to grow, our organization and roles are changing. When we started, it was just a couple of guys in their basement and a half a dozen sites using the software. Today there are 65,161 users on concrete5.org. More than 130,000 unique sites that have hit our servers for update information. 65,448 sites have connected to concrete5.org and made project pages.','As concrete5 continues to grow, our organization and roles are changing. When we started, it was just a couple of guys in their basement and a half a dozen sites using the software. Today there are 65,161 users on concrete5.org. More than 130,000 unique sites that have hit our servers for update information. 65,448 sites have connected to concrete5.org and made project pages.')
 ,(11,11,'http://www.concrete5.org/about/blog/add-on-releases/add-on-approved-youtube-channel/',NULL,'2011-07-08 00:43:37',0,0,'Add-on Approved: YouTube Channel','<p>AJAX video player for multiple videos from a YouTube channel.</p><p><a href=\"http://www.concrete5.org/marketplace/addons/youtube-channel/\">View this item in the marketplace.</a></p>','<p>AJAX video player for multiple videos from a YouTube channel.</p><p><a href=\"http://www.concrete5.org/marketplace/addons/youtube-channel/\">View this item in the marketplace.</a></p>')
 ,(12,11,'http://www.concrete5.org/about/blog/add-on-releases/add-on-approved-forms-with-paypal-payment/',NULL,'2011-07-08 00:36:39',0,0,'Add-on Approved: Forms With PayPal Payment','<p>Build custom forms and surveys with PayPal/Credit Card integration. Excellent for registration forms or any form that requires payment.</p><p><a href=\"http://www.concrete5.org/marketplace/addons/forms-with-paypal-payment/\">View this item in the marketplace.</a></p>','<p>Build custom forms and surveys with PayPal/Credit Card integration. Excellent for registration forms or any form that requires payment.</p><p><a href=\"http://www.concrete5.org/marketplace/addons/forms-with-paypal-payment/\">View this item in the marketplace.</a></p>')
 ,(13,11,'http://www.concrete5.org/about/blog/add-on-releases/add-on-approved-scrollbar/',NULL,'2011-07-08 00:34:20',0,0,'Add-on Approved: Scrollbar','<p>Add a scrollable area of content with just a few clicks.</p><p><a href=\"http://www.concrete5.org/marketplace/addons/scrollbar/\">View this item in the marketplace.</a></p>','<p>Add a scrollable area of content with just a few clicks.</p><p><a href=\"http://www.concrete5.org/marketplace/addons/scrollbar/\">View this item in the marketplace.</a></p>')
 ,(14,11,'http://www.concrete5.org/about/blog/add-on-releases/add-on-approved-mega-menu/',NULL,'2011-07-07 18:29:21',0,0,'Add-on Approved: Mega Menu','<p>Animated drop-down menu with multiple tiers plus site search & login integration.</p><p><a href=\"http://www.concrete5.org/marketplace/addons/mega-menu/\">View this item in the marketplace.</a></p>','<p>Animated drop-down menu with multiple tiers plus site search & login integration.</p><p><a href=\"http://www.concrete5.org/marketplace/addons/mega-menu/\">View this item in the marketplace.</a></p>')
 ,(15,11,'http://www.concrete5.org/about/blog/add-on-releases/add-on-approved-dojo-folio-slider/',NULL,'2011-07-07 17:47:50',0,0,'Add-on Approved: Dojo Folio Slider','<p>Sliding image boxes with captions - great for folios!</p><p><a href=\"http://www.concrete5.org/marketplace/addons/dojo-folio-slider/\">View this item in the marketplace.</a></p>','<p>Sliding image boxes with captions - great for folios!</p><p><a href=\"http://www.concrete5.org/marketplace/addons/dojo-folio-slider/\">View this item in the marketplace.</a></p>')
 ,(16,20,'/index.php/dashboard/install/update/','http://www.concrete5.org/marketplace/addons/google-docs-viewer/','2011-07-13 23:56:28',0,0,'An updated version of Google Docs Viewer is available.','New Version: 1.1.','')
 ,(17,11,'http://www.concrete5.org/about/blog/core-roadmap/captcha-and-antispam/',NULL,'2011-07-18 14:54:00',0,0,'Anti-Spam Supports and Captcha Library Improvements','Versions of concrete5 feature rudimentary anti-spam tools, including an IP ban-list and captcha support, but no unified settings page for managing these items. Furthermore, there is no support for any captcha besides the SecureImage library, which is a bit long in the tooth (and somewhat ineffective), nor is there any support for a third party anti-spam service like Typepad Anti-Spam or Akismet. We would like to change this.','Versions of concrete5 feature rudimentary anti-spam tools, including an IP ban-list and captcha support, but no unified settings page for managing these items. Furthermore, there is no support for any captcha besides the SecureImage library, which is a bit long in the tooth (and somewhat ineffective), nor is there any support for a third party anti-spam service like Typepad Anti-Spam or Akismet. We would like to change this.')
 ,(18,11,'http://www.concrete5.org/about/blog/core-roadmap/authentication-framework/',NULL,'2011-07-18 14:35:00',0,0,'Authentication Framework','While concrete5 can support multiple authentication methods, and has built-in support for OpenID (in addition to the core concrete5 authentication method), theres no framework for building these authentication methods, making their settings available to administrators in the dashboard, grouping them on a login page or managing which authentication methods are available or how they are displayed. The Authentication Framework will change that, and we need help building it.','While concrete5 can support multiple authentication methods, and has built-in support for OpenID (in addition to the core concrete5 authentication method), theres no framework for building these authentication methods, making their settings available to administrators in the dashboard, grouping them on a login page or managing which authentication methods are available or how they are displayed. The Authentication Framework will change that, and we need help building it.')
 ,(19,11,'http://www.concrete5.org/about/blog/theme-releases/theme-approved-mosaic-church-theme/',NULL,'2011-07-19 17:43:38',0,0,'Theme Approved: Mosaic Church Theme','<p>A sweet grunge-like church theme. All proceeds are donated.</p><p><a href=\"http://www.concrete5.org/marketplace/themes/mosaic/\">View this item in the marketplace.</a></p>','<p>A sweet grunge-like church theme. All proceeds are donated.</p><p><a href=\"http://www.concrete5.org/marketplace/themes/mosaic/\">View this item in the marketplace.</a></p>')
 ,(20,11,'http://www.concrete5.org/about/blog/theme-releases/theme-approved-archer-theme/',NULL,'2011-07-19 17:26:46',0,0,'Theme Approved: Archer Theme','<p>A sweet new C5 theme with THREE color variants</p><p><a href=\"http://www.concrete5.org/marketplace/themes/archer-theme/\">View this item in the marketplace.</a></p>','<p>A sweet new C5 theme with THREE color variants</p><p><a href=\"http://www.concrete5.org/marketplace/themes/archer-theme/\">View this item in the marketplace.</a></p>')
 ,(21,20,'/index.php/dashboard/install/update/','http://www.concrete5.org/marketplace/themes/zenlike/','2011-07-27 22:31:30',0,0,'An updated version of ZenLike is available.','New Version: 1.03.','')
 ,(22,11,'http://www.concrete5.org/about/blog/add-on-releases/add-on-approved-transparent-email-obfuscation/',NULL,'2011-07-25 12:01:24',0,0,'Add-on Approved: Transparent Email Obfuscation','<p>Transparently obfuscates all email addresses in content blocks to protect them from spam harvesters</p><p><a href=\"http://www.concrete5.org/marketplace/addons/transparent-email-obfuscation/\">View this item in the marketplace.</a></p>','<p>Transparently obfuscates all email addresses in content blocks to protect them from spam harvesters</p><p><a href=\"http://www.concrete5.org/marketplace/addons/transparent-email-obfuscation/\">View this item in the marketplace.</a></p>')
 ,(23,11,'http://www.concrete5.org/about/blog/add-on-releases/add-on-approved-eantics-uk-google-map-plus-directions/',NULL,'2011-07-25 11:55:46',0,0,'Add-on Approved: Eantics UK Google Map Plus Directions','<p>UK Google map implementation, with directions from any UK postcode, all within your Concrete5 powered website.</p><p><a href=\"http://www.concrete5.org/marketplace/addons/eantics-uk-google-map-plus-directions/\">View this item in the marketplace.</a></p>','<p>UK Google map implementation, with directions from any UK postcode, all within your Concrete5 powered website.</p><p><a href=\"http://www.concrete5.org/marketplace/addons/eantics-uk-google-map-plus-directions/\">View this item in the marketplace.</a></p>')
 ,(24,11,'http://www.concrete5.org/about/blog/add-on-releases/add-on-approved-registrant-group/',NULL,'2011-07-25 11:52:27',0,0,'Add-on Approved: Registrant Group','<p>Adds users to a chosen group upon registration.</p><p><a href=\"http://www.concrete5.org/marketplace/addons/registrant-group/\">View this item in the marketplace.</a></p>','<p>Adds users to a chosen group upon registration.</p><p><a href=\"http://www.concrete5.org/marketplace/addons/registrant-group/\">View this item in the marketplace.</a></p>')
 ,(25,11,'http://www.concrete5.org/about/blog/add-on-releases/add-on-approved-clevyr-tweets/',NULL,'2011-07-25 11:48:32',0,1,'Add-on Approved: Clevyr Tweets','<p>A customizable Twitter stream integration add-on for your Concrete5 website.</p><p><a href=\"http://www.concrete5.org/marketplace/addons/clevyr-tweets/\">View this item in the marketplace.</a></p>','<p>A customizable Twitter stream integration add-on for your Concrete5 website.</p><p><a href=\"http://www.concrete5.org/marketplace/addons/clevyr-tweets/\">View this item in the marketplace.</a></p>')
 ,(26,11,'http://www.concrete5.org/about/blog/theme-releases/theme-approved-interactive-black/',NULL,'2011-07-25 11:36:20',0,1,'Theme Approved: Interactive Black','<p>Clean, dark, professional style with interactive background canvas + 2 add-ons (valued at $30).</p><p><a href=\"http://www.concrete5.org/marketplace/themes/interactive-black/\">View this item in the marketplace.</a></p>','<p>Clean, dark, professional style with interactive background canvas + 2 add-ons (valued at $30).</p><p><a href=\"http://www.concrete5.org/marketplace/themes/interactive-black/\">View this item in the marketplace.</a></p>')
 ,(27,11,'http://www.concrete5.org/about/blog/totally-random-web-show/chat-with-the-core-team-friday/',NULL,'2011-07-28 13:57:00',0,0,'Chat with the core team Friday','We\'re back this friday the 29th with our live video Q&A show.','We\'re back this friday the 29th with our live video Q&A show.')
 ,(28,10,'/index.php/dashboard/system/update/',NULL,'2011-08-10 08:48:19',0,0,'A new version of concrete5 is now available.','','\n<h2>5.4.2</h2>\n\n\n<h3>New Features</h3>\n\n<ul>\n<li>Composer Beta, a single page editing interface for publishing content. Ideal for blogs, the concrete5 way.</li>\n<li>Multilingual Improvements, including added GUI for setting default language for site, user-specific interface translation, settable on login. Low level support for free multilingual add-on for running multilingual sites</li>\n<li>Form block contains new HTML5 field types (thanks 12345j)</li>\n</ul>\n\n<h3>Bug Fixes &amp; Security Improvements</h3>\n\n<ul>\n<li>Fixed common bug displaying a message that sitemap couldn\'t be loaded on certain systems</li>\n<li>Fixed bug where Google Map and certain other blocks would display edit mode views when in display mode.</li>\n<li>Fixed bug where form couldn\'t be emailed to multiple people.</li>\n<li>Fixed bug with sites that contain apostrophes not installing correctly (Thanks Mnkras)</li>\n<li>Fixing bug on editing a block in the scrapbook after rename (http://www.concrete5.org/developers/bugs/5-4-1-1/edit-scrapbook-after-rename/)</li>\n<li>Fixes for PHP 5.3 deprecation compatibility.</li>\n<li>Fixed bug with \"exclude from search index\" not working (http://www.concrete5.org/developers/bugs/5-4-1-1/exclude-from-search-index-attribute-has-no-effect/)</li>\n<li>Important auto-updated related security updates. Please install this update</li>\n<li>More reliable off-site browsing of themes and add-ons in certain server environment (specifically Windows)</li>\n<li>Fixed bug in theme customization where quotes caused problems with regular expressions (Thanks andrewpietsch) - http://www.concrete5.org/index.php?cID=141120</li>\n<li>PHP 5.2 ziparchive bug fix (http://www.concrete5.org/developers/bugs/5-4-1-1/upgrade-failed-because-of-a-php-5-2-bug/)</li>\n<li>\"Setup on Child Pages\" showing the wrong name (http://www.concrete5.org/developers/bugs/5-4-1-1/problem-with-andquotsetup-on-child-pagesandquot/)</li>\n<li>Editing an approved block with a custom style rule should no longer disable the style until page reloads. Instead the style should display as proper</li>\n<li>Fixed http://www.concrete5.org/developers/bugs/5-4-1-1/startupconfig_check-php-redundant-if/</li>\n<li>Fixed bug with layout presets not being saved when changed (thanks aharp)</li>\n<li>Fixed layout bug where multiple presets on a page used the same CSS ID</li>\n<li>Fixed global scrapbook bug where entries could not be edited twice without reloading page.</li>\n<li>Fixed global scrapbook bug where caching and editing certain blocks could make global blocks appear out of date.</li>\n<li>Fixed http://www.concrete5.org/developers/bugs/5-4-1-1/andquotlayoutandquot-naming-issue/</li>\n<li>Fixed XSS vulnerability in login page</li>\n<li>Added CSRF protection to scrapbook to fix XSS bugs</li>\n<li>Fixed bug where changing case of areas would cause blocks within them to disappear.</li>\n<li>Layout bug fix: layouts that couldn\'t be moved unless the page had been edited once are now movable.</li>\n<li>Fixed bug where remote file uploading (with URLs) would fail silently if iconv was not installed.</li>\n<li>Fixed bug where email address wasn\'t included in the list of users if the selectMultipleUsers function in the UserSelector form helper was used.</li>\n<li>Fixed http://www.concrete5.org/developers/bugs/5-4-1-1/ui-andgtdelete-error-message/</li>\n<li>Fixed http://www.concrete5.org/developers/bugs/5-4-1-1/the-andquotdownload-fileandquot-page-not-w3c-valid/</li>\n<li>Fixed http://www.concrete5.org/developers/bugs/5-4-1-1/typo-in-dashboard-andgt-sitemap-andgt-access-page/</li>\n<li>Fixed http://www.concrete5.org/developers/bugs/5-4-1-1/wrong-sql-query-causes-error-while-creating-backup/</li>\n<li>Fixed http://www.concrete5.org/developers/bugs/5-4-1-1/andquotrcidandquot-cross-site-scripting-issue/</li>\n<li>Fixed http://www.concrete5.org/developers/bugs/5-4-1-1/image-block-error-message-division-by-zero/ </li>\n<li>Fixed bug where pages couldn\'t be named *view.php</li>\n<li>Fixed bug in autonav where Breadcrumbs do not show all pages</li>\n<li>Fixed bug in autonav where home page is always selected by nav-path-selected</li>\n<li>added a title and alt attribute to page list rss icon</li>\n<li>Fixed ordering bug in form block questions</li>\n<li>Fixed bugs in the sample content (thanks Mnkras)</li>\n<li>Fixed bugs with certain strings not translated</li>\n<li>added width/height in attributes when installing without sample content</li>\n<li>getting rid of validation token message when editing file sets on multiple pages of file set results</li>\n<li>Form export to excel no longer has incorrect file URLs when a site isn\'t in a root level directory.</li>\n<li>Insert link to page when paginating through sitemap no longer dies.</li>\n<li>Cache Local no longer fails to delete if cache is disabled</li>\n</ul>\n\n<h3>Updates to Core Components</h3>\n\n<ul>\n<li>Includes TinyMCE 3.3.9.3</li>\n<li>Now including jQuery 1.6.2 and jQuery UI 1.8.14</li>\n<li>jQuery Form plugin updated to 2.82</li>\n<li>Includes new version of secureimage, with certain vulnerable components removed</li>\n<li>Zend Framework components updated  </li>\n<li>Returned default database collation to UTF-8</li>\n<li>Fixed bug where blocks couldn\'t be reordered in IE9 (due to old jQuery UI)</li>\n</ul>\n\n<h3>Behavioral Improvements</h3>\n\n<ul>\n<li>Added ability to specify whether to maintain old path when moving page</li>\n<li>New \"Delete Users\" task permissions lets you specify who can delete users on your site (thanks Mnkras)</li>\n<li>Better defaults and global block handling. More indications of when blocks are actually added via page defaults, and when editing them will disconnect them from page defaults. Better page defaults editing experience. (Thanks Jordan)</li>\n<li>Image helper can now automatically crop images to exact width and height intelligently (thanks jordanlev and Kirk Roberts)</li>\n<li>Moved guestbook css from inline to another file</li>\n<li>Added view.css for survey block</li>\n<li>Added en_GB localization to date picker</li>\n<li>For increased security, a new session ID is created prior to logging in.</li>\n<li>Video block now accepts video formats only when choosing files.</li>\n<li>page list template now honors \"Open External Link in New Window\" flag </li>\n</ul>\n\n<h3>Developer Updates</h3>\n\n<ul>\n<li>Interface helper for adding buttons to the left and right toolbar on the front-end of a concrete5 site.</li>\n<li>Made it so that controllers can be called with pages that have hyphens in them ? (e.g. /my-page will map to MyPageController)</li>\n<li>New events, including on_group_update, on_group_add, on_page_get_icon on_page_output (thanks Mnkras)</li>\n<li>Additional W3C compatibility improvements</li>\n<li>Added new HTML5 form field function calls to the form helper</li>\n<li>SelectAttributeTypeOption::getByValue() now can take a second parameter of AttributeKey, which limits to that particular attribute.</li>\n</ul>\n\n\n')
 ,(29,11,'http://www.concrete5.org/about/blog/core-roadmap/need-some-help-on-this-wordpress-importer/',NULL,'2011-08-06 09:18:00',0,0,'Need some help on this Wordpress Importer','It\'s been around for ever and it\'s just about done, but we could really use some developers to help us get this over the finish line..','It\'s been around for ever and it\'s just about done, but we could really use some developers to help us get this over the finish line..')
 ,(30,11,'http://www.concrete5.org/about/blog/concrete5-sightings/shirts-stickers-screwdrivers-get-your-concrete5-merch/',NULL,'2011-08-05 13:27:00',0,0,'Shirts, Stickers, Screwdrivers - get your concrete5 merch!','Help spread the word and look AWESOME with these T-Shirts...','Help spread the word and look AWESOME with these T-Shirts...')
 ,(31,11,'http://www.concrete5.org/about/blog/add-on-releases/add-on-approved-composer-blog/',NULL,'2011-08-04 16:59:51',0,0,'Add-on Approved: Composer Blog','<p>quick, simple, easy to user composer blog tool</p><p><a href=\"http://www.concrete5.org/marketplace/addons/composer-blog/\">View this item in the marketplace.</a></p>','<p>quick, simple, easy to user composer blog tool</p><p><a href=\"http://www.concrete5.org/marketplace/addons/composer-blog/\">View this item in the marketplace.</a></p>')
 ,(32,11,'http://www.concrete5.org/about/blog/add-on-releases/add-on-approved-pug-gallery-and-popup-utility/',NULL,'2011-08-04 16:40:34',0,1,'Add-on Approved: PUG+ Gallery and PopUp Utility','<p>PUG+ is a Fancybox implementation for Concrete5.  Completely configurable with seven display modes to PopUp almost anything</p><p><a href=\"http://www.concrete5.org/marketplace/addons/pug-gallery-and-popup-utility/\">View this item in the marketplace.</a></p>','<p>PUG+ is a Fancybox implementation for Concrete5.  Completely configurable with seven display modes to PopUp almost anything</p><p><a href=\"http://www.concrete5.org/marketplace/addons/pug-gallery-and-popup-utility/\">View this item in the marketplace.</a></p>')
 ,(33,11,'http://www.concrete5.org/about/blog/add-on-releases/add-on-approved-seo-manager/',NULL,'2011-08-04 16:38:24',0,1,'Add-on Approved: SEO Manager','<p>Allows the site owner to easily manage the sites seo.</p><p><a href=\"http://www.concrete5.org/marketplace/addons/seo-manager/\">View this item in the marketplace.</a></p>','<p>Allows the site owner to easily manage the sites seo.</p><p><a href=\"http://www.concrete5.org/marketplace/addons/seo-manager/\">View this item in the marketplace.</a></p>');

DROP TABLE IF EXISTS TaskPermissionUserGroups;

CREATE TABLE IF NOT EXISTS `TaskPermissionUserGroups` (
  `tpID` int(10) unsigned NOT NULL DEFAULT '0',
  `gID` int(10) unsigned NOT NULL DEFAULT '0',
  `uID` int(10) unsigned NOT NULL DEFAULT '0',
  `canRead` int(1) NOT NULL DEFAULT '0',
  PRIMARY KEY (`tpID`,`gID`,`uID`)
) ENGINE=MyISAM DEFAULT CHARSET=utf8;

INSERT INTO TaskPermissionUserGroups VALUES(9,3,0,1);

DROP TABLE IF EXISTS TaskPermissions;

CREATE TABLE IF NOT EXISTS `TaskPermissions` (
  `tpID` int(10) unsigned NOT NULL AUTO_INCREMENT,
  `tpHandle` varchar(255) DEFAULT NULL,
  `tpName` varchar(255) DEFAULT NULL,
  `tpDescription` text,
  `pkgID` int(10) unsigned NOT NULL DEFAULT '0',
  PRIMARY KEY (`tpID`),
  UNIQUE KEY `tpHandle` (`tpHandle`)
) ENGINE=MyISAM AUTO_INCREMENT=10 DEFAULT CHARSET=utf8;

INSERT INTO TaskPermissions VALUES(1,'access_task_permissions','Change Task Permissions','',0)
 ,(2,'access_sitemap','Access Sitemap and Page Search','',0)
 ,(3,'access_user_search','Access User Search','',0)
 ,(4,'access_group_search','Access Group Search','',0)
 ,(5,'access_page_defaults','Change Content on Page Type Default Pages','',0)
 ,(6,'backup','Perform Full Database Backups','',0)
 ,(7,'sudo','Sign in as User','',0)
 ,(8,'uninstall_packages','Uninstall Packages','',0)
 ,(9,'install_packages','Install Packages and Connect to the Marketplace','',0);

DROP TABLE IF EXISTS UserAttributeKeys;

CREATE TABLE IF NOT EXISTS `UserAttributeKeys` (
  `akID` int(10) unsigned NOT NULL,
  `uakProfileDisplay` tinyint(1) NOT NULL DEFAULT '0',
  `uakMemberListDisplay` tinyint(1) NOT NULL DEFAULT '0',
  `uakProfileEdit` tinyint(1) NOT NULL DEFAULT '1',
  `uakProfileEditRequired` tinyint(1) NOT NULL DEFAULT '0',
  `uakRegisterEdit` tinyint(1) NOT NULL DEFAULT '0',
  `uakRegisterEditRequired` tinyint(1) NOT NULL DEFAULT '0',
  `displayOrder` int(10) unsigned DEFAULT '0',
  `uakIsActive` tinyint(1) NOT NULL DEFAULT '1',
  PRIMARY KEY (`akID`)
) ENGINE=MyISAM DEFAULT CHARSET=utf8;



DROP TABLE IF EXISTS UserAttributeValues;

CREATE TABLE IF NOT EXISTS `UserAttributeValues` (
  `uID` int(10) unsigned NOT NULL DEFAULT '0',
  `akID` int(10) unsigned NOT NULL DEFAULT '0',
  `avID` int(10) unsigned NOT NULL DEFAULT '0',
  PRIMARY KEY (`uID`,`akID`,`avID`)
) ENGINE=MyISAM DEFAULT CHARSET=utf8;



DROP TABLE IF EXISTS UserBannedIPs;

CREATE TABLE IF NOT EXISTS `UserBannedIPs` (
  `ipFrom` int(10) unsigned NOT NULL DEFAULT '0',
  `ipTo` int(10) unsigned NOT NULL DEFAULT '0',
  `banCode` int(1) unsigned NOT NULL DEFAULT '1',
  `expires` int(10) unsigned NOT NULL DEFAULT '0',
  `isManual` int(1) NOT NULL DEFAULT '0',
  PRIMARY KEY (`ipFrom`,`ipTo`),
  KEY `ipFrom` (`ipFrom`),
  KEY `ipTo` (`ipTo`)
) ENGINE=MyISAM DEFAULT CHARSET=utf8;



DROP TABLE IF EXISTS UserGroups;

CREATE TABLE IF NOT EXISTS `UserGroups` (
  `uID` int(10) unsigned NOT NULL DEFAULT '0',
  `gID` int(10) unsigned NOT NULL DEFAULT '0',
  `ugEntered` datetime NOT NULL DEFAULT '0000-00-00 00:00:00',
  `type` varchar(64) DEFAULT NULL,
  PRIMARY KEY (`uID`,`gID`),
  KEY `uID` (`uID`),
  KEY `gID` (`gID`)
) ENGINE=MyISAM DEFAULT CHARSET=utf8;



DROP TABLE IF EXISTS UserOpenIDs;

CREATE TABLE IF NOT EXISTS `UserOpenIDs` (
  `uID` int(10) unsigned NOT NULL,
  `uOpenID` varchar(255) NOT NULL,
  PRIMARY KEY (`uOpenID`),
  KEY `uID` (`uID`)
) ENGINE=MyISAM DEFAULT CHARSET=utf8;



DROP TABLE IF EXISTS UserPrivateMessages;

CREATE TABLE IF NOT EXISTS `UserPrivateMessages` (
  `msgID` int(10) unsigned NOT NULL AUTO_INCREMENT,
  `uAuthorID` int(10) unsigned NOT NULL DEFAULT '0',
  `msgDateCreated` datetime NOT NULL,
  `msgSubject` varchar(255) NOT NULL,
  `msgBody` text,
  `uToID` int(10) unsigned NOT NULL DEFAULT '0',
  PRIMARY KEY (`msgID`)
) ENGINE=MyISAM DEFAULT CHARSET=utf8;



DROP TABLE IF EXISTS UserPrivateMessagesTo;

CREATE TABLE IF NOT EXISTS `UserPrivateMessagesTo` (
  `msgID` int(10) unsigned NOT NULL DEFAULT '0',
  `uID` int(10) unsigned NOT NULL DEFAULT '0',
  `uAuthorID` int(10) unsigned NOT NULL DEFAULT '0',
  `msgMailboxID` int(11) NOT NULL,
  `msgIsNew` int(1) NOT NULL DEFAULT '0',
  `msgIsUnread` int(1) NOT NULL DEFAULT '0',
  `msgIsReplied` int(1) NOT NULL DEFAULT '0',
  PRIMARY KEY (`msgID`,`uID`,`uAuthorID`),
  KEY `uID` (`uID`),
  KEY `uAuthorID` (`uAuthorID`),
  KEY `msgFolderID` (`msgMailboxID`),
  KEY `msgIsNew` (`msgIsNew`)
) ENGINE=MyISAM DEFAULT CHARSET=utf8;



DROP TABLE IF EXISTS UserSearchIndexAttributes;

CREATE TABLE IF NOT EXISTS `UserSearchIndexAttributes` (
  `uID` int(11) unsigned NOT NULL DEFAULT '0',
  PRIMARY KEY (`uID`)
) ENGINE=MyISAM DEFAULT CHARSET=utf8;



DROP TABLE IF EXISTS UserValidationHashes;

CREATE TABLE IF NOT EXISTS `UserValidationHashes` (
  `uvhID` int(10) unsigned NOT NULL AUTO_INCREMENT,
  `uID` int(10) unsigned DEFAULT NULL,
  `uHash` varchar(64) NOT NULL,
  `type` int(4) unsigned NOT NULL DEFAULT '0',
  `uDateGenerated` int(10) unsigned NOT NULL DEFAULT '0',
  `uDateRedeemed` int(10) unsigned NOT NULL DEFAULT '0',
  PRIMARY KEY (`uvhID`)
) ENGINE=MyISAM DEFAULT CHARSET=utf8;



DROP TABLE IF EXISTS Users;

CREATE TABLE IF NOT EXISTS `Users` (
  `uID` int(10) unsigned NOT NULL AUTO_INCREMENT,
  `uName` varchar(64) NOT NULL,
  `uEmail` varchar(64) NOT NULL,
  `uPassword` varchar(255) NOT NULL,
  `uIsActive` varchar(1) NOT NULL DEFAULT '0',
  `uIsValidated` tinyint(4) NOT NULL DEFAULT '-1',
  `uIsFullRecord` tinyint(1) NOT NULL DEFAULT '1',
  `uDateAdded` datetime NOT NULL DEFAULT '0000-00-00 00:00:00',
  `uHasAvatar` tinyint(1) NOT NULL DEFAULT '0',
  `uLastOnline` int(10) unsigned NOT NULL DEFAULT '0',
  `uLastLogin` int(10) unsigned NOT NULL DEFAULT '0',
  `uPreviousLogin` int(10) unsigned NOT NULL DEFAULT '0',
  `uNumLogins` int(10) unsigned NOT NULL DEFAULT '0',
  `uTimezone` varchar(255) DEFAULT NULL,
  PRIMARY KEY (`uID`),
  UNIQUE KEY `uName` (`uName`)
) ENGINE=MyISAM AUTO_INCREMENT=2 DEFAULT CHARSET=utf8;

INSERT INTO Users VALUES(1,'admin','jostmey@gmail.com','512d2d4294c987db5492a5a5175fb2b5','1',-1,1,'2011-06-24 22:52:18',0,1313011776,1313011776,1313011158,174,NULL);

DROP TABLE IF EXISTS UsersFriends;

CREATE TABLE IF NOT EXISTS `UsersFriends` (
  `ufID` int(10) unsigned NOT NULL AUTO_INCREMENT,
  `uID` int(10) unsigned DEFAULT NULL,
  `status` varchar(64) NOT NULL,
  `friendUID` int(10) unsigned DEFAULT NULL,
  `uDateAdded` datetime NOT NULL DEFAULT '0000-00-00 00:00:00',
  PRIMARY KEY (`ufID`)
) ENGINE=MyISAM DEFAULT CHARSET=utf8;



DROP TABLE IF EXISTS atAddress;

CREATE TABLE IF NOT EXISTS `atAddress` (
  `avID` int(10) unsigned NOT NULL DEFAULT '0',
  `address1` varchar(255) DEFAULT NULL,
  `address2` varchar(255) DEFAULT NULL,
  `city` varchar(255) DEFAULT NULL,
  `state_province` varchar(255) DEFAULT NULL,
  `country` varchar(4) DEFAULT NULL,
  `postal_code` varchar(32) DEFAULT NULL,
  PRIMARY KEY (`avID`)
) ENGINE=MyISAM DEFAULT CHARSET=utf8;



DROP TABLE IF EXISTS atAddressCustomCountries;

CREATE TABLE IF NOT EXISTS `atAddressCustomCountries` (
  `atAddressCustomCountryID` int(10) unsigned NOT NULL AUTO_INCREMENT,
  `akID` int(10) unsigned NOT NULL DEFAULT '0',
  `country` varchar(5) NOT NULL,
  PRIMARY KEY (`atAddressCustomCountryID`)
) ENGINE=MyISAM DEFAULT CHARSET=utf8;



DROP TABLE IF EXISTS atAddressSettings;

CREATE TABLE IF NOT EXISTS `atAddressSettings` (
  `akID` int(10) unsigned NOT NULL DEFAULT '0',
  `akHasCustomCountries` int(1) NOT NULL DEFAULT '0',
  `akDefaultCountry` varchar(12) DEFAULT NULL,
  PRIMARY KEY (`akID`)
) ENGINE=MyISAM DEFAULT CHARSET=utf8;



DROP TABLE IF EXISTS atBoolean;

CREATE TABLE IF NOT EXISTS `atBoolean` (
  `avID` int(10) unsigned NOT NULL,
  `value` tinyint(1) NOT NULL DEFAULT '0',
  PRIMARY KEY (`avID`)
) ENGINE=MyISAM DEFAULT CHARSET=utf8;

INSERT INTO atBoolean VALUES(61,0)
 ,(129,0)
 ,(133,0)
 ,(49,0)
 ,(53,0)
 ,(35,0)
 ,(73,0)
 ,(77,0)
 ,(81,0)
 ,(85,0)
 ,(89,0)
 ,(99,0)
 ,(103,0)
 ,(107,0)
 ,(111,0)
 ,(115,0)
 ,(137,0)
 ,(141,0)
 ,(149,0)
 ,(153,0)
 ,(169,0)
 ,(173,0)
 ,(177,0)
 ,(181,0)
 ,(185,0)
 ,(189,0)
 ,(193,1)
 ,(205,0)
 ,(209,0)
 ,(213,0)
 ,(217,0)
 ,(221,0)
 ,(225,0)
 ,(229,0)
 ,(233,0)
 ,(237,1)
 ,(241,1)
 ,(245,0)
 ,(415,0)
 ,(419,0)
 ,(407,0)
 ,(411,0)
 ,(423,0)
 ,(269,0)
 ,(273,0)
 ,(427,0)
 ,(281,0)
 ,(285,0)
 ,(431,0)
 ,(293,0)
 ,(435,1)
 ,(301,0)
 ,(305,0)
 ,(439,0)
 ,(313,0)
 ,(317,0)
 ,(443,0)
 ,(325,0)
 ,(461,0)
 ,(333,0)
 ,(337,0)
 ,(341,0)
 ,(349,0)
 ,(353,1)
 ,(357,1)
 ,(361,0)
 ,(383,0)
 ,(387,1)
 ,(391,0)
 ,(395,0)
 ,(399,0)
 ,(403,0)
 ,(473,0)
 ,(485,0)
 ,(524,1)
 ,(523,1)
 ,(522,1)
 ,(521,1)
 ,(532,1)
 ,(531,1)
 ,(529,1)
 ,(528,1)
 ,(539,1)
 ,(538,1)
 ,(537,1)
 ,(536,1)
 ,(547,1)
 ,(546,1)
 ,(544,1)
 ,(543,1)
 ,(551,1)
 ,(552,1)
 ,(554,1)
 ,(555,1)
 ,(559,1)
 ,(560,1)
 ,(562,1)
 ,(563,1);

DROP TABLE IF EXISTS atBooleanSettings;

CREATE TABLE IF NOT EXISTS `atBooleanSettings` (
  `akID` int(10) unsigned NOT NULL,
  `akCheckedByDefault` tinyint(1) NOT NULL DEFAULT '0',
  PRIMARY KEY (`akID`)
) ENGINE=MyISAM DEFAULT CHARSET=utf8;



DROP TABLE IF EXISTS atDateTime;

CREATE TABLE IF NOT EXISTS `atDateTime` (
  `avID` int(10) unsigned NOT NULL,
  `value` datetime DEFAULT '0000-00-00 00:00:00',
  PRIMARY KEY (`avID`)
) ENGINE=MyISAM DEFAULT CHARSET=utf8;



DROP TABLE IF EXISTS atDateTimeSettings;

CREATE TABLE IF NOT EXISTS `atDateTimeSettings` (
  `akID` int(10) unsigned NOT NULL,
  `akDateDisplayMode` varchar(255) DEFAULT NULL,
  PRIMARY KEY (`akID`)
) ENGINE=MyISAM DEFAULT CHARSET=utf8;



DROP TABLE IF EXISTS atDefault;

CREATE TABLE IF NOT EXISTS `atDefault` (
  `avID` int(10) unsigned NOT NULL,
  `value` longtext,
  PRIMARY KEY (`avID`)
) ENGINE=MyISAM DEFAULT CHARSET=utf8;

INSERT INTO atDefault VALUES(60,'')
 ,(59,'')
 ,(58,'')
 ,(52,'')
 ,(48,'')
 ,(47,'')
 ,(46,'Contact Us')
 ,(51,'')
 ,(50,'')
 ,(32,'')
 ,(33,'')
 ,(34,'')
 ,(71,'Search bitcoin aggregates content')
 ,(70,'Indexing bitcoin websites')
 ,(128,'Bitcoin, Chamber of Commerce, Businesses, Directory, Listing')
 ,(72,'bitcoin, aggregate, index, crawl, blog')
 ,(74,'Indexing bitcoin websites')
 ,(75,'Search bitcoin aggregates content')
 ,(76,'bitcoin, aggregate, index, crawl, blog')
 ,(78,'Indexing bitcoin websites')
 ,(79,'Search bitcoin aggregates content')
 ,(80,'bitcoin, aggregate, index, crawl, blog')
 ,(82,'Indexing bitcoin websites')
 ,(83,'Search bitcoin aggregates content')
 ,(84,'bitcoin, aggregate, index, crawl, blog')
 ,(86,'Indexing bitcoin websites')
 ,(87,'Search bitcoin aggregates content')
 ,(88,'bitcoin, aggregate, index, crawl, blog')
 ,(96,'Search bitcoin')
 ,(97,'Find everything that is available for sale in the bitcoin community.')
 ,(98,'bitcoin, search, find, aggregate, shop, store, merchandise, products, services, classifieds, advertisement')
 ,(100,'Learn about bitcoins')
 ,(101,'Introduction to bitcoins for those that are new to the concept of this digital currency.')
 ,(102,'bitcoins, introduction, learn more, get started')
 ,(104,'Chamber of Commerce')
 ,(105,'We are helping to build the bitcoin chamber of commerce by providing our database of bitcoin businesses to the public.')
 ,(106,'Bitcoin, Chamber of Commerce, Businesses, Directory, Listing')
 ,(108,'Contact Us')
 ,(109,'Contact us as search bitcoin')
 ,(110,'Bitcoins, contact')
 ,(112,'Search Bitcoin Blog')
 ,(113,'Stay tuned to our blog to learn about the exciting things that are just around the corner.')
 ,(114,'Bitcoin, search, blog, promotion, public announcements')
 ,(127,'We are helping to build the bitcoin chamber of commerce by providing our database of bitcoin businesses to the public.')
 ,(126,'Chamber of Commerce')
 ,(130,'Chamber of Commerce')
 ,(131,'We are helping to build the bitcoin chamber of commerce by providing our database of bitcoin businesses to the public.')
 ,(132,'Bitcoin, Chamber of Commerce, Businesses, Directory, Listing')
 ,(134,'Indexing bitcoin websites')
 ,(135,'Search bitcoin aggregates content')
 ,(136,'bitcoin, aggregate, index, crawl, blog')
 ,(138,'Indexing bitcoin websites')
 ,(139,'Search bitcoin aggregates content')
 ,(140,'bitcoin, aggregate, index, crawl, blog')
 ,(146,'Bruce Wagner interviews Search Bitcoin')
 ,(147,'Bruce Wagner and associates decided to an interview covering our website plugin that creates a live feed out of the merchandise available in the bitcoin community')
 ,(148,'bitcoin, website plugin, interview, bruce wagner')
 ,(150,'BTC Economy Story')
 ,(151,'The feed can be easily embedded into any webpage. It is my hope that people will continue to use the plugin to help promote the bitcoin econommy. Anyone who wants to add items to the feed may do so by contacting me, and there will be no fees for having their merchandise added. ')
 ,(152,'Bitcoin, story, experiment, plugin, btc economy')
 ,(167,'The feed can be easily embedded into any webpage. It is my hope that people will continue to use the plugin to help promote the bitcoin econommy. Anyone who wants to add items to the feed may do so by contacting me, and there will be no fees for having their merchandise added. ')
 ,(166,'BTC Economy Story')
 ,(168,'Bitcoin, story, experiment, plugin, btc economy')
 ,(170,'Total Mastermind Interviews Search Bitcoin')
 ,(171,'Denny Morales at Total Mastermind interviews Search Bitcoin about our BTC Economy plugin.')
 ,(172,'Bitcoin, Interview, BTC Economy, Totalmastermind')
 ,(174,'Search bitcoin')
 ,(175,'Find everything that is available for sale in the bitcoin community.')
 ,(176,'bitcoin, search, find, trade, aggregate, shop, store, merchandise, products, services, classifieds, advertisement')
 ,(178,'Chamber of Commerce')
 ,(179,'We are helping to build the bitcoin chamber of commerce by providing our database of bitcoin businesses to the public.')
 ,(180,'Bitcoin, Chamber of Commerce, Businesses, Directory, Listing, Trade')
 ,(182,'Search bitcoin')
 ,(183,'Find everything that is available for sale in the bitcoin community.')
 ,(184,'Bitcoin, Search, Find, Trade, Aggregate, Shop, Store, Merchandise, Products, Services, Classifieds, Advertisement')
 ,(186,'Search Bitcoin Blog')
 ,(187,'Stay tuned to our blog to learn about the exciting things that are just around the corner.')
 ,(188,'Bitcoin, Search, Blog, Promotion, Public Announcements')
 ,(190,'Bitcoin Plugins')
 ,(191,'Bring the technology and tools found in search bitcoin to your website or blog. We are actively developing a set of  bitcoin widgets that can be added to almost any website.')
 ,(192,'Bitcoin, Plugin, Gadget, Widget, Apps')
 ,(203,'Bring the technology and tools found in search bitcoin to your website or blog. We are actively developing a set of  bitcoin widgets that can be added to almost any website.')
 ,(204,'Bitcoin, Plugin, Gadget, Widget, Apps')
 ,(202,'Bitcoin Plugins')
 ,(206,'Bitcoin Plugins')
 ,(207,'Bring the technology and tools found in search bitcoin to your website or blog. We are actively developing a set of  bitcoin widgets that can be added to almost any website.')
 ,(208,'Bitcoin, Plugin, Gadget, Widget, Apps')
 ,(210,'Bitcoin Plugins')
 ,(211,'Bring the technology and tools found in search bitcoin to your website or blog. We are actively developing a set of  bitcoin widgets that can be added to almost any website.')
 ,(212,'Bitcoin, Plugin, Gadget, Widget, Apps')
 ,(214,'BTC Economy')
 ,(215,'The BTC Economy plugin creates a live feed out of bitcoin merchandise and services that have been found using our search engine. Anyone can embed the plugin into their website or blog.')
 ,(216,'Bitcoin, BTC Economy, Plugin, Widget, Gadget, Live Feed, Merchandise')
 ,(218,'BTC Find')
 ,(219,'The BTC Find is a search engine for finding bitcoin merchandise and services. It can easily be embedded into any website or blog.')
 ,(220,'Bitcoin, Find, Search, Plugin, Gadget, Widget, App')
 ,(222,'BTC Find')
 ,(223,'The BTC Find is a search engine for finding bitcoin merchandise and services. It can easily be embedded into any website or blog.')
 ,(224,'Bitcoin, Find, Search, Plugin, Gadget, Widget, App')
 ,(226,'Bitcoin Plugins')
 ,(227,'Bring the technology and tools found in search bitcoin to your website or blog. We are actively developing a set of  bitcoin widgets that can be added to almost any website.')
 ,(228,'Bitcoin, Plugin, Gadget, Widget, Apps')
 ,(230,'Support for Blogger and Blogspot')
 ,(231,'You can now run the BTC Economy plugin in blogger and blogspot. Stay tuned for support in other systems such as Wordpress and Concrete5.')
 ,(232,'Bitcoin, Gadget, Blogger, Blogspot, BTC Economy')
 ,(234,'Financials')
 ,(235,'Search Bitcoin wants to maintain the trust we have established our users and partners. Therefore, we have decided to be completely open about our revenue sources.')
 ,(236,'Search Bitcoin, Financials')
 ,(238,'Financials')
 ,(239,'Search Bitcoin wants to maintain the trust we have established with our users and partners. Therefore, we have decided to be completely open about our revenue sources.')
 ,(240,'Search Bitcoin, Financials')
 ,(242,'Chamber of Commerce')
 ,(243,'We are helping to build the bitcoin chamber of commerce by providing our database of bitcoin businesses to the public.')
 ,(244,'Bitcoin, Chamber of Commerce, Businesses, Directory, Listing, Trade')
 ,(420,'Remove Webpage')
 ,(418,'Search Bitcoin, Submit, Vendor, Fees')
 ,(417,'Add your website to our search engine. There are no fees, and your bitcoin site will be promoted through all of channels.')
 ,(421,'Use this webpage to remove your website from Search Bitcoin and from all the services we provide to other websites in the bitcoin community.')
 ,(416,'Add Website')
 ,(413,'Add your website to our search engine. There are no fees, and your bitcoin site will be promoted through all of channels.')
 ,(414,'Search Bitcoin, Submit, Vendor, Fees')
 ,(404,'Add Website')
 ,(405,'Add your website to our search engine. There are no fees, and your bitcoin site will be promoted through all of channels.')
 ,(406,'Search Bitcoin, Submit, Vendor, Fees')
 ,(408,'Add Website')
 ,(409,'Add your website to our search engine. There are no fees, and your bitcoin site will be promoted through all of channels.')
 ,(410,'Search Bitcoin, Submit, Vendor, Fees')
 ,(412,'Add Website')
 ,(266,'Chamber of Commerce')
 ,(267,'We are helping to build the bitcoin chamber of commerce by providing our database of bitcoin businesses to the public.')
 ,(268,'Bitcoin, Chamber of Commerce, Businesses, Directory, Listing, Trade')
 ,(270,'Chamber of Commerce')
 ,(271,'We are helping to build the bitcoin chamber of commerce by providing our database of bitcoin businesses to the public.')
 ,(272,'Bitcoin, Chamber of Commerce, Businesses, Directory, Listing, Trade')
 ,(422,'Search Bitcoin, Remove, Webpage')
 ,(424,'Remove Webpage')
 ,(425,'Use this webpage to remove your website from Search Bitcoin and from all the services we provide to other websites in the bitcoin community.')
 ,(278,'Chamber of Commerce')
 ,(279,'We are helping to build the bitcoin chamber of commerce by providing our database of bitcoin businesses to the public.')
 ,(280,'Bitcoin, Chamber of Commerce, Businesses, Directory, Listing, Trade')
 ,(282,'Chamber of Commerce')
 ,(283,'We are helping to build the bitcoin chamber of commerce by providing our database of bitcoin businesses to the public.')
 ,(284,'Bitcoin, Chamber of Commerce, Businesses, Directory, Listing, Trade')
 ,(428,'Add Website')
 ,(426,'Search Bitcoin, Remove, Webpage')
 ,(290,'Chamber of Commerce')
 ,(291,'We are helping to build the bitcoin chamber of commerce by providing our database of bitcoin businesses to the public.')
 ,(292,'Bitcoin, Chamber of Commerce, Businesses, Directory, Listing, Trade')
 ,(430,'Search Bitcoin, Submit, Vendor, Fees')
 ,(429,'Add your website to our search engine. There are no fees, and your bitcoin site will be promoted through all of channels.')
 ,(298,'Chamber of Commerce')
 ,(299,'We are helping to build the bitcoin chamber of commerce by providing our database of bitcoin businesses to the public.')
 ,(300,'Bitcoin, Chamber of Commerce, Businesses, Directory, Listing, Trade')
 ,(302,'Chamber of Commerce')
 ,(303,'We are helping to build the bitcoin chamber of commerce by providing our database of bitcoin businesses to the public.')
 ,(304,'Bitcoin, Chamber of Commerce, Businesses, Directory, Listing, Trade')
 ,(432,'Marketing Services')
 ,(433,'Search Bitcoin provides some of the busiest websites with our search engine and live feed of bitcoin merchandise. We are ideally position to help you advertise your business. ')
 ,(310,'Learn about bitcoins')
 ,(311,'Introduction to bitcoins for those that are new to the concept of this digital currency.')
 ,(312,'bitcoins, introduction, learn more, get started')
 ,(314,'Chamber of Commerce')
 ,(315,'We are helping to build the bitcoin chamber of commerce by providing our database of bitcoin businesses to the public.')
 ,(316,'Bitcoin, Chamber of Commerce, Businesses, Directory, Listing, Trade')
 ,(436,'BTC Find')
 ,(434,'Bitcoin, Marketing, Advertise')
 ,(322,'Chamber of Commerce')
 ,(323,'We are helping to build the bitcoin chamber of commerce by providing our database of bitcoin businesses to the public.')
 ,(324,'Bitcoin, Chamber of Commerce, Businesses, Directory, Listing, Trade')
 ,(438,'Bitcoin, Flip, Find, Search, Plugin, Gadget, Widget, App')
 ,(437,'The BTC Flip is a search engine for finding bitcoin merchandise and services. It can easily be embedded into any website or blog.')
 ,(330,'Chamber of Commerce')
 ,(331,'We are helping to build the bitcoin chamber of commerce by providing our database of bitcoin businesses to the public.')
 ,(332,'Bitcoin, Chamber of Commerce, Businesses, Directory, Listing, Trade')
 ,(334,'Chamber of Commerce')
 ,(335,'We are helping to build the bitcoin chamber of commerce by providing our database of bitcoin businesses to the public.')
 ,(336,'Bitcoin, Chamber of Commerce, Businesses, Directory, Listing, Trade')
 ,(338,'Chamber of Commerce')
 ,(339,'We are helping to build the bitcoin chamber of commerce by providing our database of bitcoin businesses to the public.')
 ,(340,'Bitcoin, Chamber of Commerce, Businesses, Directory, Listing, Trade')
 ,(347,'Add your website to our search engine. There are no fees, and your bitcoin site will be promoted through all of channels.')
 ,(346,'Add Website')
 ,(348,'Search Bitcoin, Submit, Vendor, Fees')
 ,(350,'Chamber of Commerce')
 ,(351,'We are helping to build the bitcoin chamber of commerce by providing our database of bitcoin businesses to the public.')
 ,(352,'Bitcoin, Chamber of Commerce, Businesses, Directory, Listing, Trade')
 ,(354,'Contact Us')
 ,(355,'Contact us as search bitcoin')
 ,(356,'Bitcoins, contact')
 ,(358,'Add Website')
 ,(359,'Add your website to our search engine. There are no fees, and your bitcoin site will be promoted through all of channels.')
 ,(360,'Search Bitcoin, Submit, Vendor, Fees')
 ,(382,'Search Bitcoin, Submit, Vendor, Fees')
 ,(380,'Add Website')
 ,(381,'Add your website to our search engine. There are no fees, and your bitcoin site will be promoted through all of channels.')
 ,(384,'Chamber of Commerce')
 ,(385,'We are helping to build the bitcoin chamber of commerce by providing our database of bitcoin businesses to the public.')
 ,(386,'Bitcoin, Chamber of Commerce, Businesses, Directory, Listing, Trade')
 ,(388,'Add Website')
 ,(389,'Add your website to our search engine. There are no fees, and your bitcoin site will be promoted through all of channels.')
 ,(390,'Search Bitcoin, Submit, Vendor, Fees')
 ,(392,'Remove Webpage')
 ,(393,'Use this webpage to remove your website from Search Bitcoin and from all the services we provide to other websites in the bitcoin community.')
 ,(394,'Search Bitcoin, Remove, Webpage')
 ,(396,'Add Website')
 ,(397,'Add your website to our search engine. There are no fees, and your bitcoin site will be promoted through all of channels.')
 ,(398,'Search Bitcoin, Submit, Vendor, Fees')
 ,(400,'Remove Webpage')
 ,(401,'Use this webpage to remove your website from Search Bitcoin and from all the services we provide to other websites in the bitcoin community.')
 ,(402,'Search Bitcoin, Remove, Webpage')
 ,(440,'BTC Find')
 ,(441,'The BTC Flip is a search engine for finding bitcoin merchandise and services. It can easily be embedded into any website or blog.')
 ,(442,'Bitcoin, Flip, Find, Search, Plugin, Gadget, Widget, App')
 ,(460,'Bitcoin, Weusecoins, Search Engine, Collaboration')
 ,(459,'We have worked closely with the development team at www.weusecoins.com to create the first bitcoin search engine.')
 ,(458,'Collaboration with weusecoins')
 ,(470,'BTC Economy Podcast')
 ,(471,'Hashing It Out just released a podcast with a focus on the bitcoin economy and the BTC Economy plugin. Thanks Hashing It Out!')
 ,(472,'Bitcoin, Podcast, BTC Economy')
 ,(483,'Do you have an awesome idea on what you can do with data that we have collected at Search Bitcoin? Contact us to request access to our API, which is under active development.')
 ,(482,'Feed and Search API')
 ,(484,'API, Feed, Search')
 ,(518,'Vendor Reviews')
 ,(519,'Read a description about each vendor, and write a review about any experiences you might have with them.')
 ,(520,'Bitcoin, Review, Vendor')
 ,(525,'Vendor Reviews')
 ,(526,'Read a description about each vendor, and write a review about any experiences you might have with them.')
 ,(527,'Bitcoin, Review, Vendor')
 ,(530,'<link rel=\"stylesheet\" type=\"text/css\" href=\"http://api.searchbitcoin.com/scripts/frontend/review.css\" /> ')
 ,(533,'Test')
 ,(534,'This is a test page')
 ,(535,'test')
 ,(540,'Test')
 ,(541,'This is a test page')
 ,(542,'test')
 ,(545,'<script type=\"text/javascript\" src=\"jquery-tmpl.min.js\"></script> \r\n<script type=\"text/javascript\" src=\"searchbitcoin.js\"></script> ')
 ,(548,'Test')
 ,(549,'This is a test page')
 ,(550,'test')
 ,(553,'<script type=\"text/javascript\" src=\"/beta/jquery-tmpl.min.js\"></script> \r\n<script type=\"text/javascript\" src=\"/beta/searchbitcoin.js\"></script> ')
 ,(556,'Test')
 ,(557,'This is a test page')
 ,(558,'test')
 ,(561,'<link rel=\"stylesheet\" type=\"text/css\" href=\"/independent/home.css\" />\r\n<script type=\"text/javascript\" src=\"/independent/jquery-tmpl.min.js\"></script>\r\n<script type=\"text/javascript\" src=\"/independent/home.js\"></script>');

DROP TABLE IF EXISTS atFile;

CREATE TABLE IF NOT EXISTS `atFile` (
  `avID` int(10) unsigned NOT NULL,
  `fID` int(10) unsigned NOT NULL,
  PRIMARY KEY (`avID`)
) ENGINE=MyISAM DEFAULT CHARSET=utf8;



DROP TABLE IF EXISTS atNumber;

CREATE TABLE IF NOT EXISTS `atNumber` (
  `avID` int(10) unsigned NOT NULL,
  `value` decimal(14,4) DEFAULT '0.0000',
  PRIMARY KEY (`avID`)
) ENGINE=MyISAM DEFAULT CHARSET=utf8;

INSERT INTO atNumber VALUES(1,800.0000)
 ,(2,192.0000)
 ,(3,800.0000)
 ,(4,192.0000)
 ,(5,800.0000)
 ,(6,192.0000)
 ,(7,800.0000)
 ,(8,215.0000)
 ,(9,800.0000)
 ,(10,192.0000)
 ,(90,225.0000)
 ,(91,225.0000)
 ,(92,796.0000)
 ,(93,400.0000)
 ,(94,199.0000)
 ,(95,100.0000)
 ,(116,128.0000)
 ,(117,128.0000)
 ,(142,796.0000)
 ,(143,400.0000)
 ,(144,500.0000)
 ,(145,320.0000)
 ,(154,196.0000)
 ,(155,357.0000)
 ,(156,656.0000)
 ,(157,833.0000)
 ,(158,188.0000)
 ,(159,110.0000)
 ,(160,559.0000)
 ,(161,504.0000)
 ,(370,1600.0000)
 ,(371,1200.0000)
 ,(372,1600.0000)
 ,(373,1200.0000)
 ,(374,1600.0000)
 ,(375,1200.0000)
 ,(444,1000.0000)
 ,(445,1000.0000)
 ,(446,600.0000)
 ,(447,600.0000)
 ,(448,310.0000)
 ,(449,189.0000)
 ,(450,310.0000)
 ,(451,233.0000)
 ,(452,300.0000)
 ,(453,242.0000)
 ,(462,221.0000)
 ,(463,228.0000)
 ,(464,200.0000)
 ,(465,200.0000);

DROP TABLE IF EXISTS atSelectOptions;

CREATE TABLE IF NOT EXISTS `atSelectOptions` (
  `ID` int(10) unsigned NOT NULL AUTO_INCREMENT,
  `akID` int(10) unsigned DEFAULT NULL,
  `value` varchar(255) DEFAULT NULL,
  `displayOrder` int(10) unsigned DEFAULT NULL,
  `isEndUserAdded` tinyint(1) NOT NULL DEFAULT '0',
  PRIMARY KEY (`ID`)
) ENGINE=MyISAM AUTO_INCREMENT=3 DEFAULT CHARSET=utf8;

INSERT INTO atSelectOptions VALUES(1,11,'sample',0,1)
 ,(2,11,'Hello World',1,1);

DROP TABLE IF EXISTS atSelectOptionsSelected;

CREATE TABLE IF NOT EXISTS `atSelectOptionsSelected` (
  `avID` int(10) unsigned NOT NULL,
  `atSelectOptionID` int(10) unsigned NOT NULL,
  PRIMARY KEY (`avID`,`atSelectOptionID`)
) ENGINE=MyISAM DEFAULT CHARSET=utf8;



DROP TABLE IF EXISTS atSelectSettings;

CREATE TABLE IF NOT EXISTS `atSelectSettings` (
  `akID` int(10) unsigned NOT NULL,
  `akSelectAllowMultipleValues` tinyint(1) NOT NULL DEFAULT '0',
  `akSelectOptionDisplayOrder` varchar(255) NOT NULL DEFAULT 'display_asc',
  `akSelectAllowOtherValues` tinyint(1) NOT NULL DEFAULT '0',
  PRIMARY KEY (`akID`)
) ENGINE=MyISAM DEFAULT CHARSET=utf8;

INSERT INTO atSelectSettings VALUES(11,1,'display_asc',1);

DROP TABLE IF EXISTS atTextareaSettings;

CREATE TABLE IF NOT EXISTS `atTextareaSettings` (
  `akID` int(10) unsigned NOT NULL DEFAULT '0',
  `akTextareaDisplayMode` varchar(255) DEFAULT NULL,
  PRIMARY KEY (`akID`)
) ENGINE=MyISAM DEFAULT CHARSET=utf8;



DROP TABLE IF EXISTS btBasicTest;

CREATE TABLE IF NOT EXISTS `btBasicTest` (
  `bID` int(10) unsigned NOT NULL,
  `content` longtext,
  PRIMARY KEY (`bID`)
) ENGINE=MyISAM DEFAULT CHARSET=utf8;

INSERT INTO btBasicTest VALUES(413,'test');

DROP TABLE IF EXISTS btContentAroundImage;

CREATE TABLE IF NOT EXISTS `btContentAroundImage` (
  `bID` int(10) unsigned NOT NULL,
  `content` longtext,
  `fID` int(10) unsigned DEFAULT '0',
  `link` varchar(255) DEFAULT NULL,
  `newTab` tinyint(4) DEFAULT '0',
  `altText` varchar(255) DEFAULT NULL,
  `maxWidth` int(10) unsigned DEFAULT '0',
  `maxHeight` int(10) unsigned DEFAULT '0',
  `alignment` int(10) unsigned DEFAULT '0',
  `caption` varchar(255) DEFAULT NULL,
  PRIMARY KEY (`bID`)
) ENGINE=MyISAM DEFAULT CHARSET=utf8;



DROP TABLE IF EXISTS btContentFile;

CREATE TABLE IF NOT EXISTS `btContentFile` (
  `bID` int(10) unsigned NOT NULL,
  `fID` int(10) unsigned DEFAULT NULL,
  `fileLinkText` varchar(255) DEFAULT NULL,
  `filePassword` varchar(255) DEFAULT NULL,
  PRIMARY KEY (`bID`)
) ENGINE=MyISAM DEFAULT CHARSET=utf8;



DROP TABLE IF EXISTS btContentImage;

CREATE TABLE IF NOT EXISTS `btContentImage` (
  `bID` int(10) unsigned NOT NULL,
  `fID` int(10) unsigned DEFAULT '0',
  `fOnstateID` int(10) unsigned DEFAULT '0',
  `maxWidth` int(10) unsigned DEFAULT '0',
  `maxHeight` int(10) unsigned DEFAULT '0',
  `externalLink` varchar(255) DEFAULT NULL,
  `altText` varchar(255) DEFAULT NULL,
  PRIMARY KEY (`bID`)
) ENGINE=MyISAM DEFAULT CHARSET=utf8;

INSERT INTO btContentImage VALUES(8,4,0,0,0,'','')
 ,(11,2,0,0,0,'','')
 ,(13,1,0,0,0,'','');

DROP TABLE IF EXISTS btContentLocal;

CREATE TABLE IF NOT EXISTS `btContentLocal` (
  `bID` int(10) unsigned NOT NULL,
  `content` longtext,
  PRIMARY KEY (`bID`)
) ENGINE=MyISAM DEFAULT CHARSET=utf8;

INSERT INTO btContentLocal VALUES(114,'<h5>There are many great websites for finding merchandise in the bitcoin community. Here are just a few.</h5>')
 ,(116,'<script type=\"text/javascript\" src=\"http://api.bitcoinbulletin.com/btceconomy\"></script>')
 ,(117,'<div style=\"width: 450px; margin-left: auto; margin-right: auto;\">\r\n<script type=\"text/javascript\" src=\"http://api.bitcoinbulletin.com/btceconomy\"></script>\r\n</div>')
 ,(118,'<p><img style=\"float: right;\" src=\"{CCM:FID_8}\" alt=\"love_bitcoins.png\" width=\"128\" height=\"128\" />Bitcoins are one of the few true digital currencies in existence, and although the technology behind bitcoins is complex, the currency is simple to use. Bitcoins are unique in that they have been designed with security in mind, can be traded online as easily as emails are sent, and are decentralized so that no authority can undermine the transactions.</p>\r\n<p>So what do people use bitcoins for? Well, you can see from our <a title=\"Bitcoin Merchandise\" href=\"{CCM:CID_1}\">search page</a> that you can use bitcoins to buy essentially any commidity or service that you can buy with traditional money. In fact, there are hundreds of businesses that collectively offer tens of thousands of products, and these numbers grow each day at an exponential rate.</p>\r\n<p>So how do you get bitcoins? The first step is to download the bitcoin software. The program is easy to install. Once you install it, you will be given a bitcoin address. This is kind of like an email address that is for receiving money online. A typical bitcoin address looks something like ours (<em>17gcmYY8Q7nPagk4zKRwjtgxrUvvBcFhDr)</em>. The bitcoin software may take awhile to sync with the rest of the bitcoin network. If you don\'t want to wait this long, you can use any of the online bitcoin banks, which will operate the bitcoin software for you, to quickly get your first bitcoin address.</p>\r\n<p>Once you have setup a bitcoin account, you can use the <a title=\"Get some free bitcoins\" href=\"http://freebitcoins.appspot.com/\">bitcoin faucet</a> to get your first&nbsp;<em>bit-change</em> for free. The bit-change will be sent to your account and saved in your computer (all coins are saved into a special file called the wallet file). If you want more bitcoins you will probably have to purchase them from an <a title=\"Directory of bitcoin exhanges.\" href=\"http://en.bitcoin.it/wiki/Buying_bitcoins\">exchange</a>. The exchanges are websites where people can buy and sell bitcoins. I suggest that you sign-up at an exchange now, because it typically can take up to a week to verify your account.</p>\r\n<p><img style=\"float: right;\" src=\"{CCM:FID_7}\" alt=\"Screenshot.png\" width=\"199\" height=\"100\" />You can also use the bitcoin software to generate <a title=\"Generate new bitcoins\" href=\"http://www.bitcoinminer.com/\">new bitcoins</a>. Wait! You can just print off new money in this currency? Well, yes, but it becomes harder to generate new bitcoins as more and more are made. This is on purpose, to ensure a limited supply of bitcoins. In fact, there is a limit on the total number of bitcoins that can be generated. I recommend against trying to generate new bitcoins, unless you have a high-end model computer. Otherwise, you may be waiting around for a long time.</p>')
 ,(15,'<p>Lorem ipsum dolor sit amet, consectetur adipiscing elit. Vestibulum vel tellus lectus, scelerisque faucibus nunc. Curabitur lacus nibh, eleifend vel porttitor in, bibendum quis tortor. Curabitur eros ligula, scelerisque ac ultricies a, dictum ac tellus. Mauris id tellus tortor. Proin a sollicitudin libero. Nam pellentesque commodo magna, nec mattis elit pulvinar id. Class aptent taciti sociosqu ad litora torquent per conubia nostra, per inceptos himenaeos. Mauris orci dui, adipiscing sit amet bibendum vel, sodales sed purus. Donec fringilla odio vel enim cursus luctus quis semper leo. Donec rhoncus odio ac elit dignissim lobortis.</p>\r\n<p>&nbsp;</p>')
 ,(16,'<p>Duis dapibus nibh eu arcu viverra tempor. Fusce auctor sapien eu mauris malesuada vel euismod orci vulputate. Curabitur at orci id quam mollis rhoncus vitae volutpat urna. Nam eget sapien at neque mollis varius sed vitae ipsum. Vestibulum commodo, eros sit amet sagittis cursus, massa mi lacinia lorem, vel pellentesque sapien purus eu lacus. Pellentesque mollis gravida enim. Fusce mi odio, elementum ut fermentum a, pharetra in quam. Mauris sed vestibulum sapien. In sit amet faucibus diam. Proin lectus quam, sodales ut posuere non, viverra a nibh. Aenean sollicitudin, diam eu elementum rutrum, nisi ante pretium mi, ut tristique ante tellus non ligula. Nam diam turpis, viverra non volutpat vel, scelerisque vel neque. In pretium, libero et vulputate varius, libero nulla blandit ligula, tincidunt egestas leo mi eu nisi. Mauris nunc augue, cursus vel viverra non, feugiat in enim. In eget dignissim est. Donec dictum leo in libero tincidunt sollicitudin hendrerit elit placerat. Aliquam vitae nunc diam, non vulputate nibh. Quisque tincidunt, dui ut rutrum feugiat, libero lorem interdum sapien, eget pharetra mi ligula ut lectus. Pellentesque consequat mollis est viverra malesuada.</p>\r\n<p>Curabitur eget quam vitae tellus blandit congue a sed lectus. Nunc ultrices lacus dignissim felis venenatis varius placerat eros dapibus. Nulla facilisi. Vivamus sodales accumsan convallis. Mauris congue tempus feugiat. Proin elementum fringilla leo, sit amet pretium nisl imperdiet interdum. Suspendisse volutpat cursus eros, nec porta est laoreet at. Sed porttitor suscipit augue, eu molestie justo faucibus et. Class aptent taciti sociosqu ad litora torquent per conubia nostra, per inceptos himenaeos. Vivamus faucibus mi vel tortor consequat eget rutrum nisl ultrices. Praesent et lacinia augue. Phasellus id est id enim ultricies placerat. Etiam porta enim eu enim convallis sed eleifend metus faucibus. In ac lobortis eros. Pellentesque felis turpis, cursus sed imperdiet non, viverra vel diam. Donec vel orci mi, placerat egestas purus. Vestibulum vel diam id magna suscipit accumsan. Quisque risus felis, sagittis non iaculis id, tempus in arcu. Donec tempus metus neque. Proin malesuada dui a tortor pretium tincidunt quis at ligula.</p>\r\n<p>Nam laoreet faucibus purus ac pretium. Aenean euismod diam adipiscing erat semper quis sodales elit tristique. Vestibulum vel tellus eu lorem porttitor aliquet. Vestibulum bibendum viverra cursus. Aenean sit amet magna odio, convallis imperdiet metus. Duis condimentum posuere vulputate. Pellentesque habitant morbi tristique senectus et netus et malesuada fames ac turpis egestas. Sed vitae elit ut sapien vestibulum tempor sit amet ac tortor. Donec ligula nulla, varius id ornare id, vestibulum non felis. Nullam neque erat, tristique a eleifend pellentesque, eleifend sit amet ipsum. In eget urna nibh. Phasellus scelerisque, magna ac feugiat ultricies, risus dolor volutpat quam, in rutrum nunc ante id sem. Fusce interdum scelerisque fermentum.</p>\r\n<p>&nbsp;</p>')
 ,(146,'<p>Search bitcoin is searching the web to find businesses accepting bitcoins. This has put us in the unique position to help consumers and other businesses find the services they need from the bitcoin community. To help foster the development of the bitcoin econommy, we will be release our entire database of bitcoin businesses that we have found.</p>\r\n<p>But we need your help! If you own a business and would like to or already do accept bitcoins as a method of payment then we want to hear from you. Our database is large but far from complete. Please fill out the form below and we will be sure to include you in our database. In turn, we will add to our <a title=\"Bitcoin Merchandise\" href=\"{CCM:CID_1}\">live feed</a> and share this database with our partner websites who will list your business in their business directories.</p>')
 ,(128,'<p><img style=\"float: right;\" src=\"{CCM:FID_8}\" alt=\"love_bitcoins.png\" width=\"128\" height=\"128\" />Bitcoins are one of the few true digital currencies in existence, and although the technology behind bitcoins is complex, the currency is simple to use. Bitcoins are unique in that they have been designed with security in mind, can be traded online as easily as emails are sent, and are decentralized so that no authority can undermine the transactions.</p>\r\n<p>So what do people use bitcoins for? Well, you can see from our <a title=\"Bitcoin Merchandise\" href=\"{CCM:CID_1}\">search page</a> that you can use bitcoins to buy essentially any commidity or service that you can buy with traditional money. In fact, there are hundreds of businesses that collectively offer tens of thousands of products, and these numbers grow each day at an exponential rate.</p>\r\n<p>So how do you get bitcoins? The first step is to download the bitcoin software. The program is easy to install. Once you install it, you will be given a bitcoin address. This is kind of like an email address that is for receiving money online. A typical bitcoin address looks something like ours (<em>17gcmYY8Q7nPagk4zKRwjtgxrUvvBcFhDr)</em>. The bitcoin software may take awhile to sync with the rest of the bitcoin network. If you don\'t want to wait this long, you can use any of the online bitcoin banks, which will operate the bitcoin software for you, to quickly get you your first bitcoin address.</p>\r\n<p>Once you have setup a bitcoin account, you can use the <a title=\"Get some free bitcoins\" href=\"http://freebitcoins.appspot.com/\">bitcoin faucet</a> to get your first&nbsp;<em>bit-change</em> for free. The bit-change will be sent to your account and saved on your computer (all coins are saved into a special file called the wallet file). If you want more bitcoins you will probably have to purchase them from an <a title=\"Directory of bitcoin exhanges.\" href=\"http://en.bitcoin.it/wiki/Buying_bitcoins\">exchange</a>. The exchanges are websites where people buy and sell bitcoins. I suggest that you sign-up at an exchange now, because it typically can take up to a week to verify your account.</p>\r\n<p><img style=\"float: right;\" src=\"{CCM:FID_7}\" alt=\"Screenshot.png\" width=\"199\" height=\"100\" />You can also use the bitcoin software to generate <a title=\"Generate new bitcoins\" href=\"http://www.bitcoinminer.com/\">new bitcoins</a>. Wait! You can just print off new money in this currency? Well, yes, but it becomes harder to generate new bitcoins as more and more are made. Bitcoins were designed like this on purpose, to ensure a limited supply of bitcoins. In fact, there is a limit on the total number of bitcoins that can be generated. I recommend against trying to generate new bitcoins, unless you have a high-end model computer. Otherwise, you may be waiting around for a long time.</p>')
 ,(99,'<p>First of all, let us welcome you to search bitcoin. We at search bitcoin are working hard to index all the bitcoin websites on the web. It is aggregate all the bitcoin products and services offered by the bitcoin community to give you a bird\'s eye view of the state of the economy, and to help you find the stuff you are looking for. This is a tremendously difficult project, but we are making headway. Already we\'ve added just over 100 businesses to our directory, and indexed several thousand items of merchandise offered through these stores. Stay tuned for exciting things to come!</p>')
 ,(98,'<p>First of all, let me welcome you to search bitcoin. We at search bitcoin are working hard to index all the bitcoin websites on the web. It is aggregate all the bitcoin products and services offered by the bitcoin community to give you a bird\'s eye view of the state of the economy, and to help you find the stuff you are looking for. This is a tremendously difficult project, but we are making headway. Already we\'ve added just over 100 businesses to our directory, and indexed several thousand items of merchandise offered through these stores. Stay tuned for exciting things to come!</p>')
 ,(102,'<h5>There are many great websites where you can find other bitcoins businesses. Here are a few of them.</h5>')
 ,(103,'<h5>We are committed to the development of a <em><span style=\"text-decoration: underline;\">Bitcoin Chamber of Commerce</span></em>. To that end we are offering our entire database of all the businesses we have found that accept bitcoins.</h5>')
 ,(104,'<p>Stay tuned. This page is under construction.</p>')
 ,(105,'<h5>Are you new to bitcoins? If so, then you\'ve found a great place to start.</h5>')
 ,(41,'<p>Search Bitcoin</p>')
 ,(147,'<p>If you would like access to the database then please use the <a title=\"Contact Us\" href=\"{CCM:CID_75}\">contact us</a> page to place a request. We are happy to share our database, and there will be no charge. However, this is a community driven project, and as such you will have to give back. If you operate a competing directory listing service, you will have to share any additional enteries into the database with the rest of the community. In this manner, the entire bitcoin community can benefit. <em>We will also be happy to include a link to your website in the right column</em>.</p>')
 ,(59,'<p><a title=\"Bitcoin classifieds\" href=\"http://www.bitcoinclassifieds.net/\">Bitcoin Classifieds</a>: A leader in online ads where you can find merchandise for sale for bitcoins.</p>')
 ,(64,'<h5>Welcome to search bitcoin, the website dedicated to helping you find merchandise and services available in the bitcoin community.</h5>')
 ,(66,'<p>This plugin is part of our mission to help make the bitcoin community more accessible to the general public. Numerous sites currently use it to help support the bitcoin economy, and so can you. The plugin can easily be added to almost any website using the&nbsp;<em>embed button</em>&nbsp;in the plugin.</p>')
 ,(119,'<p><a title=\"Bit sites\" href=\"http://bitsites.net/\">Bitsites</a>: Bitsites is the equivalent of Yelp for the bitcoin community. We are currently in the process of sharing our database of bitcoin businesses with them.</p>')
 ,(120,'<h5>There are many great websites where you can find other bitcoins businesses. Here are a few of them.</h5>')
 ,(124,'<p>This plugin is part of our mission to help make the bitcoin community more accessible to the general public. Numerous sites currently use it to help support the bitcoin economy, and so can you. The plugin can easily be added to almost any website using the&nbsp;<em>embed </em>button in the plugin.</p>')
 ,(125,'<p><a title=\"Bidding site for bitcoins\" href=\"http://biddingpond.com/\">Bidding Pond</a>: Bidding Pond was the first website to auction off merchandise for bitcoins. It is essentially the eBay of bitcoins.</p>')
 ,(126,'<p><a title=\"Bitcoin classifieds\" href=\"http://www.bitcoinclassifieds.net/\">Bitcoin Classifieds</a>: A leader in online ads where you can find merchandise for sale for bitcoins.</p>')
 ,(127,'<p><a title=\"Wiki trade page\" href=\"http://en.bitcoin.it/wiki/Trade\">The Trade Page</a>: The trade page is a community driven wiki page where people list their bitcoin website. It is arguably the most comprehensive directory listing of bitcoin products and services.</p>')
 ,(70,'<p><a title=\"Download bitcoin software\" href=\"http://www.bitcoin.org/\">Bitcoin.org</a>: Use this website to download the latest version of the bitcoin software, and to get your first bitcoin address. The software is free to use and open source.</p>')
 ,(69,'<h5>There are many other great websites that can help you get started. Here are a few.</h5>')
 ,(71,'<p><a title=\"Online bitcoin bank\" href=\"http://www.mybitcoin.com/\">My Bitcoin</a>: The quickest way to get a bitcoin address is to use a bitcoin bank, which will run the bitcoin software for you on their servers. My bitcoin was the first online bitcoin bank.</p>')
 ,(129,'<p><a title=\"Online bitcoin bank\" href=\"http://www.mybitcoin.com/\">My Bitcoin</a>: The quickest way to get a bitcoin address is to use a bitcoin bank, which will run the bitcoin software for you on their servers. My Bitcoin was the first online bitcoin bank.</p>')
 ,(73,'<p><a title=\"Online bitcoin exchange\" href=\"http://www.tradehill.com/\">Trade Hill</a>: Trade hill is another commonly used exchange where people buy and sell bitcoins online.</p>')
 ,(74,'<p>We are building a search engine that focuses on bitcoin merchandise and services. Check out the items we have found in our live feed.</p>')
 ,(75,'<h5>We love hearing from our users. We welcome your suggestions, criticisms, and questions.</h5>')
 ,(77,'<p>You can also email us directory at <a title=\"Email address\" href=\"mailto:jared@bitcoinbulletin.com\">jared@bitcoinbulletin.com</a>.</p>')
 ,(78,'<p>Use the online form to send us a message. We will get back to you as quickly as possible.</p>')
 ,(79,'<h5>Here are the names of some of the biggest players in the bitcoin community.</h5>')
 ,(80,'<p><a title=\"Neo\" href=\"http://en.bitcoin.it/wiki/Satoshi_Nakamoto\">Satoshi Nakamoto</a>: Satoshi is the founder of bitcoin and the author of the initial bitcoin software. No one really knows who he or she is because Satoshi has preferred to remain anonymous.</p>')
 ,(81,'<p><a title=\"Morpheus\" href=\"http://gavinthink.blogspot.com/\">Gavin Andresen</a>: Gavin is the current lead developer for the bitcoin software.</p>')
 ,(82,'<p><a title=\"The oracle\" href=\"http://onlyonetv.com/\">Bruce Wagner</a>: Bruce is the bitcoin media guru. He loves to talk about bitcoins, and if he is not already on the phone he will answer your call.</p>')
 ,(83,'<h5>There are lots of great places to hosting discussions about bitcoins. Here are some of the popular ones.</h5>')
 ,(84,'<p><a title=\"Bitcoin blog\" href=\"http://www.bitcoinblogger.com/\">Bitcoin Blogger</a>: One of the first blogs about bitcoins.</p>')
 ,(85,'<p><a title=\"The bitcoin forums\" href=\"http://forum.bitcoin.org/\">The Bitcoin Forums</a>: The best place to talk with other people in the bitcoin community.</p>')
 ,(86,'<p><a title=\"Social media website for bitcoins\" href=\"http://witcoin.com/\">Witcoin</a>: A social media website deditcated to bitcoins.</p>')
 ,(88,'<h5>Visit this page to stay tuned to what is happening to search bitcoin.</h5>')
 ,(130,'<p><a title=\"Online bitcoin exchange\" href=\"http://mtgox.com\">Mt Gox</a>: Mt Gox was the first online bitcoin exchange where people could go to buy and sell bitcoins. It is the most heavily used of all the exchanges.</p>')
 ,(131,'<p><a title=\"The oracle\" href=\"http://onlyonetv.com/\">Bruce Wagner</a>: Bruce is a bitcoin media guru. He loves to talk about bitcoins, and if he is not already on the phone he will answer your call.</p>')
 ,(132,'<p><a title=\"Morpheus\" href=\"http://gavinthink.blogspot.com/\">Gavin Andresen</a>: Gavin has taken over Satoshi\'s role as lead developer of the bitcoin software.</p>')
 ,(133,'<p><a title=\"Neo\" href=\"http://en.bitcoin.it/wiki/Satoshi_Nakamoto\">Satoshi Nakamoto</a>: Satoshi is the founder of bitcoin and the author of the first bitcoin software. No one really knows who he or she is because Satoshi has preferred to remain anonymous.</p>')
 ,(134,'<h5>Here are the names of some of the biggest players in the bitcoin community.</h5>')
 ,(140,'<p><a title=\"The Oracle\" href=\"http://onlyonetv.com/\">Bruce Wagner</a>: Bruce is a bitcoin media guru. He loves to talk about bitcoins, and if he is not already on the phone he will answer your call.</p>')
 ,(141,'<p><a title=\"Wiki trade page\" href=\"http://en.bitcoin.it/wiki/Trade\">The Trade Page</a>: The trade page is a community driven wikipedia page where people can add their bitcoin website to the list. It is arguably the most comprehensive directory listing of bitcoin products and services.</p>')
 ,(142,'<p>First of all, let us welcome you to search bitcoin. We here at search bitcoin are working hard to index all the bitcoin websites on the web. Our goal is to aggregate all the bitcoin products and services offered by the bitcoin community to give you a bird\'s eye view of the state of the economy, and to help you find the stuff you are looking for. This is a tremendously difficult project, but we are making headway. Already we\'ve added just over 100 businesses to our directory, and indexed several thousand items of merchandise offered through these stores. Stay tuned for exciting things to come!</p>')
 ,(143,'<p><img style=\"float: right;\" src=\"{CCM:FID_8}\" alt=\"love_bitcoins.png\" width=\"128\" height=\"128\" />Bitcoins are one of the few true digital currencies in existence, and although the technology behind bitcoins is complex, the currency is simple to use. Bitcoins are unique in that they have been designed with security in mind, can be traded online as easily as emails are sent, and are decentralized so that no authority can undermine the transactions.</p>\r\n<p>So what do people use bitcoins for? Well, you can see from our <a title=\"Bitcoin Merchandise\" href=\"{CCM:CID_1}\">search page</a> that you can use bitcoins to buy essentially any commidity or service that you can buy with traditional money. In fact, there are hundreds of businesses that collectively offer tens of thousands of products, and these numbers grow each day at an exponential rate.</p>\r\n<p>So how do you get bitcoins? The first step is to download the bitcoin software. The program is easy to install. Once you install it, you will be given a bitcoin address. This is kind of like an email address that is for receiving money online. A typical bitcoin address looks something like ours (<em>17gcmYY8Q7nPagk4zKRwjtgxrUvvBcFhDr)</em>. The bitcoin software may take awhile to sync with the rest of the bitcoin network. If you don\'t want to wait this long, you can use any of the online bitcoin banks, which will operate the bitcoin software for you, to quickly get you your first bitcoin address.</p>\r\n<p>Once you have setup a bitcoin account, you can use the <a title=\"Get some free bitcoins\" href=\"http://freebitcoins.appspot.com/\">bitcoin faucet</a> to get your first&nbsp;<em>bit-change</em> for free. The bit-change will be sent to your account and saved on your computer (all coins are saved into a special file called the wallet file). If you want more bitcoins you will probably have to purchase them from an <a title=\"Directory of bitcoin exhanges.\" href=\"http://en.bitcoin.it/wiki/Buying_bitcoins\">exchange</a>. The exchanges are websites where people buy and sell bitcoins. I suggest that you sign-up at an exchange now, because it typically can take up to a week to verify your account.</p>\r\n<p>You can also use the bitcoin software to generate <a title=\"Generate new bitcoins\" href=\"http://www.bitcoinminer.com/\">new bitcoins</a>. Wait! You can just print off new money in this currency? Well, yes, but it becomes harder to generate new bitcoins as more and more are made. Bitcoins were designed like this on purpose, to ensure a limited supply of bitcoins. In fact, there is a limit on the total number of bitcoins that can be generated. I recommend against trying to generate new bitcoins, unless you have a high-end model computer. Otherwise, you may be waiting around for a long time.</p>\r\n<p><img style=\"display: block; margin-left: auto; margin-right: auto;\" src=\"{CCM:FID_9}\" alt=\"Screenshot.png\" width=\"500\" height=\"251\" /></p>')
 ,(91,'<h5>Stay tuned to new posts in our blog to learn what is happening on this website.</h5>')
 ,(93,'<p><a title=\"Bidding site for bitcoins\" href=\"http://biddingpond.com/\">Bidding Pond</a>: This was the first website where people could place bids in bitcoins on used merchandise. It is essentially eBay for bitcoins.</p>')
 ,(94,'<p><a title=\"Wiki trade page\" href=\"http://en.bitcoin.it/wiki/Trade\">The Trade Page</a>: The trade page is a community driven wikipedia style page where people list their bitcoin website. It is arguably the most comprehensive directory listing of bitcoins products and services.</p>')
 ,(144,'<p><img style=\"float: right;\" src=\"{CCM:FID_8}\" alt=\"love_bitcoins.png\" width=\"128\" height=\"128\" />Bitcoins are one of the few true digital currencies in existence, and although the technology behind bitcoins is complex, the currency is simple to use. Bitcoins are unique in that they have been designed with security in mind, can be traded online as easily as emails are sent, and are decentralized so that no authority can undermine the transactions.</p>\r\n<p>So what do people use bitcoins for? Well, you can see from our <a title=\"Bitcoin Merchandise\" href=\"{CCM:CID_1}\">search page</a> that you can use bitcoins to buy essentially any commidity or service that you can buy with traditional money. In fact, there are hundreds of businesses that collectively offer tens of thousands of products, and these numbers grow each day at an exponential rate.</p>\r\n<p>So how do you get bitcoins? The first step is to download the bitcoin software. The program is easy to install. Once you install it, you will be given a bitcoin address. This is kind of like an email address that is for receiving money online. A typical bitcoin address looks something like ours (<em>17gcmYY8Q7nPagk4zKRwjtgxrUvvBcFhDr)</em>. The bitcoin software may take awhile to sync with the rest of the bitcoin network. If you don\'t want to wait this long, you can use any of the online bitcoin banks, which will operate the bitcoin software for you, to quickly get you your first bitcoin address.</p>\r\n<p>Once you have setup a bitcoin account, you can use the <a title=\"Get some free bitcoins\" href=\"http://freebitcoins.appspot.com/\">bitcoin faucet</a> to get your first&nbsp;<em>bit-change</em> for free. The bit-change will be sent to your account and saved on your computer (all coins are saved into a special file called the wallet file). If you want more bitcoins you will probably have to purchase them from an <a title=\"Directory of bitcoin exhanges.\" href=\"http://en.bitcoin.it/wiki/Buying_bitcoins\">exchange</a>. The exchanges are websites where people buy and sell bitcoins. I suggest that you sign-up at an exchange now, because it typically can take up to a week to verify your account.</p>\r\n<p><img style=\"display: block; margin-left: auto; margin-right: auto;\" src=\"{CCM:FID_9}\" alt=\"Screenshot.png\" width=\"398\" height=\"200\" /></p>\r\n<p>You can also use the bitcoin software to generate&nbsp;<a title=\"Generate new bitcoins\" href=\"http://www.bitcoinminer.com/\">new bitcoins</a>. Wait! You can just print off new money in this currency? Well, yes, but it becomes harder to generate new bitcoins as more and more are made. Bitcoins were designed like this on purpose, to ensure a limited supply of bitcoins. In fact, there is a limit on the total number of bitcoins that can be generated. I recommend against trying to generate new bitcoins, unless you have a high-end model computer. Otherwise, you may be waiting around for a long time.</p>')
 ,(96,'<p><a title=\"Online bitcoin exchange\" href=\"http://mtgox.com\">Mt Gox</a>: Mt Gox was the first online bitcoin exchange where people could go to buy and sell bitcoins.&nbsp;</p>')
 ,(97,'<p><a title=\"Social media website for bitcoins\" href=\"http://witcoin.com/\">Witcoin</a>: A social media website dedicated to bitcoins.</p>')
 ,(145,'<p><img style=\"float: right;\" src=\"{CCM:FID_8}\" alt=\"love_bitcoins.png\" width=\"128\" height=\"128\" />Bitcoins are one of the few true digital currencies in existence, and although the technology behind bitcoins is complex, the currency is simple to use. Bitcoins are unique in that they have been designed with security in mind, can be traded online as easily as emails are sent, and are decentralized so that no authority can undermine the transactions.</p>\r\n<p>So what do people use bitcoins for? Well, you can see from our <a title=\"Bitcoin Merchandise\" href=\"{CCM:CID_1}\">search page</a> that you can use bitcoins to buy essentially any commidity or service that you can buy with traditional money. In fact, there are hundreds of businesses that collectively offer tens of thousands of products, and these numbers grow each day at an exponential rate.</p>\r\n<p>So how do you get bitcoins? The first step is to download the bitcoin software. The program is easy to install. Once you install it, you will be given a bitcoin address. This is kind of like an email address that is for receiving money online. A typical bitcoin address looks something like ours (<em>17gcmYY8Q7nPagk4zKRwjtgxrUvvBcFhDr)</em>. The bitcoin software may take awhile to sync with the rest of the bitcoin network. If you don\'t want to wait this long, you can use any of the online bitcoin banks, which will operate the bitcoin software for you, to quickly get you your first bitcoin address.</p>\r\n<p>Once you have setup a bitcoin account, you can use the <a title=\"Get some free bitcoins\" href=\"http://freebitcoins.appspot.com/\">bitcoin faucet</a> to get your first&nbsp;<em>bit-change</em> for free. The bit-change will be sent to your account and saved on your computer (all coins are saved into a special file called the wallet file). If you want more bitcoins you will probably have to purchase them from an <a title=\"Directory of bitcoin exhanges.\" href=\"http://en.bitcoin.it/wiki/Buying_bitcoins\">exchange</a>. The exchanges are websites where people buy and sell bitcoins. I suggest that you sign-up at an exchange now, because it typically can take up to a week to verify your account.</p>\r\n<p><img style=\"display: block; margin-left: auto; margin-right: auto;\" src=\"{CCM:FID_9}\" alt=\"Screenshot.png\" width=\"398\" height=\"200\" /></p>\r\n<p>You can also use the bitcoin software to generate new bitcoins. Wait! You can just print off new money in this currency? Well, yes, but it becomes harder to generate new bitcoins as more and more are made. Bitcoins were designed like this on purpose, to ensure a limited supply of bitcoins. In fact, there is a limit on the total number of bitcoins that can be generated. I recommend against trying to generate new bitcoins, unless you have a high-end model computer. Otherwise, you may be waiting around for a long time.</p>')
 ,(107,'<p><img style=\"float: right;\" src=\"{CCM:FID_6}\" alt=\"bitcoin.png\" width=\"225\" height=\"225\" />Bitcoins are one of the few true digital currencies in existence, and although the technology behind bitcoins is complex, the currency is simple to use. Bitcoins are unique in that they have been designed with security in mind, can be traded online as easily as emails are sent, and are decentralized so that no authority can undermine the transactions.</p>\r\n<p>So what do people use bitcoins for? Well, you can see from our <a title=\"Bitcoin Merchandise\" href=\"{CCM:CID_1}\">search page</a> that you can use bitcoins to buy essentially any commidity or service that you can buy with traditional money. In fact, there are hundreds of businesses that collectively offer tens of thousands of products, and these numbers grow each day at an exponential rate.</p>\r\n<p>So how do you get bitcoins? The first step is to download the bitcoin software. The program is easy to install. Once you install it, you will be given a bitcoin address. This is kind of like an email address that is for receiving money online. A typical bitcoin address looks something like ours (<em>17gcmYY8Q7nPagk4zKRwjtgxrUvvBcFhDr)</em>. The bitcoin software may take awhile to sync with the rest of the bitcoin network. If you don\'t want to wait this long, you can use any of the online bitcoin banks, which will operate the bitcoin software for you, to quickly get your first bitcoin address.</p>\r\n<p>Once you have setup a bitcoin account, you can use the <a title=\"Get some free bitcoins\" href=\"http://freebitcoins.appspot.com/\">bitcoin faucet</a> to get your first&nbsp;<em>bit-change</em> for free. The bit-change will be sent to your account and saved in your computer (all coins are saved into a special file called the wallet file). If you want more bitcoins you will probably have to purchase them from an <a title=\"Directory of bitcoin exhanges.\" href=\"http://en.bitcoin.it/wiki/Buying_bitcoins\">exchange</a>. The exchanges are websites where people can buy and sell bitcoins. I suggest that you sign-up at an exchange now, because it typically can take up to a week to verify your account.</p>\r\n<p><img style=\"float: right;\" src=\"{CCM:FID_7}\" alt=\"Screenshot.png\" width=\"199\" height=\"100\" />You can also use the bitcoin software to generate <a title=\"Generate new bitcoins\" href=\"http://www.bitcoinminer.com/\">new bitcoins</a>. Wait! You can just print off new money in this currency? Well, yes, but it becomes harder to generate new bitcoins as more and more are made. This is on purpose, to ensure a limited supply of bitcoins. In fact, there is a limit on the total number of bitcoins that can be generated. I recommend against trying to generate new bitcoins, unless you have a high-end model computer. Otherwise, you may be waiting around for a long time.</p>')
 ,(109,'<p><a title=\"Bit sites\" href=\"http://bitsites.net/\">Bitsites</a>: Bitsites is the equivalent of Yelp for bitcoin businesses. We are currently in the process of sharing our database of bitcoin businesses with them.</p>')
 ,(110,'<p><a title=\"Meet the trader\" href=\"http://www.bitcoinbulletin.com\">Bitcoin Bulletin</a>: The bitcoin bulletin, among other things, helps to promote the bitcoin economy with their <em>Meet the Trader</em> interviews.</p>')
 ,(112,'<h5>Stay tuned to learn about the exciting things that are just around the corner.</h5>')
 ,(150,'<p>Search bitcoin is searching the web to find businesses accepting bitcoins. This has put us in the unique position to help consumers and other businesses find the services they need from the bitcoin community. To help foster the development of the bitcoin econommy, we will be release our entire database of bitcoin businesses that we have found.</p>\r\n<p>But we need your help! If you own a business and would like to or already do accept bitcoins as a method of payment then we want to hear from you. Our database is large but far from complete. Please fill out the form below and we will be sure to include you in our database. In turn, we will add to our <a title=\"Bitcoin Merchandise\" href=\"{CCM:CID_1}\">live feed</a> and share this database with our partner websites who will list your products and services in their business directories.</p>')
 ,(151,'<p>Search bitcoin is searching the web to find businesses accepting bitcoins. This has put us in the unique position to help consumers and other businesses find the services they need from the bitcoin community. To help foster the development of the bitcoin econommy, we will be release our entire database of bitcoin businesses that we have found.</p>\r\n<p>But we need your help! If you own a business and would like to or already do accept bitcoins as a method of payment then we want to hear from you. Our database is large but far from complete. Please fill out the form below and we will be sure to include you in our database. In turn, we will add your business to our <a title=\"Bitcoin Merchandise\" href=\"{CCM:CID_1}\">live feed</a> and share this database with our partner websites who will list your products and services in their business directories.</p>')
 ,(152,'<p>If you would like access to the database then please use the <a title=\"Contact Us\" href=\"{CCM:CID_75}\">contact us</a> page to place a request. We are happy to share our database, and there will be no charge. However, this is a community driven project, and as such you will have to give back. If you operate a competing directory listing service, you will have to share any additional enteries into the database with the rest of the community. In this manner, the entire bitcoin community can benefit.&nbsp;<em>We will also be happy to include a link to other websites that provide an online directory listings of bitcoin business and services.</em></p>')
 ,(153,'<p>If you would like access to the database then please use the <a title=\"Contact Us\" href=\"{CCM:CID_75}\">contact us</a> page to place a request. We are happy to share our database, and there will be no charge. However, this is a community driven project, and as such you will have to give back. If you operate a competing directory listing service, you will have to share any additional enteries into the database with the rest of the community. In this manner, the entire bitcoin community can benefit.&nbsp;<em>We will also be happy to include a link to other websites that provide an online directory listings of bitcoin business and services.</em></p>')
 ,(154,'<p>Search bitcoin is searching the web to find businesses accepting bitcoins. This has put us in the unique position to help consumers and other businesses find the services they need from the bitcoin community. To help foster the development of the bitcoin econommy, we will be release our entire database of bitcoin businesses that we have found.</p>\r\n<p><img style=\"float: right;\" src=\"{CCM:FID_10}\" alt=\"business_database.png\" width=\"250\" height=\"160\" />But we need your help! If you own a business and would like to or already do accept bitcoins as a method of payment then we want to hear from you. Our database is large but far from complete. Please fill out the form below and we will be sure to include you in our database. In turn, we will add your business to our <a title=\"Bitcoin Merchandise\" href=\"{CCM:CID_1}\">live feed</a> and share this database with our partner websites who will list your products and services in their business directories.</p>')
 ,(155,'<p>Search bitcoin is searching the web to find businesses accepting bitcoins. This has put us in the unique position to help consumers and other businesses find the services they need from the bitcoin community. To help foster the development of the bitcoin econommy, we will be releasing our entire database of bitcoin businesses that we have found.</p>\r\n<p><img style=\"float: right;\" src=\"{CCM:FID_10}\" alt=\"business_database.png\" width=\"250\" height=\"160\" />But we need your help! If you own a business and would like to or already do accept bitcoins as a method of payment then we want to hear from you. Our database is large but far from complete. Please fill out the form below and we will be sure to include you in our database. In turn, we will add your business to our <a title=\"Bitcoin Merchandise\" href=\"{CCM:CID_1}\">live feed</a> and share this database with our partner websites who will list your products and services in their business directories.</p>')
 ,(156,'<p><em>Search bitcoin</em> is searching the web to find businesses that accept bitcoins. This has put us in the unique position to help consumers and other businesses find the products and services they need from the bitcoin community. To help foster the development of the bitcoin econommy, we will be releasing our entire database of bitcoin businesses that we have found.</p>\r\n<p><img style=\"float: right;\" src=\"{CCM:FID_10}\" alt=\"business_database.png\" width=\"250\" height=\"160\" />But we need your help! If you own a business and would like to or already accept bitcoins as a method of payment then we want to hear from you. Our database is large but far from complete. Please fill out the form below and we will be sure to include you in our database. In turn, we will add your business to our <a title=\"Bitcoin Merchandise\" href=\"{CCM:CID_1}\">live feed</a> and share this database with our partner websites who will list your products and services in their business directories.</p>')
 ,(157,'<p><img style=\"float: right;\" src=\"{CCM:FID_8}\" alt=\"love_bitcoins.png\" width=\"128\" height=\"128\" />Bitcoins are one of the few true digital currencies in existence, and although the technology behind bitcoins is complex, the currency is simple to use. Bitcoins are unique in that they have been designed with security in mind, can be traded online as easily as emails are sent, and are decentralized so that no authority can undermine the transactions.</p>\r\n<p>So what do people use bitcoins for? Well, you can see from our <a title=\"Bitcoin Merchandise\" href=\"{CCM:CID_1}\">search page</a> that you can use bitcoins to buy essentially any commidity or service that you can buy with traditional money. In fact, there are hundreds of businesses that collectively offer tens of thousands of products, and these numbers grow each day at an exponential rate.</p>\r\n<p>So how do you get bitcoins? The first step is to download the bitcoin software. The program is easy to install. Once you install it, you will be given a bitcoin address. This is kind of like an email address that is for receiving money online. A typical bitcoin address looks something like ours (<em>17gcmYY8Q7nPagk4zKRwjtgxrUvvBcFhDr)</em>. The bitcoin software may take awhile to sync with the rest of the bitcoin network. If you don\'t want to wait this long, you can use any of the online bitcoin banks, which will operate the bitcoin software for you, to quickly get you your first bitcoin address.</p>\r\n<p>Once you have setup a bitcoin account, you can use the <a title=\"Get some free bitcoins\" href=\"http://freebitcoins.appspot.com/\">bitcoin faucet</a> to get your first&nbsp;<em>bit-change</em> for free. The bit-change will be sent to your account and saved on your computer (all coins are saved into a special file called the wallet file). If you want more bitcoins you will probably have to purchase them from an <a title=\"Directory of bitcoin exhanges.\" href=\"http://en.bitcoin.it/wiki/Buying_bitcoins\">exchange</a>. The exchanges are websites where people buy and sell bitcoins. We suggest that you sign-up at an exchange now, because it typically can take up to a week to verify your account.</p>\r\n<p><img style=\"display: block; margin-left: auto; margin-right: auto;\" src=\"{CCM:FID_9}\" alt=\"Screenshot.png\" width=\"398\" height=\"200\" /></p>\r\n<p>You can also use the bitcoin software to generate new bitcoins. Wait! You can just print off new money in this currency? Well, yes, but it becomes harder to generate new bitcoins as more and more are made. Bitcoins were designed like this on purpose, to ensure a limited supply of bitcoins. In fact, there is a limit on the total number of bitcoins that can be generated. We recommend against trying to generate new bitcoins, unless you have a high-end model computer. Otherwise, you may be waiting around for a long time.</p>')
 ,(158,'<p>Bruce Wagner and associates decided to an interview covering our website plugin that creates a live feed out of the merchandise available in the bitcoin community. Watch the video below.</p>')
 ,(160,'<p>Bruce Wagner and associates decided to an interview covering our website plugin that creates a live feed out of the merchandise available in the bitcoin community. Watch the video right here.</p>')
 ,(168,'<table style=\"float: left; margin: 10;\" border=\"1\" width=\"100\">\r\n<tbody>\r\n<tr>\r\n<td><img style=\"float: left;\" src=\"{CCM:FID_12}\" alt=\"crystal_ball.jpg\" width=\"100\" height=\"127\" /></td>\r\n</tr>\r\n<tr>\r\n<td>Figure 1. I feel like I see the future.</td>\r\n</tr>\r\n</tbody>\r\n</table>\r\n<p>I like to think of bitcoins as an experiment &ndash; a forerunner for currencies in the distant future. Bitcoins are unique in that the currency exists entirely in the digital realm, is designed from the ground up using encryption, and is maintained by a network of peer-to-peer computers that form the backbone of the economy. The currency allows for anonymous trading and there are no transaction fees (right now, the banks get a percentage of every online transaction).</p>\r\n<table style=\"float: right; margin: 10;\" border=\"1\" width=\"75\">\r\n<tbody>\r\n<tr>\r\n<td><img style=\"float: right;\" src=\"{CCM:FID_11}\" alt=\"alpacasock.jpg\" width=\"75\" height=\"137\" /></td>\r\n</tr>\r\n<tr>\r\n<td>Figure 2. I feel like my feet are warm.</td>\r\n</tr>\r\n</tbody>\r\n</table>\r\n<p>People new to bitcoins often ask what can I do with them? I found the question difficult to answer. The standard reply was that you could buy alpaca socks - an answer I found dissatisfying. Clearly this was a problem for the burgeoning currency. As I wondered about this question more and more, I noticed numerous online stores starting to accept bitcoins as a form of payment. It was exciting to discover each new site as it popped-up, but each of these sites seemed to have the same problem as all the others &ndash; they were &ldquo;empty houses&rdquo;. None of the stores offered a compelling selection of merchandise or services. Each site left you feeling a little like the last person to arrive at a garage sale.<br /><br />I saw the bitcoin economy as a massive set of tiny garage sales. I had many midnight conversations on the subject with my confederate, Spencer Dailey. Together we came to the conclusion that first successful bitcoin store would be Craigslist -&nbsp; a logical assumption given that craigslist is the biggest of all garage sales. We began following the people on the site who were accepting bitcoins as the method of payment. We even started reposting craigslist offerings from these individuals to help promote the bitcoin economy &ndash; a tedious process indeed.<br /><br />A few months passed, and nothing really happened on craigslist. It was disappointing. Meanwhile, even more bitcoin stores opened up, but as was the case with each one of these stores, I could count their entire stock of merchandise on my fingers. Clearly, there was a need to unify these stores to create a shopping mall out of the hundreds of outlets. This was the motivation for beginning my experiment, which all started on a cold Friday night in the Windy City.</p>\r\n<table style=\"float: left;\" border=\"1\" width=\"150\">\r\n<tbody>\r\n<tr>\r\n<td><img style=\"float: left; margin: 10;\" src=\"{CCM:FID_13}\" alt=\"neo.jpg\" width=\"150\" height=\"88\" /></td>\r\n</tr>\r\n<tr>\r\n<td>Figure 3. I feel like Neo once again as I fly through the lines of computer code.</td>\r\n</tr>\r\n</tbody>\r\n</table>\r\n<p>That night, I downloaded an open-source package for crawling and indexing the web. I added my own modifications to the code, and before I went to bed I had a large MySQL database of all the items for sale in the bitcoin community. I then used a PHP framework to generate HTML pages for all the entries in my database. I scrolled through the pages containing the entries in my database, and I saw I could buy just about everything I needed. Food, deodorant, shoes to go with the alpaca socks, and even a new laptop were all right in front of me in my database. It was impressive, and at that moment I realized that bitcoins could become something more than cryptographic keys traded at Mt Gox. <em>(So maybe it took me more than just one night to do all of this)</em></p>\r\n<table style=\"float: right; margin: 10;\" border=\"1\" width=\"125\">\r\n<tbody>\r\n<tr>\r\n<td><img style=\"float: right;\" src=\"{CCM:FID_14}\" alt=\"spock.jpg\" width=\"125\" height=\"113\" /></td>\r\n</tr>\r\n<tr>\r\n<td>Figure 4. Now I feel like Spock reading observations from a tricorder.</td>\r\n</tr>\r\n</tbody>\r\n</table>\r\n<p>And now on to this experiment that I keep mentioning. I want to measure and observe the volume of merchandise and services being bought and sold in the bitcoin community to see if the bitcoins are actually starting to be used as on online currency. At the same time, I want to help unify the bitcoin stores together under a single location on the web. To that end, I&rsquo;ve decided to list the items in my database in a live feed that displays each entry for a few seconds. Each time someone clicks on an item to buy, they will be redirected to the appropriate bitcoin store. I&rsquo;ve setup the feed so that I can track each click to see if people are buying stuff. Over time, I hope to measure the number of people wanting to buy stuff with their bitcoins.&nbsp;<br /><br />The feed can be easily embedded into any webpage. It is my hope that people will continue to use the plugin so that I can track the clicks. In time, I will make my statistics and findings publicly available. Anyone who wants to add items to the feed may do so by contacting me, and there will be no fees for having their merchandise added. Now, get started with the experiment and start clicking on stuff that you can buy with bitcoins!</p>\r\n<p>&nbsp;</p>\r\n<script src=\"http://api.bitcoinbulletin.com/btceconomy\" type=\"text/javascript\"></script>')
 ,(167,'<table style=\"float: left;\" border=\"1\" width=\"100\">\r\n<tbody>\r\n<tr>\r\n<td><img style=\"float: left;\" src=\"{CCM:FID_12}\" alt=\"crystal_ball.jpg\" width=\"100\" height=\"127\" /></td>\r\n</tr>\r\n<tr>\r\n<td>Figure 1. I feel like I see the future.</td>\r\n</tr>\r\n</tbody>\r\n</table>\r\n<p>I like to think of bitcoins as an experiment &ndash; a forerunner for currencies in the distant future. Bitcoins are unique in that the currency exists entirely in the digital realm, is designed from the ground up using encryption, and is maintained by a network of peer-to-peer computers that form the backbone of the economy. The currency allows for anonymous trading and there are no transaction fees (right now, the banks get a percentage of every online transaction).</p>\r\n<table style=\"float: right;\" border=\"1\" width=\"75\">\r\n<tbody>\r\n<tr>\r\n<td><img style=\"float: right;\" src=\"{CCM:FID_11}\" alt=\"alpacasock.jpg\" width=\"75\" height=\"137\" /></td>\r\n</tr>\r\n<tr>\r\n<td>Figure 2. I feel like my feet are warm.</td>\r\n</tr>\r\n</tbody>\r\n</table>\r\n<p>People new to bitcoins often ask what can I do with them? I found the question difficult to answer. The standard reply was that you could buy alpaca socks - an answer I found dissatisfying. Clearly this was a problem for the burgeoning currency. As I wondered about this question more and more, I noticed numerous online stores starting to accept bitcoins as a form of payment. It was exciting to discover each new site as it popped-up, but each of these sites seemed to have the same problem as all the others &ndash; they were &ldquo;empty houses&rdquo;. None of the stores offered a compelling selection of merchandise or services. Each site left you feeling a little like the last person to arrive at a garage sale.<br /><br />I saw the bitcoin economy as a massive set of tiny garage sales. I had many midnight conversations on the subject with my confederate, Spencer Dailey. Together we came to the conclusion that first successful bitcoin store would be Craigslist -&nbsp; a logical assumption given that craigslist is the biggest of all garage sales. We began following the people on the site who were accepting bitcoins as the method of payment. We even started reposting craigslist offerings from these individuals to help promote the bitcoin economy &ndash; a tedious process indeed.<br /><br />A few months passed, and nothing really happened on craigslist. It was disappointing. Meanwhile, even more bitcoin stores opened up, but as was the case with each one of these stores, I could count their entire stock of merchandise on my fingers. Clearly, there was a need to unify these stores to create a shopping mall out of the hundreds of outlets. This was the motivation for beginning my experiment, which all started on a cold Friday night in the Windy City.</p>\r\n<table style=\"float: left;\" border=\"1\" width=\"150\">\r\n<tbody>\r\n<tr>\r\n<td><img style=\"float: left;\" src=\"{CCM:FID_13}\" alt=\"neo.jpg\" width=\"150\" height=\"88\" /></td>\r\n</tr>\r\n<tr>\r\n<td>Figure 3. I feel like Neo once again as I fly through the lines of computer code.</td>\r\n</tr>\r\n</tbody>\r\n</table>\r\n<p>That night, I downloaded an open-source package for crawling and indexing the web. I added my own modifications to the code, and before I went to bed I had a large MySQL database of all the items for sale in the bitcoin community. I then used a PHP framework to generate HTML pages for all the entries in my database. I scrolled through the pages containing the entries in my database, and I saw I could buy just about everything I needed. Food, deodorant, shoes to go with the alpaca socks, and even a new laptop were all right in front of me in my database. It was impressive, and at that moment I realized that bitcoins could become something more than cryptographic keys traded at Mt Gox. <em>(So maybe it took me more than just one night to do all of this)</em></p>\r\n<table style=\"float: right;\" border=\"1\" width=\"125\">\r\n<tbody>\r\n<tr>\r\n<td><img style=\"float: right;\" src=\"{CCM:FID_14}\" alt=\"spock.jpg\" width=\"125\" height=\"113\" /></td>\r\n</tr>\r\n<tr>\r\n<td>Figure 4. Now I feel like Spock reading observations from a tricorder.</td>\r\n</tr>\r\n</tbody>\r\n</table>\r\n<p>And now on to this experiment that I keep mentioning. I want to measure and observe the volume of merchandise and services being bought and sold in the bitcoin community to see if the bitcoins are actually starting to be used as on online currency. At the same time, I want to help unify the bitcoin stores together under a single location on the web. To that end, I&rsquo;ve decided to list the items in my database in a live feed that displays each entry for a few seconds. Each time someone clicks on an item to buy, they will be redirected to the appropriate bitcoin store. I&rsquo;ve setup the feed so that I can track each click to see if people are buying stuff. Over time, I hope to measure the number of people wanting to buy stuff with their bitcoins.&nbsp;<br /><br />The feed can be easily embedded into any webpage. It is my hope that people will continue to use the plugin so that I can track the clicks. In time, I will make my statistics and findings publicly available. Anyone who wants to add items to the feed may do so by contacting me, and there will be no fees for having their merchandise added. Now, get started with the experiment and start clicking on stuff that you can buy with bitcoins!</p>\r\n<p>&nbsp;</p>\r\n<script src=\"http://api.bitcoinbulletin.com/btceconomy\" type=\"text/javascript\"></script>')
 ,(169,'<table style=\"float: left; margin: 10px;\" border=\"1\" width=\"100\">\r\n<tbody>\r\n<tr>\r\n<td><img style=\"float: left;\" src=\"{CCM:FID_12}\" alt=\"crystal_ball.jpg\" width=\"100\" height=\"127\" /></td>\r\n</tr>\r\n<tr>\r\n<td>Figure 1. I feel like I see the future.</td>\r\n</tr>\r\n</tbody>\r\n</table>\r\n<p>I like to think of bitcoins as an experiment &ndash; a forerunner for currencies in the distant future. Bitcoins are unique in that the currency exists entirely in the digital realm, is designed from the ground up using encryption, and is maintained by a network of peer-to-peer computers that form the backbone of the economy. The currency allows for anonymous trading and there are no transaction fees (right now, the banks get a percentage of every online transaction).</p>\r\n<table style=\"float: right; margin: 10px;\" border=\"1\" width=\"75\">\r\n<tbody>\r\n<tr>\r\n<td><img style=\"float: right;\" src=\"{CCM:FID_11}\" alt=\"alpacasock.jpg\" width=\"75\" height=\"137\" /></td>\r\n</tr>\r\n<tr>\r\n<td>Figure 2. I feel like my feet are warm.</td>\r\n</tr>\r\n</tbody>\r\n</table>\r\n<p>People new to bitcoins often ask what can I do with them? I found the question difficult to answer. The standard reply was that you could buy alpaca socks - an answer I found dissatisfying. Clearly this was a problem for the burgeoning currency. As I wondered about this question more and more, I noticed numerous online stores starting to accept bitcoins as a form of payment. It was exciting to discover each new site as it popped-up, but each of these sites seemed to have the same problem as all the others &ndash; they were &ldquo;empty houses&rdquo;. None of the stores offered a compelling selection of merchandise or services. Each site left you feeling a little like the last person to arrive at a garage sale.<br /><br />I saw the bitcoin economy as a massive set of tiny garage sales. I had many midnight conversations on the subject with my confederate, Spencer Dailey. Together we came to the conclusion that first successful bitcoin store would be Craigslist -&nbsp; a logical assumption given that craigslist is the biggest of all garage sales. We began following the people on the site who were accepting bitcoins as the method of payment. We even started reposting craigslist offerings from these individuals to help promote the bitcoin economy &ndash; a tedious process indeed.<br /><br />A few months passed, and nothing really happened on craigslist. It was disappointing. Meanwhile, even more bitcoin stores opened up, but as was the case with each one of these stores, I could count their entire stock of merchandise on my fingers. Clearly, there was a need to unify these stores to create a shopping mall out of the hundreds of outlets. This was the motivation for beginning my experiment, which all started on a cold Friday night in the Windy City.</p>\r\n<table style=\"float: left;\" border=\"1\" width=\"150\">\r\n<tbody>\r\n<tr>\r\n<td><img style=\"float: left; margin: 10;\" src=\"{CCM:FID_13}\" alt=\"neo.jpg\" width=\"150\" height=\"88\" /></td>\r\n</tr>\r\n<tr>\r\n<td>Figure 3. I feel like Neo once again as I fly through the lines of computer code.</td>\r\n</tr>\r\n</tbody>\r\n</table>\r\n<p>That night, I downloaded an open-source package for crawling and indexing the web. I added my own modifications to the code, and before I went to bed I had a large MySQL database of all the items for sale in the bitcoin community. I then used a PHP framework to generate HTML pages for all the entries in my database. I scrolled through the pages containing the entries in my database, and I saw I could buy just about everything I needed. Food, deodorant, shoes to go with the alpaca socks, and even a new laptop were all right in front of me in my database. It was impressive, and at that moment I realized that bitcoins could become something more than cryptographic keys traded at Mt Gox. <em>(So maybe it took me more than just one night to do all of this)</em></p>\r\n<table style=\"float: right; margin: 10;\" border=\"1\" width=\"125\">\r\n<tbody>\r\n<tr>\r\n<td><img style=\"float: right;\" src=\"{CCM:FID_14}\" alt=\"spock.jpg\" width=\"125\" height=\"113\" /></td>\r\n</tr>\r\n<tr>\r\n<td>Figure 4. Now I feel like Spock reading observations from a tricorder.</td>\r\n</tr>\r\n</tbody>\r\n</table>\r\n<p>And now on to this experiment that I keep mentioning. I want to measure and observe the volume of merchandise and services being bought and sold in the bitcoin community to see if the bitcoins are actually starting to be used as on online currency. At the same time, I want to help unify the bitcoin stores together under a single location on the web. To that end, I&rsquo;ve decided to list the items in my database in a live feed that displays each entry for a few seconds. Each time someone clicks on an item to buy, they will be redirected to the appropriate bitcoin store. I&rsquo;ve setup the feed so that I can track each click to see if people are buying stuff. Over time, I hope to measure the number of people wanting to buy stuff with their bitcoins.&nbsp;<br /><br />The feed can be easily embedded into any webpage. It is my hope that people will continue to use the plugin so that I can track the clicks. In time, I will make my statistics and findings publicly available. Anyone who wants to add items to the feed may do so by contacting me, and there will be no fees for having their merchandise added. Now, get started with the experiment and start clicking on stuff that you can buy with bitcoins!</p>\r\n<script src=\"http://api.bitcoinbulletin.com/btceconomy\" type=\"text/javascript\"></script>\r\n<p>&nbsp;</p>')
 ,(170,'<table style=\"float: left; margin: 10px;\" border=\"1\" width=\"100\">\r\n<tbody>\r\n<tr>\r\n<td><img style=\"float: left;\" src=\"{CCM:FID_12}\" alt=\"crystal_ball.jpg\" width=\"100\" height=\"127\" /></td>\r\n</tr>\r\n<tr>\r\n<td>Figure 1. I feel like I see the future.</td>\r\n</tr>\r\n</tbody>\r\n</table>\r\n<p>I like to think of bitcoins as an experiment &ndash; a forerunner for currencies in the distant future. Bitcoins are unique in that the currency exists entirely in the digital realm, is designed from the ground up using encryption, and is maintained by a network of peer-to-peer computers that form the backbone of the economy. The currency allows for anonymous trading and there are no transaction fees (right now, the banks get a percentage of every online transaction).</p>\r\n<table style=\"float: right; margin: 10px;\" border=\"1\" width=\"75\">\r\n<tbody>\r\n<tr>\r\n<td><img style=\"float: right;\" src=\"{CCM:FID_11}\" alt=\"alpacasock.jpg\" width=\"75\" height=\"137\" /></td>\r\n</tr>\r\n<tr>\r\n<td>Figure 2. I feel like my feet are warm.</td>\r\n</tr>\r\n</tbody>\r\n</table>\r\n<p>People new to bitcoins often ask what can I do with them? I found the question difficult to answer. The standard reply was that you could buy alpaca socks - an answer I found dissatisfying. Clearly this was a problem for the burgeoning currency. As I wondered about this question more and more, I noticed numerous online stores starting to accept bitcoins as a form of payment. It was exciting to discover each new site as it popped-up, but each of these sites seemed to have the same problem as all the others &ndash; they were &ldquo;empty houses&rdquo;. None of the stores offered a compelling selection of merchandise or services. Each site left you feeling a little like the last person to arrive at a garage sale.<br /><br />I saw the bitcoin economy as a massive set of tiny garage sales. I had many midnight conversations on the subject with my confederate, Spencer Dailey. Together we came to the conclusion that first successful bitcoin store would be Craigslist -&nbsp; a logical assumption given that craigslist is the biggest of all garage sales. We began following the people on the site who were accepting bitcoins as the method of payment. We even started reposting craigslist offerings from these individuals to help promote the bitcoin economy &ndash; a tedious process indeed.<br /><br />A few months passed, and nothing really happened on craigslist. It was disappointing. Meanwhile, even more bitcoin stores opened up, but as was the case with each one of these stores, I could count their entire stock of merchandise on my fingers. Clearly, there was a need to unify these stores to create a shopping mall out of the hundreds of outlets. This was the motivation for beginning my experiment, which all started on a cold Friday night in the Windy City.</p>\r\n<table style=\"float: left;\" border=\"1\" width=\"150\">\r\n<tbody>\r\n<tr>\r\n<td><img style=\"float: left; margin: 10px;\" src=\"{CCM:FID_13}\" alt=\"neo.jpg\" width=\"150\" height=\"88\" /></td>\r\n</tr>\r\n<tr>\r\n<td>Figure 3. I feel like Neo once again as I fly through the lines of computer code.</td>\r\n</tr>\r\n</tbody>\r\n</table>\r\n<p>That night, I downloaded an open-source package for crawling and indexing the web. I added my own modifications to the code, and before I went to bed I had a large MySQL database of all the items for sale in the bitcoin community. I then used a PHP framework to generate HTML pages for all the entries in my database. I scrolled through the pages containing the entries in my database, and I saw I could buy just about everything I needed. Food, deodorant, shoes to go with the alpaca socks, and even a new laptop were all right in front of me in my database. It was impressive, and at that moment I realized that bitcoins could become something more than cryptographic keys traded at Mt Gox. <em>(So maybe it took me more than just one night to do all of this)</em></p>\r\n<table style=\"float: right; margin: 10px;\" border=\"1\" width=\"125\">\r\n<tbody>\r\n<tr>\r\n<td><img style=\"float: right;\" src=\"{CCM:FID_14}\" alt=\"spock.jpg\" width=\"125\" height=\"113\" /></td>\r\n</tr>\r\n<tr>\r\n<td>Figure 4. Now I feel like Spock reading observations from a tricorder.</td>\r\n</tr>\r\n</tbody>\r\n</table>\r\n<p>And now on to this experiment that I keep mentioning. I want to measure and observe the volume of merchandise and services being bought and sold in the bitcoin community to see if the bitcoins are actually starting to be used as on online currency. At the same time, I want to help unify the bitcoin stores together under a single location on the web. To that end, I&rsquo;ve decided to list the items in my database in a live feed that displays each entry for a few seconds. Each time someone clicks on an item to buy, they will be redirected to the appropriate bitcoin store. I&rsquo;ve setup the feed so that I can track each click to see if people are buying stuff. Over time, I hope to measure the number of people wanting to buy stuff with their bitcoins.&nbsp;<br /><br />The feed can be easily embedded into any webpage. It is my hope that people will continue to use the plugin so that I can track the clicks. In time, I will make my statistics and findings publicly available. Anyone who wants to add items to the feed may do so by contacting me, and there will be no fees for having their merchandise added. Now, get started with the experiment and start clicking on stuff that you can buy with bitcoins!</p>\r\n<script src=\"http://api.bitcoinbulletin.com/btceconomy\" type=\"text/javascript\"></script>\r\n<p>&nbsp;</p>')
 ,(171,'<table style=\"float: left; margin: 15px;\" width=\"100\">\r\n<tbody>\r\n<tr>\r\n<td><img style=\"float: left;\" src=\"{CCM:FID_12}\" alt=\"crystal_ball.jpg\" width=\"100\" height=\"127\" /></td>\r\n</tr>\r\n<tr>\r\n<td>Figure 1. I feel like I see the future.</td>\r\n</tr>\r\n</tbody>\r\n</table>\r\n<p>I like to think of bitcoins as an experiment &ndash; a forerunner for currencies in the distant future. Bitcoins are unique in that the currency exists entirely in the digital realm, is designed from the ground up using encryption, and is maintained by a network of peer-to-peer computers that form the backbone of the economy. The currency allows for anonymous trading and there are no transaction fees (right now, the banks get a percentage of every online transaction).</p>\r\n<table style=\"float: right; margin: 15px;\" width=\"75\">\r\n<tbody>\r\n<tr>\r\n<td><img style=\"float: right;\" src=\"{CCM:FID_11}\" alt=\"alpacasock.jpg\" width=\"75\" height=\"137\" /></td>\r\n</tr>\r\n<tr>\r\n<td>Figure 2. I feel like my feet are warm.</td>\r\n</tr>\r\n</tbody>\r\n</table>\r\n<p>People new to bitcoins often ask what can I do with them? I found the question difficult to answer. The standard reply was that you could buy alpaca socks - an answer I found dissatisfying. Clearly this was a problem for the burgeoning currency. As I wondered about this question more and more, I noticed numerous online stores starting to accept bitcoins as a form of payment. It was exciting to discover each new site as it popped-up, but each of these sites seemed to have the same problem as all the others &ndash; they were &ldquo;empty houses&rdquo;. None of the stores offered a compelling selection of merchandise or services. Each site left you feeling a little like the last person to arrive at a garage sale.<br /><br />I saw the bitcoin economy as a massive set of tiny garage sales. I had many midnight conversations on the subject with my confederate, Spencer Dailey. Together we came to the conclusion that first successful bitcoin store would be Craigslist -&nbsp; a logical assumption given that craigslist is the biggest of all garage sales. We began following the people on the site who were accepting bitcoins as the method of payment. We even started reposting craigslist offerings from these individuals to help promote the bitcoin economy &ndash; a tedious process indeed.<br /><br />A few months passed, and nothing really happened on craigslist. It was disappointing. Meanwhile, even more bitcoin stores opened up, but as was the case with each one of these stores, I could count their entire stock of merchandise on my fingers. Clearly, there was a need to unify these stores to create a shopping mall out of the hundreds of outlets. This was the motivation for beginning my experiment, which all started on a cold Friday night in the Windy City.</p>\r\n<table style=\"float: left; margin: 15px;\" width=\"150\">\r\n<tbody>\r\n<tr>\r\n<td><img style=\"float: left;\" src=\"{CCM:FID_13}\" alt=\"neo.jpg\" width=\"150\" height=\"88\" /></td>\r\n</tr>\r\n<tr>\r\n<td>Figure 3. I feel like Neo once again as I fly through the lines of computer code.</td>\r\n</tr>\r\n</tbody>\r\n</table>\r\n<p>That night, I downloaded an open-source package for crawling and indexing the web. I added my own modifications to the code, and before I went to bed I had a large MySQL database of all the items for sale in the bitcoin community. I then used a PHP framework to generate HTML pages for all the entries in my database. I scrolled through the pages containing the entries in my database, and I saw I could buy just about everything I needed. Food, deodorant, shoes to go with the alpaca socks, and even a new laptop were all right in front of me in my database. It was impressive, and at that moment I realized that bitcoins could become something more than cryptographic keys traded at Mt Gox. <em>(So maybe it took me more than just one night to do all of this)</em></p>\r\n<table style=\"float: right; margin: 15px;\" width=\"125\">\r\n<tbody>\r\n<tr>\r\n<td><img style=\"float: right;\" src=\"{CCM:FID_14}\" alt=\"spock.jpg\" width=\"125\" height=\"113\" /></td>\r\n</tr>\r\n<tr>\r\n<td>Figure 4. Now I feel like Spock reading observations from a tricorder.</td>\r\n</tr>\r\n</tbody>\r\n</table>\r\n<p>And now on to this experiment that I keep mentioning. I want to measure and observe the volume of merchandise and services being bought and sold in the bitcoin community to see if the bitcoins are actually starting to be used as on online currency. At the same time, I want to help unify the bitcoin stores together under a single location on the web. To that end, I&rsquo;ve decided to list the items in my database in a live feed that displays each entry for a few seconds. Each time someone clicks on an item to buy, they will be redirected to the appropriate bitcoin store. I&rsquo;ve setup the feed so that I can track each click to see if people are buying stuff. Over time, I hope to measure the number of people wanting to buy stuff with their bitcoins.&nbsp;<br /><br />The feed can be easily embedded into any webpage. It is my hope that people will continue to use the plugin so that I can track the clicks. In time, I will make my statistics and findings publicly available. Anyone who wants to add items to the feed may do so by contacting me, and there will be no fees for having their merchandise added. Now, get started with the experiment and start clicking on stuff that you can buy with bitcoins!</p>\r\n<script src=\"http://api.bitcoinbulletin.com/btceconomy\" type=\"text/javascript\"></script>\r\n<p>&nbsp;</p>')
 ,(172,'<table style=\"float: left; margin: 15px;\" width=\"100\">\r\n<tbody>\r\n<tr>\r\n<td><img style=\"float: left;\" src=\"{CCM:FID_12}\" alt=\"crystal_ball.jpg\" width=\"100\" height=\"127\" /></td>\r\n</tr>\r\n<tr>\r\n<td>Figure 1. I feel like I see the future.</td>\r\n</tr>\r\n</tbody>\r\n</table>\r\n<p>I like to think of bitcoins as an experiment &ndash; a forerunner for currencies in the distant future. Bitcoins are unique in that the currency exists entirely in the digital realm, is designed from the ground up using encryption, and is maintained by a network of peer-to-peer computers that form the backbone of the economy. The currency allows for anonymous trading and there are no transaction fees (right now, the banks get a percentage of every online transaction).</p>\r\n<table style=\"float: right; margin: 15px;\" width=\"75\">\r\n<tbody>\r\n<tr>\r\n<td><img style=\"float: right;\" src=\"{CCM:FID_11}\" alt=\"alpacasock.jpg\" width=\"75\" height=\"137\" /></td>\r\n</tr>\r\n<tr>\r\n<td>Figure 2. I feel like my feet are warm.</td>\r\n</tr>\r\n</tbody>\r\n</table>\r\n<p>People new to bitcoins often ask what can I do with them? I found the question difficult to answer. The standard reply was that you could buy alpaca socks - an answer I found dissatisfying. Clearly this was a problem for the burgeoning currency. As I wondered about this question more and more, I noticed numerous online stores starting to accept bitcoins as a form of payment. It was exciting to discover each new site as it popped-up, but each of these sites seemed to have the same problem as all the others &ndash; they were &ldquo;empty houses&rdquo;. None of the stores offered a compelling selection of merchandise or services. Each site left you feeling a little like the last person to arrive at a garage sale.<br /><br />I saw the bitcoin economy as a massive set of tiny garage sales. I had many midnight conversations on the subject with my confederate, Spencer Dailey. Together we came to the conclusion that first successful bitcoin store would be Craigslist -&nbsp; a logical assumption given that craigslist is the biggest of all garage sales. We began following the people on the site who were accepting bitcoins as the method of payment. We even started reposting craigslist offerings from these individuals to help promote the bitcoin economy &ndash; a tedious process indeed.<br /><br />A few months passed, and nothing really happened on craigslist. It was disappointing. Meanwhile, even more bitcoin stores opened up, but as was the case with each one of these stores, I could count their entire stock of merchandise on my fingers. Clearly, there was a need to unify these stores to create a shopping mall out of the hundreds of outlets. This was the motivation for beginning my experiment, which all started on a cold Friday night in the Windy City.</p>\r\n<table style=\"float: left; margin: 15px;\" width=\"150\">\r\n<tbody>\r\n<tr>\r\n<td><img style=\"float: left;\" src=\"{CCM:FID_13}\" alt=\"neo.jpg\" width=\"150\" height=\"88\" /></td>\r\n</tr>\r\n<tr>\r\n<td>Figure 3. I feel like Neo once again as I fly through the lines of computer code.</td>\r\n</tr>\r\n</tbody>\r\n</table>\r\n<p>That night, I downloaded an open-source package for crawling and indexing the web. I added my own modifications to the code, and before I went to bed I had a large MySQL database of all the items for sale in the bitcoin community. I then used a PHP framework to generate HTML pages for all the entries in my database. I scrolled through the pages containing the entries in my database, and I saw I could buy just about everything I needed. Food, deodorant, shoes to go with the alpaca socks, and even a new laptop were all right in front of me in my database. It was impressive, and at that moment I realized that bitcoins could become something more than cryptographic keys traded at Mt Gox. <em>(So maybe it took me more than just one night to do all of this)</em></p>\r\n<table style=\"float: right; margin: 15px;\" width=\"125\">\r\n<tbody>\r\n<tr>\r\n<td><img style=\"float: right;\" src=\"{CCM:FID_14}\" alt=\"spock.jpg\" width=\"125\" height=\"113\" /></td>\r\n</tr>\r\n<tr>\r\n<td>Figure 4. Now I feel like Spock reading observations from a tricorder.</td>\r\n</tr>\r\n</tbody>\r\n</table>\r\n<p>And now on to this experiment that I keep mentioning. I want to measure and observe the volume of merchandise and services being bought and sold in the bitcoin community to see if the bitcoins are actually starting to be used as on online currency. At the same time, I want to help unify the bitcoin stores together under a single location on the web. To that end, I&rsquo;ve decided to list the items in my database in a live feed that displays each entry for a few seconds. Each time someone clicks on an item to buy, they will be redirected to the appropriate bitcoin store. I&rsquo;ve setup the feed so that I can track each click to see if people are buying stuff. Over time, I hope to measure the number of people wanting to buy stuff with their bitcoins.</p>\r\n<p>\r\n<script src=\"http://api.bitcoinbulletin.com/btceconomy\" type=\"text/javascript\"></script>\r\n</p>\r\n<p>The feed can be easily embedded into any webpage. It is my hope that people will continue to use the plugin so that I can track the clicks. In time, I will make my statistics and findings publicly available. Anyone who wants to add items to the feed may do so by contacting me, and there will be no fees for having their merchandise added. Now, get started with the experiment and start clicking on stuff that you can buy with bitcoins!</p>\r\n<p>&nbsp;</p>')
 ,(173,'<table style=\"float: left; margin: 15px;\" width=\"100\">\r\n<tbody>\r\n<tr>\r\n<td><img style=\"float: left;\" src=\"{CCM:FID_12}\" alt=\"crystal_ball.jpg\" width=\"100\" height=\"127\" /></td>\r\n</tr>\r\n<tr>\r\n<td>Figure 1. I feel like I see the future.</td>\r\n</tr>\r\n</tbody>\r\n</table>\r\n<p>I like to think of bitcoins as an experiment &ndash; a forerunner for currencies in the distant future. Bitcoins are unique in that the currency exists entirely in the digital realm, is designed from the ground up using encryption, and is maintained by a network of peer-to-peer computers that form the backbone of the economy. The currency allows for anonymous trading and there are no transaction fees (right now, the banks get a percentage of every online transaction).</p>\r\n<table style=\"float: right; margin: 15px;\" width=\"75\">\r\n<tbody>\r\n<tr>\r\n<td><img style=\"float: right;\" src=\"{CCM:FID_11}\" alt=\"alpacasock.jpg\" width=\"75\" height=\"137\" /></td>\r\n</tr>\r\n<tr>\r\n<td>Figure 2. I feel like my feet are warm.</td>\r\n</tr>\r\n</tbody>\r\n</table>\r\n<p>People new to bitcoins often ask what can I do with them? I found the question difficult to answer. The standard reply was that you could buy alpaca socks - an answer I found dissatisfying. Clearly this was a problem for the burgeoning currency. As I wondered about this question more and more, I noticed numerous online stores starting to accept bitcoins as a form of payment. It was exciting to discover each new site as it popped-up, but each of these sites seemed to have the same problem as all the others &ndash; they were &ldquo;empty houses&rdquo;. None of the stores offered a compelling selection of merchandise or services. Each site left you feeling a little like the last person to arrive at a garage sale.<br /><br />I saw the bitcoin economy as a massive set of tiny garage sales. I had many midnight conversations on the subject with my confederate, Spencer Dailey. Together we came to the conclusion that first successful bitcoin store would be Craigslist -&nbsp; a logical assumption given that craigslist is the biggest of all garage sales. We began following the people on the site who were accepting bitcoins as the method of payment. We even started reposting craigslist offerings from these individuals to help promote the bitcoin economy &ndash; a tedious process indeed.<br /><br />A few months passed, and nothing really happened on craigslist. It was disappointing. Meanwhile, even more bitcoin stores opened up, but as was the case with each one of these stores, I could count their entire stock of merchandise on my fingers. Clearly, there was a need to unify these stores to create a shopping mall out of the hundreds of outlets. This was the motivation for beginning my experiment, which all started on a cold Friday night in the Windy City.</p>\r\n<table style=\"float: left; margin: 15px;\" width=\"150\">\r\n<tbody>\r\n<tr>\r\n<td><img style=\"float: left;\" src=\"{CCM:FID_13}\" alt=\"neo.jpg\" width=\"150\" height=\"88\" /></td>\r\n</tr>\r\n<tr>\r\n<td>Figure 3. I feel like Neo once again as I fly through the lines of computer code.</td>\r\n</tr>\r\n</tbody>\r\n</table>\r\n<p>That night, I downloaded an open-source package for crawling and indexing the web. I added my own modifications to the code, and before I went to bed I had a large MySQL database of all the items for sale in the bitcoin community. I then used a PHP framework to generate HTML pages for all the entries in my database. I scrolled through the pages containing the entries in my database, and I saw I could buy just about everything I needed. Food, deodorant, shoes to go with the alpaca socks, and even a new laptop were all right in front of me in my database. It was impressive, and at that moment I realized that bitcoins could become something more than cryptographic keys traded at Mt Gox. <em>(So maybe it took me more than just one night to do all of this)</em></p>\r\n<table style=\"float: right; margin: 15px;\" width=\"125\">\r\n<tbody>\r\n<tr>\r\n<td><img style=\"float: right;\" src=\"{CCM:FID_14}\" alt=\"spock.jpg\" width=\"125\" height=\"113\" /></td>\r\n</tr>\r\n<tr>\r\n<td>Figure 4. Now I feel like Spock reading observations from a tricorder.</td>\r\n</tr>\r\n</tbody>\r\n</table>\r\n<p>And now on to this experiment that I keep mentioning. I want to measure and observe the volume of merchandise and services being bought and sold in the bitcoin community to see if the bitcoins are actually starting to be used as on online currency. At the same time, I want to help unify the bitcoin stores together under a single location on the web. To that end, I&rsquo;ve decided to list the items in my database in a live feed that displays each entry for a few seconds. Each time someone clicks on an item to buy, they will be redirected to the appropriate bitcoin store. I&rsquo;ve setup the feed so that I can track each click to see if people are buying stuff. Over time, I hope to measure the number of people wanting to buy stuff with their bitcoins.</p>\r\n<p>&nbsp;</p>\r\n<div style=\"margin-left: auto; margin-right: auto; width: 450px;\">\r\n<script src=\"http://api.bitcoinbulletin.com/btceconomy\" type=\"text/javascript\"></script>\r\n</div>\r\n<p>&nbsp;</p>\r\n<p>The feed can be easily embedded into any webpage. It is my hope that people will continue to use the plugin so that I can track the clicks. In time, I will make my statistics and findings publicly available. Anyone who wants to add items to the feed may do so by contacting me, and there will be no fees for having their merchandise added. Now, get started with the experiment and start clicking on stuff that you can buy with bitcoins!</p>\r\n<p>&nbsp;</p>')
 ,(174,'<table style=\"float: left; margin: 15px;\" width=\"100\">\r\n<tbody>\r\n<tr>\r\n<td><img style=\"float: left;\" src=\"{CCM:FID_12}\" alt=\"crystal_ball.jpg\" width=\"100\" height=\"127\" /></td>\r\n</tr>\r\n<tr>\r\n<td>Figure 1. I feel like I see the future.</td>\r\n</tr>\r\n</tbody>\r\n</table>\r\n<p>I like to think of bitcoins as an experiment &ndash; a forerunner for currencies in the distant future. Bitcoins are unique in that the currency exists entirely in the digital realm, is designed from the ground up using encryption, and is maintained by a network of peer-to-peer computers that form the backbone of the economy. The currency allows for anonymous trading and there are no transaction fees (right now, the banks get a percentage of every online transaction).</p>\r\n<table style=\"float: right; margin: 15px;\" width=\"75\">\r\n<tbody>\r\n<tr>\r\n<td><img style=\"float: right;\" src=\"{CCM:FID_11}\" alt=\"alpacasock.jpg\" width=\"75\" height=\"137\" /></td>\r\n</tr>\r\n<tr>\r\n<td>Figure 2. I feel like my feet are warm.</td>\r\n</tr>\r\n</tbody>\r\n</table>\r\n<p>People new to bitcoins often ask what can I do with them? I found the question difficult to answer. The standard reply was that you could buy alpaca socks - an answer I found dissatisfying. Clearly this was a problem for the burgeoning currency. As I wondered about this question more and more, I noticed numerous online stores starting to accept bitcoins as a form of payment. It was exciting to discover each new site as it popped-up, but each of these sites seemed to have the same problem as all the others &ndash; they were &ldquo;empty houses&rdquo;. None of the stores offered a compelling selection of merchandise or services. Each site left you feeling a little like the last person to arrive at a garage sale.<br /><br />I saw the bitcoin economy as a massive set of tiny garage sales. I had many midnight conversations on the subject with my confederate, Spencer Dailey. Together we came to the conclusion that first successful bitcoin store would be Craigslist -&nbsp; a logical assumption given that craigslist is the biggest of all garage sales. We began following the people on the site who were accepting bitcoins as the method of payment. We even started reposting craigslist offerings from these individuals to help promote the bitcoin economy &ndash; a tedious process indeed.<br /><br />A few months passed, and nothing really happened on craigslist. It was disappointing. Meanwhile, even more bitcoin stores opened up, but as was the case with each one of these stores, I could count their entire stock of merchandise on my fingers. Clearly, there was a need to unify these stores to create a shopping mall out of the hundreds of outlets. This was the motivation for beginning my experiment, which all started on a cold Friday night in the Windy City.</p>\r\n<table style=\"float: left; margin: 15px;\" width=\"150\">\r\n<tbody>\r\n<tr>\r\n<td><img style=\"float: left;\" src=\"{CCM:FID_13}\" alt=\"neo.jpg\" width=\"150\" height=\"88\" /></td>\r\n</tr>\r\n<tr>\r\n<td>Figure 3. I feel like Neo once again as I fly through the lines of computer code.</td>\r\n</tr>\r\n</tbody>\r\n</table>\r\n<p>That night, I downloaded an open-source package for crawling and indexing the web. I added my own modifications to the code, and before I went to bed I had a large MySQL database of all the items for sale in the bitcoin community. I then used a PHP framework to generate HTML pages for all the entries in my database. I scrolled through the pages containing the entries in my database, and I saw I could buy just about everything I needed. Food, deodorant, shoes to go with the alpaca socks, and even a new laptop were all right in front of me in my database. It was impressive, and at that moment I realized that bitcoins could become something more than cryptographic keys traded at Mt Gox. <em>(So maybe it took me more than just one night to do all of this)</em></p>\r\n<table style=\"float: right; margin: 15px;\" width=\"125\">\r\n<tbody>\r\n<tr>\r\n<td><img style=\"float: right;\" src=\"{CCM:FID_14}\" alt=\"spock.jpg\" width=\"125\" height=\"113\" /></td>\r\n</tr>\r\n<tr>\r\n<td>Figure 4. Now I feel like Spock reading observations from a tricorder.</td>\r\n</tr>\r\n</tbody>\r\n</table>\r\n<p>And now on to this experiment that I keep mentioning. I want to measure and observe the volume of merchandise and services being bought and sold in the bitcoin community to see if the bitcoins are actually starting to be used as on online currency. At the same time, I want to help unify the bitcoin stores together under a single location on the web. To that end, I&rsquo;ve decided to list the items in my database in a live feed that displays each entry for a few seconds. Each time someone clicks on an item to buy, they will be redirected to the appropriate bitcoin store. I&rsquo;ve setup the feed so that I can track each click to see if people are buying stuff. Over time, I hope to measure the number of people wanting to buy stuff with their bitcoins.</p>\r\n<p>&nbsp;</p>\r\n<div style=\"margin-left: auto; margin-right: auto; width: 450px;\">\r\n<script src=\"http://api.bitcoinbulletin.com/btceconomy\" type=\"text/javascript\"></script>\r\n</div>\r\n<p>&nbsp;</p>\r\n<p>The feed can be easily embedded into any webpage. It is my hope that people will continue to use the plugin so that I can track the clicks. In time, I will make my statistics and findings publicly available. Anyone who wants to add items to the feed may do so by contacting me, and there will be no fees for having their merchandise added. Now, get started with the experiment and start clicking on stuff that you can buy with bitcoins!</p>')
 ,(175,'<table style=\"float: left; margin: 15px;\" width=\"100\">\r\n<tbody>\r\n<tr>\r\n<td><img style=\"float: left;\" src=\"{CCM:FID_12}\" alt=\"crystal_ball.jpg\" width=\"100\" height=\"127\" /></td>\r\n</tr>\r\n<tr>\r\n<td>Figure 1. I feel like I see the future.</td>\r\n</tr>\r\n</tbody>\r\n</table>\r\n<p>I like to think of bitcoins as an experiment &ndash; a forerunner for currencies in the distant future. Bitcoins are unique in that the currency exists entirely in the digital realm, is designed from the ground up using encryption, and is maintained by a network of peer-to-peer computers that form the backbone of the economy. The currency allows for anonymous trading and there are no transaction fees (right now, the banks get a percentage of every online transaction).</p>\r\n<table style=\"float: right; margin: 15px;\" width=\"75\">\r\n<tbody>\r\n<tr>\r\n<td><img style=\"float: right;\" src=\"{CCM:FID_11}\" alt=\"alpacasock.jpg\" width=\"75\" height=\"137\" /></td>\r\n</tr>\r\n<tr>\r\n<td>Figure 2. I feel like my feet are warm.</td>\r\n</tr>\r\n</tbody>\r\n</table>\r\n<p>People new to bitcoins often ask what can I do with them? I found the question difficult to answer. The standard reply was that you could buy alpaca socks - an answer I found dissatisfying. Clearly this was a problem for the burgeoning currency. As I wondered about this question more and more, I noticed numerous online stores starting to accept bitcoins as a form of payment. It was exciting to discover each new site as it popped-up, but each of these sites seemed to have the same problem as all the others &ndash; they were &ldquo;empty houses&rdquo;. None of the stores offered a compelling selection of merchandise or services. Each site left you feeling a little like the last person to arrive at a garage sale.<br /><br />I saw the bitcoin economy as a massive set of tiny garage sales. I had many midnight conversations on the subject with my confederate, Spencer Dailey. Together we came to the conclusion that first successful bitcoin store would be Craigslist -&nbsp; a logical assumption given that craigslist is the biggest of all garage sales. We began following the people on the site who were accepting bitcoins as the method of payment. We even started reposting craigslist offerings from these individuals to help promote the bitcoin economy &ndash; a tedious process indeed.<br /><br />A few months passed, and nothing really happened on craigslist. It was disappointing. Meanwhile, even more bitcoin stores opened up, but as was the case with each one of these stores, I could count their entire stock of merchandise on my fingers. Clearly, there was a need to unify these stores to create a shopping mall out of the hundreds of outlets. This was the motivation for beginning my experiment, which all started on a cold Friday night in the Windy City.</p>\r\n<table style=\"float: left; margin: 15px;\" width=\"150\">\r\n<tbody>\r\n<tr>\r\n<td><img style=\"float: left;\" src=\"{CCM:FID_13}\" alt=\"neo.jpg\" width=\"150\" height=\"88\" /></td>\r\n</tr>\r\n<tr>\r\n<td>Figure 3. I feel like Neo once again as I fly through the lines of computer code.</td>\r\n</tr>\r\n</tbody>\r\n</table>\r\n<p>That night, I downloaded an open-source package for crawling and indexing the web. I added my own modifications to the code, and before I went to bed I had a large MySQL database of all the items for sale in the bitcoin community. I then used a PHP framework to generate HTML pages for all the entries in my database. I scrolled through the pages containing the entries in my database, and I saw I could buy just about everything I needed. Food, deodorant, shoes to go with the alpaca socks, and even a new laptop were all right in front of me in my database. It was impressive, and at that moment I realized that bitcoins could become something more than cryptographic keys traded at Mt Gox. <em>(So maybe it took me more than just one night to do all of this)</em></p>\r\n<table style=\"float: right; margin: 15px;\" width=\"125\">\r\n<tbody>\r\n<tr>\r\n<td><img style=\"float: right;\" src=\"{CCM:FID_14}\" alt=\"spock.jpg\" width=\"125\" height=\"113\" /></td>\r\n</tr>\r\n<tr>\r\n<td>Figure 4. Now I feel like Spock reading observations from a tricorder.</td>\r\n</tr>\r\n</tbody>\r\n</table>\r\n<p>And now on to this experiment that I keep mentioning. I want to measure and observe the volume of merchandise and services being bought and sold in the bitcoin community to see if the bitcoins are actually starting to be used as on online currency. At the same time, I want to help unify the bitcoin stores together under a single location on the web. To that end, I&rsquo;ve decided to list the items in my database in a live feed that displays each entry for a few seconds. Each time someone clicks on an item to buy, they will be redirected to the appropriate bitcoin store. I&rsquo;ve setup the feed so that I can track each click to see if people are buying stuff. Over time, I hope to measure the number of people wanting to buy stuff with their bitcoins.</p>\r\n<div style=\"margin-left: auto; margin-right: auto; width: 450px;\">\r\n<script src=\"http://api.bitcoinbulletin.com/btceconomy\" type=\"text/javascript\"></script>\r\n</div>\r\n<p>The feed can be easily embedded into any webpage. It is my hope that people will continue to use the plugin so that I can track the clicks. In time, I will make my statistics and findings publicly available. Anyone who wants to add items to the feed may do so by contacting me, and there will be no fees for having their merchandise added. Now, get started with the experiment and start clicking on stuff that you can buy with bitcoins!</p>')
 ,(176,'<table style=\"float: left; margin: 15px;\" width=\"100\">\r\n<tbody>\r\n<tr>\r\n<td><img style=\"float: left;\" src=\"{CCM:FID_12}\" alt=\"crystal_ball.jpg\" width=\"100\" height=\"127\" /></td>\r\n</tr>\r\n<tr>\r\n<td>Figure 1. I feel like I see the future.</td>\r\n</tr>\r\n</tbody>\r\n</table>\r\n<p>I like to think of bitcoins as an experiment &ndash; a forerunner for currencies in the distant future. Bitcoins are unique in that the currency exists entirely in the digital realm, is designed from the ground up using encryption, and is maintained by a network of peer-to-peer computers that form the backbone of the economy. The currency allows for anonymous trading and there are no transaction fees (right now, the banks get a percentage of every online transaction).</p>\r\n<table style=\"float: right; margin: 15px;\" width=\"75\">\r\n<tbody>\r\n<tr>\r\n<td><img style=\"float: right;\" src=\"{CCM:FID_11}\" alt=\"alpacasock.jpg\" width=\"75\" height=\"137\" /></td>\r\n</tr>\r\n<tr>\r\n<td>Figure 2. I feel like my feet are warm.</td>\r\n</tr>\r\n</tbody>\r\n</table>\r\n<p>People new to bitcoins often ask what can I do with them? I found the question difficult to answer. The standard reply was that you could buy alpaca socks - an answer I found dissatisfying. Clearly this was a problem for the burgeoning currency. As I wondered about this question more and more, I noticed numerous online stores starting to accept bitcoins as a form of payment. It was exciting to discover each new site as it popped-up, but each of these sites seemed to have the same problem as all the others &ndash; they were &ldquo;empty houses&rdquo;. None of the stores offered a compelling selection of merchandise or services. Each site left you feeling a little like the last person to arrive at a garage sale.<br /><br />I saw the bitcoin economy as a massive set of tiny garage sales. I had many midnight conversations on the subject with my confederate, Spencer Dailey. Together we came to the conclusion that first successful bitcoin store would be Craigslist -&nbsp; a logical assumption given that craigslist is the biggest of all garage sales. We began following the people on the site who were accepting bitcoins as the method of payment. We even started reposting craigslist offerings from these individuals to help promote the bitcoin economy &ndash; a tedious process indeed.<br /><br />A few months passed, and nothing really happened on craigslist. It was disappointing. Meanwhile, even more bitcoin stores opened up, but as was the case with each one of these stores, I could count their entire stock of merchandise on my fingers. Clearly, there was a need to unify these stores to create a shopping mall out of the hundreds of outlets. This was the motivation for beginning my experiment, which all started on a cold Friday night in the Windy City.</p>\r\n<table style=\"float: left; margin: 15px;\" width=\"150\">\r\n<tbody>\r\n<tr>\r\n<td><img style=\"float: left;\" src=\"{CCM:FID_13}\" alt=\"neo.jpg\" width=\"150\" height=\"88\" /></td>\r\n</tr>\r\n<tr>\r\n<td>Figure 3. I feel like Neo once again as I fly through the lines of computer code.</td>\r\n</tr>\r\n</tbody>\r\n</table>\r\n<p>That night, I downloaded an open-source package for crawling and indexing the web. I added my own modifications to the code, and before I went to bed I had a large MySQL database of all the items for sale in the bitcoin community. I then used a PHP framework to generate HTML pages for all the entries in my database. I scrolled through the pages containing the entries in my database, and I saw I could buy just about everything I needed. Food, deodorant, shoes to go with the alpaca socks, and even a new laptop were all right in front of me in my database. It was impressive, and at that moment I realized that bitcoins could become something more than cryptographic keys traded at Mt Gox. <em>(So maybe it took me more than just one night to do all of this)</em></p>\r\n<table style=\"float: right; margin: 15px;\" width=\"125\">\r\n<tbody>\r\n<tr>\r\n<td><img style=\"float: right;\" src=\"{CCM:FID_14}\" alt=\"spock.jpg\" width=\"125\" height=\"113\" /></td>\r\n</tr>\r\n<tr>\r\n<td>Figure 4. Now I feel like Spock reading observations from a tricorder.</td>\r\n</tr>\r\n</tbody>\r\n</table>\r\n<p>And now on to this experiment that I keep mentioning. I want to measure and observe the volume of merchandise and services being bought and sold in the bitcoin community to see if the bitcoins are actually starting to be used as on online currency. At the same time, I want to help unify the bitcoin stores together under a single location on the web. To that end, I&rsquo;ve decided to list the items in my database in a live feed that displays each entry for a few seconds. Each time someone clicks on an item to buy, they will be redirected to the appropriate bitcoin store. I&rsquo;ve setup the feed so that I can track each click to see if people are buying stuff. Over time, I hope to measure the number of people wanting to buy stuff with their bitcoins.</p>\r\n<div style=\"margin-left: auto; margin-right: auto; width: 450px;\">\r\n<script src=\"http://api.bitcoinbulletin.com/btceconomy\" type=\"text/javascript\"></script>\r\n</div>\r\n<p>&nbsp;</p>\r\n<p>The feed can be easily embedded into any webpage. It is my hope that people will continue to use the plugin so that I can track the clicks. In time, I will make my statistics and findings publicly available. Anyone who wants to add items to the feed may do so by contacting me, and there will be no fees for having their merchandise added. Now, get started with the experiment and start clicking on stuff that you can buy with bitcoins!</p>')
 ,(177,'<table style=\"float: left; margin: 15px;\" width=\"100\">\r\n<tbody>\r\n<tr>\r\n<td><img style=\"float: left;\" src=\"{CCM:FID_12}\" alt=\"crystal_ball.jpg\" width=\"100\" height=\"127\" /></td>\r\n</tr>\r\n<tr>\r\n<td>Figure 1. I feel like I see the future.</td>\r\n</tr>\r\n</tbody>\r\n</table>\r\n<p>I like to think of bitcoins as an experiment &ndash; a forerunner for currencies in the distant future. Bitcoins are unique in that the currency exists entirely in the digital realm, is designed from the ground up using encryption, and is maintained by a network of peer-to-peer computers that form the backbone of the economy. The currency allows for anonymous trading and there are no transaction fees (right now, the banks get a percentage of every online transaction).</p>\r\n<table style=\"float: right; margin: 15px;\" width=\"75\">\r\n<tbody>\r\n<tr>\r\n<td><img style=\"float: right;\" src=\"{CCM:FID_11}\" alt=\"alpacasock.jpg\" width=\"75\" height=\"137\" /></td>\r\n</tr>\r\n<tr>\r\n<td>Figure 2. I feel like my feet are warm.</td>\r\n</tr>\r\n</tbody>\r\n</table>\r\n<p>People new to bitcoins often ask what can I do with them? I found the question difficult to answer. The standard reply was that you could buy alpaca socks - an answer I found dissatisfying. Clearly this was a problem for the burgeoning currency. As I wondered about this question more and more, I noticed numerous online stores starting to accept bitcoins as a form of payment. It was exciting to discover each new site as it popped-up, but each of these sites seemed to have the same problem as all the others &ndash; they were &ldquo;empty houses&rdquo;. None of the stores offered a compelling selection of merchandise or services. Each site left you feeling a little like the last person to arrive at a garage sale.<br /><br />I saw the bitcoin economy as a massive set of tiny garage sales. I had many midnight conversations on the subject with my confederate. Together we came to the conclusion that first successful bitcoin store would be Craigslist -&nbsp; a logical assumption given that craigslist is the biggest of all garage sales. We began following the people on the site who were accepting bitcoins as the method of payment. We even started reposting craigslist offerings from these individuals to help promote the bitcoin economy &ndash; a tedious process indeed.<br /><br />A few months passed, and nothing really happened on craigslist. It was disappointing. Meanwhile, even more bitcoin stores opened up, but as was the case with each one of these stores, I could count their entire stock of merchandise on my fingers. Clearly, there was a need to unify these stores to create a shopping mall out of the hundreds of outlets. This was the motivation for beginning my experiment, which all started on a cold Friday night in the Windy City.</p>\r\n<table style=\"float: left; margin: 15px;\" width=\"150\">\r\n<tbody>\r\n<tr>\r\n<td><img style=\"float: left;\" src=\"{CCM:FID_13}\" alt=\"neo.jpg\" width=\"150\" height=\"88\" /></td>\r\n</tr>\r\n<tr>\r\n<td>Figure 3. I feel like Neo once again as I fly through the lines of computer code.</td>\r\n</tr>\r\n</tbody>\r\n</table>\r\n<p>That night, I downloaded an open-source package for crawling and indexing the web. I added my own modifications to the code, and before I went to bed I had a large MySQL database of all the items for sale in the bitcoin community. I then used a PHP framework to generate HTML pages for all the entries in my database. I scrolled through the pages containing the entries in my database, and I saw I could buy just about everything I needed. Food, deodorant, shoes to go with the alpaca socks, and even a new laptop were all right in front of me in my database. It was impressive, and at that moment I realized that bitcoins could become something more than cryptographic keys traded at Mt Gox. <em>(So maybe it took me more than just one night to do all of this)</em></p>\r\n<table style=\"float: right; margin: 15px;\" width=\"125\">\r\n<tbody>\r\n<tr>\r\n<td><img style=\"float: right;\" src=\"{CCM:FID_14}\" alt=\"spock.jpg\" width=\"125\" height=\"113\" /></td>\r\n</tr>\r\n<tr>\r\n<td>Figure 4. Now I feel like Spock reading observations from a tricorder.</td>\r\n</tr>\r\n</tbody>\r\n</table>\r\n<p>And now on to this experiment that I keep mentioning. I want to measure and observe the volume of merchandise and services being bought and sold in the bitcoin community to see if the bitcoins are actually starting to be used as on online currency. At the same time, I want to help unify the bitcoin stores together under a single location on the web. To that end, I&rsquo;ve decided to list the items in my database in a live feed that displays each entry for a few seconds. Each time someone clicks on an item to buy, they will be redirected to the appropriate bitcoin store. I&rsquo;ve setup the feed so that I can track each click to see if people are buying stuff. Over time, I hope to measure the number of people wanting to buy stuff with their bitcoins.</p>\r\n<div style=\"margin-left: auto; margin-right: auto; width: 450px;\">\r\n<script src=\"http://api.bitcoinbulletin.com/btceconomy\" type=\"text/javascript\"></script>\r\n</div>\r\n<p>&nbsp;</p>\r\n<p>The feed can be easily embedded into any webpage. It is my hope that people will continue to use the plugin so that I can track the clicks. In time, I will make my statistics and findings publicly available. Anyone who wants to add items to the feed may do so by contacting me, and there will be no fees for having their merchandise added. Now, get started with the experiment and start clicking on stuff that you can buy with bitcoins!</p>')
 ,(181,'<iframe width=\"560\" height=\"340\" src=\"http://cdn.livestream.com/embed/totalmastermind?layout=4&amp;clip=pla_56bc510b-5e91-4236-b78f-80ede64a7c20&amp;autoplay=false\" style=\"border:0;outline:0\" frameborder=\"0\" scrolling=\"no\"></iframe><div style=\"font-size: 11px;padding-top:10px;text-align:center;width:560px\">Watch <a href=\"http://www.livestream.com/?utm_source=lsplayer&amp;utm_medium=embed&amp;utm_campaign=footerlinks\" title=\"live streaming video\">live streaming video</a> from <a href=\"http://www.livestream.com/totalmastermind?utm_source=lsplayer&amp;utm_medium=embed&amp;utm_campaign=footerlinks\" title=\"Watch totalmastermind at livestream.com\">totalmastermind</a> at livestream.com</div>')
 ,(180,'Denny Morales at Total Mastermind interviews Search Bitcoin about our BTC Economy plugin. Watch the interview below.')
 ,(182,'<p>Denny Morales at Total Mastermind interviews Search Bitcoin about our BTC Economy plugin. Watch the interview above.</p>')
 ,(184,'<p>The <em>BTC Pulse</em> was out first plugin. It&nbsp;creates a live stream out of bitcoin conversations in the community. It can easily be embedded into your webpage using a single line of javascript code. Below is a demo.</p>')
 ,(185,'<div style=\"width: 450px; margin-left: auto; margin-right: auto;\">\r\n <iframe src=\"http://api.bitcoinbulletin.com/apps/btcpulse/frame.html\" width=\"450px\" height=\"280px\" border=\"0\">Iframes are not supported by your browser, so nothing is displayed</iframe>\r\n</div>')
 ,(187,'<div>\r\n<p>To emebd the plugin into your website or blog add the following line of code where you want the plugin to appear.</p>\r\n<p>&lt;script type=&rdquo;text/javascript&rdquo; src=&rdquo;http://api.bitcoinbulletin.com/btcpulse&rdquo;&gt;&lt;/script&gt;</p>\r\n<p>Due to a lack of interest in the plugin, development has stopped. The plugin is still running, and will continue to do so. However, there are several known issues with the plugin. Further development of the plugin will continue if the interest level increases.</p>\r\n</div>\r\n<p>&nbsp;</p>')
 ,(189,'<div>\r\n<p>To embed the plugin into your website or blog add the following line of code where you want the plugin to appear.</p>\r\n<p>&lt;script type=&rdquo;text/javascript&rdquo; src=&rdquo;http://api.bitcoinbulletin.com/btcpulse&rdquo;&gt;&lt;/script&gt;</p>\r\n<p>If you decide to emebed the plugin beaware that development on the plugin has been halted due to a lack of interest, and that there are several known issues with the plugin. However, development will continue if the interest level picks back up.</p>\r\n</div>')
 ,(190,'<h5>The BTC Pulse plugin is used by a few websites. They are listed here.</h5>')
 ,(191,'<p><a title=\"Bitcoin Bulletin\" href=\"api.bitcoinbulletin.com\">The Bitcoin Bulletin</a>: The Bitcoin Bulletin, our sister website, uses the BTC Economy extensively in their website. It can be found on almost every webpage.</p>')
 ,(192,'<p><a title=\"BTC Is Nan\" href=\"http://btc.isnan.org/info\">Btc.IsNan.org</a>: A bitcoin marketplace where you can write reviews about other merchants.</p>')
 ,(194,'<h5>Numerous websites across the bitcoin community use the BTC Economy Plugin. Here is a list of the websites.</h5>')
 ,(195,'<p>&nbsp;</p>\r\n<div class=\"ccm-page-list-description\">The BTC Economy plugin creates a live feed out of bitcoin merchandise and services that have been found using our search engine. The plugin can be easily embedded into almost any webpage or blog. Click on the instructions tab to install the plugin into the following systems.</div>\r\n<div class=\"ccm-page-list-description\">\r\n<ul>\r\n<li>Blogger / Blogspot&nbsp;(instructions)</li>\r\n<li>Wordpress&nbsp;(instructions)</li>\r\n<li>Opencart&nbsp;(instructions)</li>\r\n<li>And Others (instructions)</li>\r\n</ul>\r\n</div>\r\n<p>&nbsp;</p>')
 ,(196,'<div style=\"width: 100%; margin-left: auto; margin-right: auto;\">\r\n <script type=\"text/javascript\" src=\"http://api.bitcoinbulletin.com/btceconomy\"></script>\r\n</div>')
 ,(197,'<div style=\"width: 450px; margin-left: auto; margin-right: auto;\">\r\n <script type=\"text/javascript\" src=\"http://api.bitcoinbulletin.com/btceconomy\"></script>\r\n</div>')
 ,(198,'<div style=\"width: 450px; margin-left: auto; margin-right: auto;\">\r\n <script type=\"text/javascript\" src=\"http://api.bitcoinbulletin.com/btceconomy\"></script>\r\n</div>')
 ,(199,'<p>&nbsp;</p>\r\n<div class=\"ccm-page-list-description\">The BTC Economy plugin creates a live feed out of bitcoin merchandise and services that have been found using our search engine. The plugin can be easily embedded into almost any webpage or blog. Click on the instructions tab to install the plugin into the following systems.</div>\r\n<div class=\"ccm-page-list-description\">\r\n<ul>\r\n<li>Blogger / Blogspot&nbsp;(Instructions)</li>\r\n<li>Wordpress&nbsp;(Instructions)</li>\r\n<li>Opencart&nbsp;(Instructions)</li>\r\n<li>General Webpage (Instructions)</li>\r\n</ul>\r\n</div>')
 ,(200,'<p><a name=\"Blogger\"></a>Blogger / Blogspot:</p>\r\n<p>&nbsp;</p>\r\n<p>&nbsp;</p>')
 ,(201,'<p><strong><a name=\"blogger\"></a>Blogger / Blogspot:</strong></p>\r\n<p>A special gadget has been written for adding the BTC Economy to Blogger and Blogspot pages. To embed the gadget login to your blog follow these steps.</p>\r\n<ol>\r\n<li>Sign-in to your page and click \"<em>Design\"</em>.</li>\r\n<li>Click \"<em>Add a Gadget\"</em> where you want to add the BTC Economy.</li>\r\n<li>In the pop-up click \"<em>Add you own\".</em></li>\r\n<li>Add the following URL into the text box, click submit and save.</li>\r\n</ol>\r\n<p style=\"padding-left: 30px;\">http://www.api.bitcoinbulletin.com/apps/btceconomy/hooks/blogspot.xml</p>\r\n<p><strong><a name=\"general\"></a>Wordpress / Concrete5 / Opencart / <a name=\"general\"></a>Generalize Website:</strong></p>\r\n<p>Embedding the plugin is easy - just copy and paste the following line of code where you want the plugin to appear.</p>\r\n<p style=\"padding-left: 30px;\">&lt;script type=&rdquo;text/javascript&rdquo; src=&rdquo;http://api.bitcoinbulletin.com/btcpulse&rdquo;&gt;&lt;/script&gt;</p>\r\n<p>The plugin will automatically attemp to resize itself to fit into the space it is given. Feel free to contact us if you have any troubles. We will be happy to help resolve any issues you may encounter.</p>')
 ,(203,'<p>&nbsp;</p>\r\n<div class=\"ccm-page-list-description\">The BTC Economy plugin creates a live feed out of bitcoin merchandise and services that have been found using our search engine. The plugin can be easily embedded into almost any webpage or blog. Click on the instructions tab to install the plugin into the following systems.</div>\r\n<div class=\"ccm-page-list-description\">\r\n<ul>\r\n<li>Blogger / Blogspot&nbsp;(<a title=\"Blogger / Blogspot Gadget for BTC Economy\" href=\"#blogger\">Instructions</a>)</li>\r\n<li>Wordpress&nbsp;(Instructions)</li>\r\n<li>Opencart&nbsp;(Instructions)</li>\r\n<li>General Webpage (Instructions)</li>\r\n</ul>\r\n</div>')
 ,(204,'<p><strong><a name=\"blogger\"></a>Blogger / Blogspot:</strong></p>\r\n<p>A special gadget has been written for adding the BTC Economy to Blogger and Blogspot pages. To embed the gadget login to your blog follow these steps.</p>\r\n<ol>\r\n<li>Sign-in to your page and click \"<em>Design\"</em>.</li>\r\n<li>Click \"<em>Add a Gadget\"</em> where you want to add the BTC Economy.</li>\r\n<li>In the pop-up click \"<em>Add you own\".</em></li>\r\n<li>Add the following URL into the text box, click submit and save.</li>\r\n</ol>\r\n<p style=\"padding-left: 30px;\">http://www.api.bitcoinbulletin.com/apps/btceconomy/hooks/blogspot.xml</p>\r\n<p>Your done!</p>')
 ,(205,'<p><strong>Wordpress / Concrete5 / Opencart /&nbsp;<a name=\"general\"></a>Generalize Website:</strong></p>\r\n<p>Embedding the plugin is easy - just copy and paste the following line of code where you want the plugin to appear.</p>\r\n<p style=\"padding-left: 30px;\">&lt;script type=&rdquo;text/javascript&rdquo; src=&rdquo;http://api.bitcoinbulletin.com/btcpulse&rdquo;&gt;&lt;/script&gt;</p>\r\n<p style=\"padding-left: 30px;\">\r\n<script src=\"&rdquo;http://api.bitcoinbulletin.com/btcpulse&rdquo;\" type=\"&rdquo;text/javascript&rdquo;\"></script>\r\n</p>\r\n<p>The plugin will automatically attempt to resize itself to fit into the space it is given. Feel free to contact us if you have any troubles. We will be happy to help resolve any issues you may encounter, or to help step you through the process.</p>')
 ,(206,'<p>&nbsp;</p>\r\n<div class=\"ccm-page-list-description\">The BTC Economy plugin creates a live feed out of bitcoin merchandise and services that have been found using our search engine. The plugin can be easily embedded into almost any webpage or blog. Click on the instructions tab to install the plugin into the following systems.</div>\r\n<div class=\"ccm-page-list-description\">\r\n<ul>\r\n<li>Blogger / Blogspot&nbsp;(<a title=\"Blogger / Blogspot Gadget for BTC Economy.\" href=\"#blogger\">Instructions</a>)</li>\r\n<li>Wordpress&nbsp;(<a title=\"Install BTC Economy in Wordpress.\" href=\"#general\">Instructions</a>)</li>\r\n<li>Concrete5 (<a title=\"Install BTC Economy Plugin in Concrete5.\" href=\"#general\">Instructions</a>)</li>\r\n<li>Opencart&nbsp;(<a title=\"Install BTC Economy Plugin in Opencart.\" href=\"#general\">Instructions</a>)</li>\r\n<li>General Webpage (<a title=\"Install BTC Economy Plugin in any Website or Blog.\" href=\"#general\">Instructions</a>)</li>\r\n</ul>\r\n</div>')
 ,(207,'<ul>\r\n<li><a href=\"http://www.abelsfire.com/index.php?route=information/information&amp;information_id=7\">abelsfire.com</a></li>\r\n<li>bitcoinbabe.com</li>\r\n<li><a href=\"http://www.bitcoinbulletin.com/\">bitcoinbulletin.com</a></li>\r\n<li><a href=\"http://www.bitcoincyberstore.com/index.php?route=information/information&amp;information_id=7\">bitcoincyberstore.com</a></li>\r\n<li><a href=\"http://bitcoinme.com/index.php/merchants/\">bitcoinme.com</a></li>\r\n<li>bitfreak.info</li>\r\n<li><a href=\"http://www.bitstarter.co/\">bitstarter.co</a></li>\r\n<li>bitvapes.com</li>\r\n<li><a href=\"http://www.bitucopia.com/\">bitucopia.com</a></li>\r\n<li><a href=\"http://btcxc.info/\">btcxc.info</a></li>\r\n<li>community.freescottwalsh.info</li>\r\n<li>jsclosurejunkie.blogspot.com</li>\r\n<li>kosites.com</li>\r\n<li><a href=\"#\">searchbitcoin.com</a></li>\r\n<li><a href=\"searchbitcoin.tumblr.com\">searchbitcoin.tumblr.com</a></li>\r\n<li>rjsteinert.com</li>\r\n<li><a href=\"http://thebitcoin.blogspot.com/\">thebitcoin.blogspot.com</a></li>\r\n<li><a href=\"http://thegemvault.tiptopgem.com/\">tiptopgem.com</a></li>\r\n<li><a href=\"http://www.tradersedgedice.com/fx-currency-dice-set-p-28.html\">tradersedgedice.com</a></li>\r\n</ul>')
 ,(208,'<ul>\r\n<li>\r\n<p><a href=\"http://www.abelsfire.com/index.php?route=information/information&amp;information_id=7\">abelsfire.com</a></p>\r\n</li>\r\n<li>\r\n<p>bitcoinbabe.com</p>\r\n</li>\r\n<li>\r\n<p><a href=\"http://www.bitcoinbulletin.com/\">bitcoinbulletin.com</a></p>\r\n</li>\r\n<li>\r\n<p><a href=\"http://www.bitcoincyberstore.com/index.php?route=information/information&amp;information_id=7\">bitcoincyberstore.com</a></p>\r\n</li>\r\n<li>\r\n<p><a href=\"http://bitcoinme.com/index.php/merchants/\">bitcoinme.com</a></p>\r\n</li>\r\n<li>\r\n<p>bitfreak.info</p>\r\n</li>\r\n<li>\r\n<p><a href=\"http://www.bitstarter.co/\">bitstarter.co</a></p>\r\n</li>\r\n<li>\r\n<p>bitvapes.com</p>\r\n</li>\r\n<li>\r\n<p><a href=\"http://www.bitucopia.com/\">bitucopia.com</a></p>\r\n</li>\r\n<li>\r\n<p><a href=\"http://btcxc.info/\">btcxc.info</a></p>\r\n</li>\r\n<li>\r\n<p>community.freescottwalsh.info</p>\r\n</li>\r\n<li>\r\n<p>jsclosurejunkie.blogspot.com</p>\r\n</li>\r\n<li>\r\n<p>kosites.com</p>\r\n</li>\r\n<li>\r\n<p><a href=\"#\">searchbitcoin.com</a></p>\r\n</li>\r\n<li>\r\n<p><a href=\"searchbitcoin.tumblr.com\">searchbitcoin.tumblr.com</a></p>\r\n</li>\r\n<li>\r\n<p>rjsteinert.com</p>\r\n</li>\r\n<li>\r\n<p><a href=\"http://thebitcoin.blogspot.com/\">thebitcoin.blogspot.com</a></p>\r\n</li>\r\n<li>\r\n<p><a href=\"http://thegemvault.tiptopgem.com/\">tiptopgem.com</a></p>\r\n</li>\r\n<li>\r\n<p><a href=\"http://www.tradersedgedice.com/fx-currency-dice-set-p-28.html\">tradersedgedice.com</a></p>\r\n</li>\r\n</ul>')
 ,(209,'<ul>\r\n<li> <a href=\"http://www.abelsfire.com/index.php?route=information/information&amp;information_id=7\">abelsfire.com</a> </li>\r\n<li><a href=\"http://www.bitcoinbabe.com/\"> bitcoinbabe.com </a></li>\r\n<li> <a href=\"http://www.bitcoinbulletin.com/\">bitcoinbulletin.com</a> </li>\r\n<li> <a href=\"http://www.bitcoincyberstore.com/index.php?route=information/information&amp;information_id=7\">bitcoincyberstore.com</a> </li>\r\n<li> <a href=\"http://bitcoinme.com/index.php/merchants/\">bitcoinme.com</a> </li>\r\n<li><a href=\"http://bitfreak.info/index.php?page=usingbtc\"> bitfreak.info </a></li>\r\n<li> <a href=\"http://www.bitstarter.co/\">bitstarter.co</a> </li>\r\n<li><a href=\"http://bitvapes.com/index.php?main_page=page_3\"> bitvapes.com </a></li>\r\n<li> <a href=\"http://www.bitucopia.com/\">bitucopia.com</a> </li>\r\n<li> <a href=\"http://btcxc.info/\">btcxc.info</a> </li>\r\n<li><a href=\"http://community.freescottwalsh.info/\"> community.freescottwalsh.info </a></li>\r\n<li><a href=\"http://jsclosurejunkie.blogspot.com/\"> jsclosurejunkie.blogspot.com </a></li>\r\n<li><a href=\"http://kosites.com/bitcoin-widget.html\"> kosites.com </a></li>\r\n<li> <a href=\"#\">searchbitcoin.com</a> </li>\r\n<li> <a href=\"searchbitcoin.tumblr.com\">searchbitcoin.tumblr.com</a> </li>\r\n<li><a href=\"http://reader.rjsteinert.com/\"> rjsteinert.com </a></li>\r\n<li> <a href=\"http://thebitcoin.blogspot.com/\">thebitcoin.blogspot.com</a> </li>\r\n<li> <a href=\"http://thegemvault.tiptopgem.com/\">tiptopgem.com</a> </li>\r\n<li> <a href=\"http://www.tradersedgedice.com/fx-currency-dice-set-p-28.html\">tradersedgedice.com</a> </li>\r\n</ul>')
 ,(210,'<ul>\r\n<li> <a href=\"http://www.abelsfire.com/index.php?route=information/information&amp;information_id=7\">abelsfire.com</a> </li>\r\n<li><a href=\"http://www.bitcoinbabe.com/\"> bitcoinbabe.com </a></li>\r\n<li> <a href=\"http://www.bitcoinbulletin.com/\">bitcoinbulletin.com</a> </li>\r\n<li> <a href=\"http://www.bitcoincyberstore.com/index.php?route=information/information&amp;information_id=7\">bitcoincyberstore.com</a> </li>\r\n<li> <a href=\"http://bitcoinme.com/index.php/merchants/\">bitcoinme.com</a> </li>\r\n<li><a href=\"http://bitfreak.info/index.php?page=usingbtc\"> bitfreak.info </a></li>\r\n<li> <a href=\"http://www.bitstarter.co/\">bitstarter.co</a> </li>\r\n<li><a href=\"http://bitvapes.com/index.php?main_page=page_3\"> bitvapes.com </a></li>\r\n<li> <a href=\"http://www.bitucopia.com/\">bitucopia.com</a> </li>\r\n<li> <a href=\"http://btcxc.info/\">btcxc.info</a> </li>\r\n<li><a href=\"http://community.freescottwalsh.info/\">freescottwalsh.info </a></li>\r\n<li><a href=\"http://jsclosurejunkie.blogspot.com/\"> jsclosurejunkie.blogspot.com </a></li>\r\n<li><a href=\"http://kosites.com/bitcoin-widget.html\"> kosites.com </a></li>\r\n<li> <a href=\"#\">searchbitcoin.com</a> </li>\r\n<li> <a href=\"http://searchbitcoin.tumblr.com/\">searchbitcoin.tumblr.com</a> </li>\r\n<li><a href=\"http://reader.rjsteinert.com/\"> rjsteinert.com </a></li>\r\n<li> <a href=\"http://thebitcoin.blogspot.com/\">thebitcoin.blogspot.com</a> </li>\r\n<li> <a href=\"http://thegemvault.tiptopgem.com/\">tiptopgem.com</a> </li>\r\n<li> <a href=\"http://www.tradersedgedice.com/fx-currency-dice-set-p-28.html\">tradersedgedice.com</a> </li>\r\n</ul>')
 ,(211,'<p>&nbsp;</p>\r\n<ul>\r\n<li> <a href=\"http://www.abelsfire.com/index.php?route=information/information&amp;information_id=7\">abelsfire.com</a> </li>\r\n<li><a href=\"http://www.bitcoinbabe.com/\"> bitcoinbabe.com </a></li>\r\n<li> <a href=\"http://www.bitcoinbulletin.com/\">bitcoinbulletin.com</a> </li>\r\n<li> <a href=\"http://www.bitcoincyberstore.com/index.php?route=information/information&amp;information_id=7\">bitcoincyberstore.com</a> </li>\r\n<li> <a href=\"http://bitcoinme.com/index.php/merchants/\">bitcoinme.com</a> </li>\r\n<li><a href=\"http://bitfreak.info/index.php?page=usingbtc\"> bitfreak.info </a></li>\r\n<li> <a href=\"http://www.bitstarter.co/\">bitstarter.co</a> </li>\r\n<li><a href=\"http://bitvapes.com/index.php?main_page=page_3\"> bitvapes.com </a></li>\r\n<li> <a href=\"http://www.bitucopia.com/\">bitucopia.com</a> </li>\r\n<li> <a href=\"http://btcxc.info/\">btcxc.info</a> </li>\r\n<li><a href=\"http://community.freescottwalsh.info/\">freescottwalsh.info </a></li>\r\n<li><a href=\"http://jsclosurejunkie.blogspot.com/\"> jsclosurejunkie.blogspot.com </a></li>\r\n<li><a href=\"http://kosites.com/bitcoin-widget.html\"> kosites.com </a></li>\r\n<li> <a href=\"#\">searchbitcoin.com</a> </li>\r\n<li> <a href=\"http://searchbitcoin.tumblr.com/\">searchbitcoin.tumblr.com</a> </li>\r\n<li><a href=\"http://reader.rjsteinert.com/\"> rjsteinert.com </a></li>\r\n<li> <a href=\"http://thebitcoin.blogspot.com/\">thebitcoin.blogspot.com</a> </li>\r\n<li> <a href=\"http://thegemvault.tiptopgem.com/\">tiptopgem.com</a> </li>\r\n<li> <a href=\"http://www.tradersedgedice.com/fx-currency-dice-set-p-28.html\">tradersedgedice.com</a> </li>\r\n</ul>\r\n<p>&nbsp;</p>')
 ,(212,'<ul>\r\n<li> <a href=\"http://www.abelsfire.com/index.php?route=information/information&amp;information_id=7\">abelsfire.com</a> </li>\r\n<li> <a href=\"http://www.bitcoinbabe.com/\">bitcoinbabe.com</a> </li>\r\n<li> <a href=\"http://www.bitcoinbulletin.com/\">bitcoinbulletin.com</a> </li>\r\n<li> <a href=\"http://www.bitcoincyberstore.com/index.php?route=information/information&amp;information_id=7\">bitcoincyberstore.com</a> </li>\r\n<li> <a href=\"http://bitcoinme.com/index.php/merchants/\">bitcoinme.com</a> </li>\r\n<li> <a href=\"http://bitfreak.info/index.php?page=usingbtc\">bitfreak.info</a> </li>\r\n<li> <a href=\"http://www.bitstarter.co/\">bitstarter.co</a> </li>\r\n<li> <a href=\"http://bitvapes.com/index.php?main_page=page_3\">bitvapes.com</a> </li>\r\n<li> <a href=\"http://www.bitucopia.com/\">bitucopia.com</a> </li>\r\n<li> <a href=\"http://btcxc.info/\">btcxc.info</a> </li>\r\n<li> <a href=\"http://community.freescottwalsh.info/\">freescottwalsh.info</a> </li>\r\n<li> <a href=\"http://jsclosurejunkie.blogspot.com/\">jsclosurejunkie.blogspot.com</a> </li>\r\n<li> <a href=\"http://kosites.com/bitcoin-widget.html\">kosites.com</a> </li>\r\n<li> <a href=\"#\">searchbitcoin.com</a> </li>\r\n<li> <a href=\"http://searchbitcoin.tumblr.com/\">searchbitcoin.tumblr.com</a> </li>\r\n<li> <a href=\"http://reader.rjsteinert.com/\">rjsteinert.com</a> </li>\r\n<li> <a href=\"http://thebitcoin.blogspot.com/\">thebitcoin.blogspot.com</a> </li>\r\n<li> <a href=\"http://thegemvault.tiptopgem.com/\">tiptopgem.com</a> </li>\r\n<li> <a href=\"http://www.tradersedgedice.com/fx-currency-dice-set-p-28.html\">tradersedgedice.com</a> </li>\r\n</ul>')
 ,(213,'<h5>Numerous websites across the bitcoin community use the BTC Economy Plugin. Here is a list of websites known to support the plugin.</h5>')
 ,(214,'<p>test</p>')
 ,(215,'<div>\r\n <iframe src=\"http://www.api.bitcoinbulletin.com/apps/btcsearch/frame.html\" width=\"600px\" height=\"500px\" border=\"0\">Your browser does not support Iframes, so nothing is displayed.</iframe>\r\n</div>')
 ,(216,'<p>The new search engine is hyper experimental at this point. It is so experimental, that I want to give this disclaimer before posint the URL below.</p>\r\n<ol>\r\n<li>I have not yet worked on the CSS/HTML of the plugin, so don\'t citicize its look yet.</li>\r\n<li>I want to make the search process fun and visual.</li>\r\n</ol>\r\n<p><a href=\"http://api.bitcoinbulletin.com/apps/btcsearch/\">Click here to see the BTC Find plugin.</a></p>\r\n<p>Feel free to provide me feedback in the comments.</p>')
 ,(218,'<h5>So far the plugin is highly experimental, so no-one is using it yet.</h5>')
 ,(219,'<p>The new search engine is hyper experimental at this point. It is so experimental, that I want to give this disclaimer before posint the URL below.</p>\r\n<ol>\r\n<li>I have not yet worked on the CSS/HTML of the plugin, so don\'t citicize its look yet.</li>\r\n<li>I want to make the search process fun and visual.</li>\r\n</ol>\r\n<p><a href=\"http://api.bitcoinbulletin.com/apps/btcsearch/\">Click here to see the BTC Find plugin.</a></p>\r\n<p>Feel free to provide me feedback in the comments.</p>')
 ,(220,'<p>The new search engine is hyper-experimental at this point. It is so experimental, that I want to give this disclaimer before the URL below.</p>\r\n<ol>\r\n<li>I have not yet worked on the CSS/HTML of the plugin, so don\'t citicize its look yet.</li>\r\n<li>I want to make the search process fun and visual.</li>\r\n<li>I may decide to just throw it all away and start over!</li>\r\n</ol>\r\n<p><a href=\"http://api.bitcoinbulletin.com/apps/btcsearch/\">Click here to see the BTC Find plugin.</a></p>\r\n<p>Feel free to provide me feedback in the comments.</p>')
 ,(221,'<p>The new search engine is hyper-experimental at this point. It is so experimental, that I want to give this disclaimer before the URL below.</p>\r\n<ol>\r\n<li>I have not yet worked on the CSS/HTML of the plugin, so don\'t citicize its look yet.</li>\r\n<li>I want to make the search process fun and visual.</li>\r\n<li>You can provide feedback using the comment box.</li>\r\n<li>I may decide to just throw it all away and start over!</li>\r\n</ol>\r\n<p>&nbsp;</p>\r\n<p style=\"padding-left: 30px;\"><a href=\"http://api.bitcoinbulletin.com/apps/btcsearch/\">Click here to see the BTC Find plugin.</a></p>')
 ,(222,'<p>&nbsp;</p>\r\n<div class=\"ccm-page-list-description\">The BTC Economy plugin creates a live feed out of bitcoin merchandise and services that have been found using our search engine. The plugin can be easily embedded into almost any webpage or blog. Click on the instructions tab to install the plugin into the following systems.</div>\r\n<div class=\"ccm-page-list-description\">\r\n<ul>\r\n<li>Blogger / Blogspot&nbsp;(<a title=\"Blogger / Blogspot Gadget for BTC Economy.\" href=\"#blogger\">Instructions</a>)</li>\r\n<li>General Webpage (<a title=\"Install BTC Economy Plugin in any Website or Blog.\" href=\"#general\">Instructions</a>)</li>\r\n</ul>\r\n</div>')
 ,(223,'<p><strong><a name=\"general\"></a>Generalize Website:</strong></p>\r\n<p>Embedding the plugin is easy - just copy and paste the following line of code where you want the plugin to appear.</p>\r\n<p style=\"padding-left: 30px;\">\r\n<script src=\"&rdquo;http://api.bitcoinbulletin.com/btcpulse&rdquo;\" type=\"&rdquo;text/javascript&rdquo;\"></script>\r\n</p>\r\n<p style=\"padding-left: 30px;\">\r\n<script src=\"&rdquo;http://api.bitcoinbulletin.com/btcpulse&rdquo;\" type=\"&rdquo;text/javascript&rdquo;\"></script>\r\n</p>\r\n<p>The plugin will automatically attempt to resize itself to fit into the space it is given. Feel free to contact us if you have any troubles. We will be happy to help resolve any issues you may encounter, or to help step you through the process.</p>')
 ,(224,'<p><strong><a name=\"general\"></a>Generalize Website:</strong></p>\r\n<p>Embedding the plugin is easy - just copy and paste the following line of code where you want the plugin to appear.</p>\r\n<p style=\"padding-left: 30px;\">&lt;script type=\"text/javascript\" src=\"http://api.bitcoinbulletin.com/btceconomy\"&gt;&lt;/script&gt;</p>\r\n<p>The plugin will automatically attempt to resize itself to fit into the space it is given. Feel free to contact us if you have any troubles. We will be happy to help resolve any issues you may encounter, or to help step you through the process.</p>')
 ,(225,'<p>&nbsp;</p>\r\n<div class=\"ccm-page-list-description\">The BTC Economy plugin creates a live feed out of bitcoin merchandise and services that have been found using our search engine. The plugin can be easily embedded into almost any webpage or blog. Click on the instructions tab to install the plugin into the following systems.</div>\r\n<div class=\"ccm-page-list-description\"></div>\r\n<div class=\"ccm-page-list-description\">\r\n<ul>\r\n<li>Blogger / Blogspot&nbsp;(<a title=\"Blogger / Blogspot Gadget for BTC Economy.\" href=\"#blogger\">Instructions</a>)</li>\r\n<li>General Webpage (<a title=\"Install BTC Economy Plugin in any Website or Blog.\" href=\"#general\">Instructions</a>)</li>\r\n</ul>\r\n</div>')
 ,(226,'<p>The BTC Economy plugin creates a live feed out of bitcoin merchandise and services that have been found using our search engine. The plugin can be easily embedded into almost any webpage or blog. Click on the instructions tab to install the plugin into the following systems.</p>\r\n<div class=\"ccm-page-list-description\">\r\n<ul>\r\n<li>Blogger / Blogspot&nbsp;(<a title=\"Blogger / Blogspot Gadget for BTC Economy.\" href=\"#blogger\">Instructions</a>)</li>\r\n<li>General Webpage (<a title=\"Install BTC Economy Plugin in any Website or Blog.\" href=\"#general\">Instructions</a>)</li>\r\n</ul>\r\n</div>')
 ,(227,'<p>The new search engine is hyper-experimental at this point. It is so experimental, that I want to give this disclaimer before the URL below.</p>\r\n<ol>\r\n<li>I have not yet worked on the CSS/HTML of the plugin, so don\'t citicize its look yet.</li>\r\n<li>I want to make the search process fun and visual.</li>\r\n<li>You can provide feedback using the comment box.</li>\r\n<li>I may decide to just throw it all away and start over!</li>\r\n</ol>\r\n<p style=\"padding-left: 30px;\">&nbsp;</p>\r\n<p style=\"padding-left: 30px;\"><a href=\"http://api.bitcoinbulletin.com/apps/btcsearch/\">Click here to see the BTC Find plugin.</a></p>')
 ,(228,'<h5>Numerous websites across the bitcoin community use the BTC Economy plugin. Here is a list of websites known to support the plugin.</h5>')
 ,(229,'<p>Bring the technology and tools found in search bitcoin to your website or blog. Check out our bitcoin widgets, which we are&nbsp;actively developing and maintaining.</p>')
 ,(230,'<h5>We are not the only ones making plugins and widgets for the bitcoin community. Here are some others.</h5>')
 ,(231,'<p><a title=\"Web-based Bitcoin Mining.\" href=\"http://www.bitcoinplus.com/miner/embeddable\">Bitcoin Plus</a>: Bitcoin plus offers a browser based bitcoin mining widget. Basically, with this widget, webpage visitors are recruited to help mine bitcoins.</p>')
 ,(232,'<p><a href=\"http://oneminuteslow.com/bitcoin/180-240.png\">Bitoin Ticker</a>: The Bitcoin Ticker is a simple image based website plugin that shows the current value of a bitcoin. Simply add the image to your own website to make it work.</p>')
 ,(233,'<p><a href=\"http://oneminuteslow.com/bitcoin/180-240.png\">Bitcoin Ticker</a>: The Bitcoin Ticker is a simple image based website plugin that shows the current value of a bitcoin. Simply add the image to your own website to make it work.</p>')
 ,(234,'<p><a title=\"Web-based Bitcoin Mining.\" href=\"http://www.bitcoinplus.com/miner/embeddable\">Bitcoin Plus</a>: Bitcoin plus offers a browser based bitcoin mining widget. Basically, webpage visitors are recruited to help mine bitcoins&nbsp;with this widget.</p>')
 ,(235,'<p><a href=\"http://oneminuteslow.com/bitcoin/180-240.png\">Bitcoin Ticker</a>: The Bitcoin Ticker is a simple image-based plugin that shows the current value of a bitcoin. Simply add the image to your own website to make it work.</p>')
 ,(236,'<p>You can now run the BTC Economy plugin in blogger and blogspot. Click <a title=\"BTC Economy Plugin\" href=\"{CCM:CID_89}#blogger\">here</a> for instructions on how to add it to your own blog.&nbsp;Stay tuned for support in other systems such as Wordpress and Concrete5!</p>')
 ,(237,'<div style=\"width: 500px; margin-left: auto; margin-right: auto;\">\r\n <iframe src=\"https://spreadsheets.google.com/tq?tqx=out:html&key=0AtxaiSqEMPJ4dFNROW4tVU5RMzRkclhESUNuMDI5Qmc&hl=en_US\" width=\"500px\" height=\"250px\" border=\"0\">Your browser does not support iframes, so nothing is displayed.</iframe>\r\n</div>')
 ,(238,'<p>Search Bitcoin wants to maintain the trust we have established with our users and partners. Therefore, we have decided to be completely open about our revenue sources. Below is a spreadsheet of our books.</p>')
 ,(239,'<p>Many websites use our plugins and other services, and by doing so are helping us generate revenue. We want to give back to these websites. If you own a website that uses one of our plugins or other services and want a piece of the pie then contact us using the box below.</p>\r\n<p>Please do not contact us until we have started seeing a decent amount of revenue.</p>')
 ,(241,'<h5>Many websites in the Bitcoin community believe about being open with their financials. Here are a few.</h5>')
 ,(242,'<div style=\"width: 550px; margin-left: auto; margin-right: auto;\">\r\n <iframe src=\"https://spreadsheets.google.com/tq?tqx=out:html&key=0AtxaiSqEMPJ4dFNROW4tVU5RMzRkclhESUNuMDI5Qmc&hl=en_US\" width=\"550px\" height=\"250px\" border=\"0\">Your browser does not support iframes, so nothing is displayed.</iframe>\r\n</div>')
 ,(243,'<p>Many websites use our plugins and other services, and by doing so are helping us generate revenue. We want to give back to these websites. If you own a website that uses one of our plugins or other services and want a piece of the pie then contact us using the box below. We will require proof that you own the website.</p>\r\n<p>Please do not contact us until we have started seeing a decent amount of revenue.</p>')
 ,(244,'<p><em>Search Bitcoin</em> is searching the web to find businesses that accept bitcoins. This has put us in the unique position to help consumers and other businesses find the products and services they need from the bitcoin community. To help foster the development of the bitcoin econommy, we will be releasing our entire database of bitcoin businesses that we have found.</p>\r\n<p><img style=\"float: right;\" src=\"{CCM:FID_10}\" alt=\"business_database.png\" width=\"250\" height=\"160\" />But we need your help! If you own a business and would like to or already accept bitcoins as a method of payment then we want to hear from you. Our database is large but far from complete. Please fill out the form below and we will be sure to include you in our database. In turn, we will add your business to our <a title=\"Bitcoin Merchandise\" href=\"{CCM:CID_1}\">live feed</a> and share this database with our partner websites who will list your products and services in their business directories.</p>')
 ,(245,'<p><a title=\"Gentle introduction into the world of bitcoin.\" href=\"http://www.weusecoins.com/\">We Use Coins</a>: This website provides a gentle introduction into the world of bitcoin. There easy to use website will help get you started in no time.</p>')
 ,(246,'<p><em>Search Bitcoin</em> is searching the web to find businesses that accept bitcoins. This has put us in the unique position to help consumers and other businesses find the products and services they need from the bitcoin community. To help foster the development of the bitcoin economy, we will be releasing our entire database of bitcoin businesses that we have found.</p>\r\n<p><img style=\"float: right;\" src=\"{CCM:FID_10}\" alt=\"business_database.png\" width=\"250\" height=\"160\" />But we need your help! If you own a business and would like to or already accept bitcoins as a method of payment then we want to hear from you. Our database is large but far from complete. Please fill out the form below and we will be sure to include you in our database. In turn, we will add your business to our <a title=\"Bitcoin Merchandise\" href=\"{CCM:CID_1}\">live feed</a> and share this database with our partner websites who will list your products and services in their business directories.</p>')
 ,(282,'<p><img style=\"float: right;\" title=\"Database\" src=\"{CCM:FID_10}\" alt=\"business_database.png\" width=\"200\" height=\"128\" /></p>\r\n<p><em>Search Bitcoin</em> helps people find merchandise and services available in the bitcoin community. The tools that we offer appear not just in our website, but in numerous other popular websites such as <a title=\"We Use Coins\" href=\"http://www.weusecoins.com/getting-started.php\">weusecoins.com</a>, <a title=\"Bitcoin Me\" href=\"http://bitcoinme.com/index.php/merchants/\">bitcoinme.com</a>, and so many others.</p>\r\n<p>Adding your website to our database is easy and free, and your merchandise or service will receive free promotion both in&nbsp;<em>Search Bitcoin</em> and in all the websites using our services.</p>')
 ,(254,'<p><em>Search Bitcoin</em> helps people find merchandise and services available in the bitcoin community. The tools that we offer now appear not just in our website, but in numerous other popular websites such as weusecoins.com, bitcoinme.com, and others.<br />Adding your website to our database is free and easy, and will allow us to promote your merchandise or service in our website and in all the websites using our services.</p>')
 ,(256,'<p><em>Search Bitcoin</em> helps people find merchandise and services available in the bitcoin community. The tools that we offer now appear not just in our website, but in numerous other popular websites such as weusecoins.com, bitcoinme.com, and others.</p>\r\n<p>Adding your website to our database is free and easy, and will allow us to promote your merchandise or service in our website and in all the websites using our services.</p>')
 ,(257,'<p><small>\r\n<p><em>Tip: Make sure your responses are thorough. Your responses will appear in all of our channels!</em></p>\r\n</small></p>')
 ,(261,'<p><em>Search Bitcoin</em> helps people find merchandise and services available in the bitcoin community. The tools that we offer now appear not just in our website, but in numerous other popular websites such as <a title=\"We Use Coins\" href=\"http://www.weusecoins.com/getting-started.php\">weusecoins.com</a>, <a title=\"Bitcoin Me\" href=\"http://bitcoinme.com/index.php/merchants/\">bitcoinme.com</a>, and others.</p>\r\n<p>Adding your website to our database is free and easy, and will allow us to promote your merchandise or service in our website and in all the websites using our <a title=\"Plugins\" href=\"{CCM:CID_86}\">services</a>.</p>')
 ,(262,'<p><em>Search Bitcoin</em> helps people find merchandise and services available in the bitcoin community. The tools that we offer now appear not just in our website, but in numerous other popular websites such as <a title=\"We Use Coins\" href=\"http://www.weusecoins.com/getting-started.php\">weusecoins.com</a>, <a title=\"Bitcoin Me\" href=\"http://bitcoinme.com/index.php/merchants/\">bitcoinme.com</a>, and others.</p>\r\n<p>Adding your website to our database is free and easy, and will allow us to promote your merchandise or service in our website and in all the websites using our services.</p>')
 ,(264,'<p>Once you have added your website to our database, consider adding one of&nbsp;<a title=\"Plugins\" href=\"{CCM:CID_86}\">plugins</a>&nbsp;to help promote the economy.</p>')
 ,(265,'<h5><strong>We are not the only websites trying to promote the bitcoin economy. Here are a few others.</strong></h5>')
 ,(267,'<h5>We are not the only ones trying to promote the bitcoin economy. Here are a few other websites.</h5>')
 ,(268,'<p><img style=\"float: right;\" title=\"Database\" src=\"{CCM:FID_10}\" alt=\"business_database.png\" width=\"200\" height=\"128\" /></p>\r\n<p><em>Search Bitcoin</em> helps people find merchandise and services available in the bitcoin community. The tools that we offer now appear not just in our website, but in numerous other popular websites such as <a title=\"We Use Coins\" href=\"http://www.weusecoins.com/getting-started.php\">weusecoins.com</a>, <a title=\"Bitcoin Me\" href=\"http://bitcoinme.com/index.php/merchants/\">bitcoinme.com</a>, and others.</p>\r\n<p>Adding your website to our database is free and easy, and your merchandise or service will receive free promotion in&nbsp;<em>Search Bitcoin</em> and all the other websites using our services.</p>')
 ,(269,'<p><img style=\"float: right;\" title=\"Database\" src=\"{CCM:FID_10}\" alt=\"business_database.png\" width=\"200\" height=\"128\" /></p>\r\n<p><em>Search Bitcoin</em> helps people find merchandise and services available in the bitcoin community. The tools that we offer appear not just in our website, but in numerous other popular websites such as <a title=\"We Use Coins\" href=\"http://www.weusecoins.com/getting-started.php\">weusecoins.com</a>, <a title=\"Bitcoin Me\" href=\"http://bitcoinme.com/index.php/merchants/\">bitcoinme.com</a>, and so many others.</p>\r\n<p>Adding your website to our database is free and easy, and your merchandise or service will receive free promotion both in&nbsp;<em>Search Bitcoin</em> and in all the websites using our services.</p>')
 ,(270,'<p><a title=\"Bitcoin World Market\" href=\"http://www.bitcoinworldmarket.com/?affiliateid=4\">Bitcoin World Market</a>: Bitcoin world market is perhaps the largest bitcoin store. Check out their large selection of unique merchandise.</p>')
 ,(271,'<h5>We are not the only place where you should post your website. Check out these other great websites.</h5>')
 ,(272,'<p><a title=\"The Bitcoin Trade Page\" href=\"http://en.bitcoin.it/wiki/Trade\">Bitcoin Trade Page</a>: The trade page is a community driven wikipedia page where people can add their bitcoin website to the list. It is arguably the most comprehensive directory listing of bitcoin products and services.</p>')
 ,(273,'<p>Use this page if you are a website owner and want to have your website removed from our database. Removing your website fromm our database means that you will no longer appear in our live feed or in our search results. You will also be removed from other websites using our services.</p>\r\n<p>Use the box below to contact us. We will require proof that you own the website.</p>')
 ,(275,'<h5>We are sorry to see you go. Here are some other websites that will probably also be sad to see you go.</h5>')
 ,(276,'<p><a title=\"We Use Coins\" href=\"http://www.weusecoins.com/getting-started.php\">We Use Coins</a>: We Use Coins runs a live, searchable feed of all the merchandise for sale in the bitcoin community. The feed is powered by our database.</p>')
 ,(277,'<p><a title=\"Bitcoin Me\" href=\"http://bitcoinme.com/index.php/merchants/\">Bitcoin Me</a>: Bitcoin Me uses our live feed of bitcoin merchandise and services to show the rest of the world that the bitcoin economy is alive and thriving.</p>')
 ,(283,'<p><img style=\"float: right;\" title=\"Database\" src=\"{CCM:FID_10}\" alt=\"business_database.png\" width=\"200\" height=\"128\" /></p>\r\n<p><em>Search Bitcoin</em> helps people find merchandise and services available in the bitcoin community. The tools that we offer appear not just in our website, but in numerous other popular websites such as <a title=\"We Use Coins\" href=\"http://www.weusecoins.com/getting-started.php\">weusecoins.com</a>, <a title=\"Bitcoin Me\" href=\"http://bitcoinme.com/index.php/merchants/\">bitcoinme.com</a>, and so many others.</p>\r\n<p>Adding your website to our database is easy and free, and your merchandise or service will receive free promotion in&nbsp;<em>Search Bitcoin</em> and in all the websites using our services.</p>')
 ,(284,'<p><a title=\"Gentle introduction into the world of bitcoin.\" href=\"http://www.weusecoins.com/\">We Use Coins</a>: This website provides a gentle introduction into the world of bitcoin. Their friendly website will help get you started in no time.</p>')
 ,(285,'<p><a title=\"Meet the trader\" href=\"http://www.bitcoinbulletin.com\">Bitcoin Bulletin</a>: The Bitcoin Bulletin is a blog that, among other things, helps to promote the bitcoin economy with their <em>Meet the Trader</em> interviews.</p>')
 ,(286,'<p><img style=\"float: right;\" title=\"Database\" src=\"{CCM:FID_10}\" alt=\"business_database.png\" width=\"200\" height=\"128\" /></p>\r\n<p><em>Search Bitcoin</em> helps people find merchandise and services available in the bitcoin community. The tools that we offer appear in numerous popular websites such as <a title=\"We Use Coins\" href=\"http://www.weusecoins.com/getting-started.php\">weusecoins.com</a>, <a title=\"Bitcoin Me\" href=\"http://bitcoinme.com/index.php/merchants/\">bitcoinme.com</a>, and so many others.</p>\r\n<p>Adding your website to our database is easy and free, and your merchandise or service will receive free promotion in&nbsp;<em>Search Bitcoin</em> and in all the websites using our services. So what are you waiting for?</p>')
 ,(287,'<h2>Take advantage of the rapid growth in the bitcoin community by adding a page to your website where people can email you for bitcoin payments. The resources listed here are free for public use.</h2>')
 ,(288,'<p><a title=\"Free Promotional Graphics.\" href=\"http://en.bitcoin.it/wiki/Promotional_graphics\">Promotional Graphics</a>: Use these logos anywhere in your website to let people now that you accept bitcoin. The are freely licensed to the public.</p>')
 ,(289,'<p>This page is under construction.</p>')
 ,(290,'<p>The new flip plugin is hyper-experimental at this point. It is so experimental, that I want to give this disclaimer before the URL below.</p>\r\n<ol>\r\n<li>I have not yet worked on the CSS/HTML of the plugin, so don\'t citicize its look yet.</li>\r\n<li>I want to make the search process fun and visual.</li>\r\n<li>You can provide feedback using the comment box.</li>\r\n<li>I may decide to just throw it all away and start over!</li>\r\n</ol>\r\n<p style=\"padding-left: 30px;\">&nbsp;</p>\r\n<p style=\"padding-left: 30px;\"><a href=\"http://api.bitcoinbulletin.com/apps/btcsearch/\">Click here to see the BTC Find plugin.</a></p>')
 ,(291,'<p>Bring the technology and tools found in <em>Search Bitcoin</em> to your website or blog. Check out our bitcoin widgets, which we are&nbsp;actively developing and maintaining.</p>')
 ,(292,'<p><img style=\"float: right;\" title=\"Database\" src=\"{CCM:FID_10}\" alt=\"business_database.png\" width=\"200\" height=\"128\" /></p>\r\n<p><em>Search Bitcoin</em> helps people find merchandise and services available in the bitcoin community. The tools that we offer may be found in numerous popular websites such as <a title=\"We Use Coins\" href=\"http://www.weusecoins.com/getting-started.php\">weusecoins.com</a>, <a title=\"Bitcoin Me\" href=\"http://bitcoinme.com/index.php/merchants/\">bitcoinme.com</a>, and many others.</p>\r\n<p>Adding your website to our database is easy and free, and your merchandise or service will receive free promotion in&nbsp;<em>Search Bitcoin</em> and in all the websites using our services. So what are you waiting for?</p>')
 ,(293,'<h2>Add a page to your website where people can email you to make a purchase in bitcoin. The resources listed here will help you get started and are free to use.</h2>')
 ,(295,'<h5>Many websites in the Bitcoin community believe in being open about their financials. Here are a few.</h5>')
 ,(296,'<p><a title=\"We Use Coins\" href=\"http://www.weusecoins.com/fund.php\">We Use Coins</a>: We Use Coins is open about their funding sources, which may be found on their webpage.</p>')
 ,(297,'<p><img style=\"float: right;\" title=\"Database\" src=\"{CCM:FID_10}\" alt=\"business_database.png\" width=\"200\" height=\"128\" /></p>\r\n<p><em>Search Bitcoin</em> helps people find merchandise and services available in the bitcoin community. The tools that we offer may be found in numerous popular websites such as <em>???????????</em>, <a title=\"Bitcoin Me\" href=\"http://bitcoinme.com/index.php/merchants/\">bitcoinme.com</a>, and many others.</p>\r\n<p>Adding your website to our database is easy and free, and your merchandise or service will receive free promotion in&nbsp;<em>Search Bitcoin</em> and in all the websites using our services. So what are you waiting for?</p>')
 ,(298,'<p><img style=\"float: right;\" title=\"Database\" src=\"{CCM:FID_10}\" alt=\"business_database.png\" width=\"200\" height=\"128\" /></p>\r\n<p><em>Search Bitcoin</em> helps people find merchandise and services available in the bitcoin community. The tools that we offer may be found in numerous popular websites such as <a title=\"We Use Coins\" href=\"http://www.weusecoins.com/getting-started.php\">weusecoins.com</a>,&nbsp;<a title=\"Bitcoin Me\" href=\"http://bitcoinme.com/index.php/merchants/\">bitcoinme.com</a>, and many others.</p>\r\n<p>Adding your website to our database is easy and free, and your merchandise or service will receive free promotion in&nbsp;<em>Search Bitcoin</em> and in all the websites using our services. So what are you waiting for?</p>')
 ,(300,'<p><small>\r\n<p><em>The information you provide will be used in our search results and live feed.&nbsp;<em>Make sure your response is accurate and thorough.</em></em></p>\r\n</small></p>')
 ,(302,'<p><strong><a name=\"blogger\"></a>Blogger / Blogspot:</strong></p>\r\n<p>A special gadget has been written for adding the BTC Economy to Blogger and Blogspot pages. To embed the gadget login to your blog follow these steps.</p>\r\n<ol>\r\n<li>Sign-in to your page and click \"<em>Design\"</em>.</li>\r\n<li>Click \"<em>Add a Gadget\"</em> where you want to add the BTC Economy.</li>\r\n<li>In the pop-up click \"<em>Add you own\".</em></li>\r\n<li>Add the following URL into the text box, click submit and save.</li>\r\n</ol>\r\n<p style=\"padding-left: 30px;\">http://www.api.searchbitcoin.com/apps/btceconomy/hooks/blogspot.xml</p>\r\n<p>Your done!</p>')
 ,(303,'<div style=\"width: 450px; margin-left: auto; margin-right: auto;\">\r\n <script type=\"text/javascript\" src=\"http://api.searchbitcoin.com/btceconomy\"></script>\r\n</div>')
 ,(304,'<p><strong><a name=\"general\"></a>Generalize Website:</strong></p>\r\n<p>Embedding the plugin is easy - just copy and paste the following line of code where you want the plugin to appear.</p>\r\n<p style=\"padding-left: 30px;\">&lt;script type=\"text/javascript\" src=\"http://api.searchbitcoin.com/btceconomy\"&gt;&lt;/script&gt;</p>\r\n<p>The plugin will automatically attempt to resize itself to fit into the space it is given. Feel free to contact us if you have any troubles. We will be happy to help resolve any issues you may encounter, or to help step you through the process.</p>')
 ,(305,'<h5>We also have a Wiki page for the BTC Economy plugin.</h5>')
 ,(306,'<p><a title=\"Wiki page for BTC Economy Plugin.\" href=\"http://en.bitcoin.it/wiki/Btceconomy\">BTC Economy wiki</a></p>')
 ,(307,'<p><a title=\"Wiki page for BTC Economy Plugin.\" href=\"http://en.bitcoin.it/wiki/Btceconomy\">BTC Economy Wiki</a></p>')
 ,(308,'<p>Working in close partnership with the development team at www.weusecoins.com, we have unveiled the first bitcoin search engine. Now it is even easier to find stuff to buy with your bitcoins. Our database includes virtually every item from every bitcoin store.</p>\r\n<p>Check out the search engine at the bottom of the page here.</p>\r\n<p>We will be brining the same search engine technology to any website in the form of an embeddable widget. We will also be releasing an API for developers. Stay tuned!</p>')
 ,(309,'<p>Working in close partnership with the development team at www.weusecoins.com, we have unveiled the first bitcoin search engine. Now it is even easier to find stuff to buy with your bitcoins. Our database includes virtually every item from every bitcoin store.</p>\r\n<p>Check out the search engine at the bottom of the page <a title=\"First bitcoin search engine\" href=\"http://www.weusecoins.com/getting-started.php\">here</a>.</p>\r\n<p>We will be bringing the same search engine technology to any website in the form of an embeddable widget. We will also be releasing an API for developers. Stay tuned!</p>')
 ,(322,'<script type=\"text/javascript\">\r\n<!-- Begin\r\nfunction popUp(URL)\r\n{\r\n day=new Date();\r\n id=day.getTime();\r\n eval(\"page\" + id + \" = window.open(URL, \'\" + id + \"\', \'toolbar=0,scrollbars=0,location=0,statusbar=0,menubar=0,resizable=0,width=500,height=500\');\");\r\n}\r\n// End -->\r\n</script>\r\n<form>\r\n <input style=\"padding: 20px;\" type=button value=\"Submit Website\" onClick=\"javascript:popUp(\'http://api.searchbitcoin.com/apps/backend/index.php/vendorSubmit/join\')\">\r\n</form>\r\n')
 ,(323,'<p><em><small>Once you have added your website, consider adding the <a title=\"BTC Economy Plugin\" href=\"{CCM:CID_89}\">BTC Economy plugin</a> to help promote the bitcoin economy.</small></em></p>')
 ,(324,'<p><em><small>Once you have submitted your website, consider adding the <a title=\"BTC Economy Plugin\" href=\"{CCM:CID_89}\">BTC Economy plugin</a> to help promote the bitcoin economy.</small></em></p>')
 ,(325,'<script type=\"text/javascript\">\r\n<!-- Begin\r\nfunction popUp(URL)\r\n{\r\n day=new Date();\r\n id=day.getTime();\r\n eval(\"page\" + id + \" = window.open(URL, \'\" + id + \"\', \'toolbar=0,scrollbars=0,location=0,statusbar=0,menubar=0,resizable=0,width=500,height=500\');\");\r\n}\r\n// End -->\r\n</script>\r\n<form>\r\n <input style=\"padding: 14px;\" type=button value=\"Submit Website\" onClick=\"javascript:popUp(\'http://api.searchbitcoin.com/apps/backend/index.php/vendorSubmit/join\')\">\r\n</form>\r\n')
 ,(326,'<script type=\"text/javascript\">\r\n<!-- Begin\r\nfunction popUp(URL)\r\n{\r\n day=new Date();\r\n id=day.getTime();\r\n eval(\"page\" + id + \" = window.open(URL, \'\" + id + \"\', \'toolbar=0,scrollbars=0,location=0,statusbar=0,menubar=0,resizable=0,width=500,height=550\');\");\r\n}\r\n// End -->\r\n</script>\r\n<form>\r\n <input style=\"padding: 14px;\" type=button value=\"Submit Website\" onClick=\"javascript:popUp(\'http://api.searchbitcoin.com/apps/backend/index.php/vendorSubmit/join\')\">\r\n</form>\r\n')
 ,(327,'<ul>\r\n<li> <a href=\"http://www.abelsfire.com/index.php?route=information/information&amp;information_id=7\">abelsfire.com</a> </li>\r\n<li> <a href=\"http://www.bitcoinbabe.com/\">bitcoinbabe.com</a> </li>\r\n<li> <a href=\"http://www.bitcoinbulletin.com/\">bitcoinbulletin.com</a> </li>\r\n<li> <a href=\"http://www.bitcoincyberstore.com/index.php?route=information/information&amp;information_id=7\">bitcoincyberstore.com</a> </li>\r\n<li> <a href=\"http://bitcoinjapan.blogspot.com/\">bitcoinjapan.blogspot.com</a> </li>\r\n<li> <a href=\"http://bitcoinme.com/index.php/merchants/\">bitcoinme.com</a> </li>\r\n<li> <a href=\"http://bitfreak.info/index.php?page=usingbtc\">bitfreak.info</a> </li>\r\n<li> <a href=\"http://www.bitstarter.co/\">bitstarter.co</a> </li>\r\n<li> <a href=\"http://bitvapes.com/index.php?main_page=page_3\">bitvapes.com</a> </li>\r\n<li> <a href=\"http://www.bitucopia.com/\">bitucopia.com</a> </li>\r\n<li> <a href=\"http://btcxc.info/\">btcxc.info</a> </li>\r\n<li> <a href=\"http://community.freescottwalsh.info/\">freescottwalsh.info</a> </li>\r\n<li> <a href=\"http://jsclosurejunkie.blogspot.com/\">jsclosurejunkie.blogspot.com</a> </li>\r\n<li> <a href=\"http://kosites.com/bitcoin-widget.html\">kosites.com</a> </li>\r\n<li> <a href=\"#\">searchbitcoin.com</a> </li>\r\n<li> <a href=\"http://searchbitcoin.tumblr.com/\">searchbitcoin.tumblr.com</a> </li>\r\n<li> <a href=\"http://reader.rjsteinert.com/\">rjsteinert.com</a> </li>\r\n<li> <a href=\"http://thebitcoin.blogspot.com/\">thebitcoin.blogspot.com</a> </li>\r\n<li> <a href=\"http://thegemvault.tiptopgem.com/\">tiptopgem.com</a> </li>\r\n<li> <a href=\"http://www.tradersedgedice.com/fx-currency-dice-set-p-28.html\">tradersedgedice.com</a> </li>\r\n</ul>')
 ,(328,'<script type=\"text/javascript\">\r\n<!-- Begin\r\nfunction popUp(URL)\r\n{\r\n day=new Date();\r\n id=day.getTime();\r\n eval(\"page\" + id + \" = window.open(URL, \'\" + id + \"\', \'toolbar=0,scrollbars=0,location=0,statusbar=0,menubar=0,resizable=0,width=500,height=625\');\");\r\n}\r\n// End -->\r\n</script>\r\n<form>\r\n <input style=\"padding: 14px;\" type=button value=\"Submit Website\" onClick=\"javascript:popUp(\'http://api.searchbitcoin.com/apps/backend/index.php/vendorSubmit/join\')\">\r\n</form>\r\n')
 ,(329,'<script type=\"text/javascript\">\r\n<!-- Begin\r\nfunction popUp(URL)\r\n{\r\n day=new Date();\r\n id=day.getTime();\r\n eval(\"page\" + id + \" = window.open(URL, \'\" + id + \"\', \'toolbar=0,scrollbars=0,location=0,statusbar=0,menubar=0,resizable=0,width=500,height=600\');\");\r\n}\r\n// End -->\r\n</script>\r\n<form>\r\n <input style=\"padding: 14px;\" type=button value=\"Submit Website\" onClick=\"javascript:popUp(\'http://api.searchbitcoin.com/apps/backend/index.php/vendorSubmit/join\')\">\r\n</form>\r\n')
 ,(330,'<script type=\"text/javascript\">\r\n<!-- Begin\r\nfunction popUp(URL)\r\n{\r\n day=new Date();\r\n id=day.getTime();\r\n eval(\"page\" + id + \" = window.open(URL, \'\" + id + \"\', \'toolbar=0,scrollbars=1,location=0,statusbar=0,menubar=0,resizable=0,width=500,height=600\');\");\r\n}\r\n// End -->\r\n</script>\r\n<form>\r\n <input style=\"padding: 14px;\" type=button value=\"Submit Website\" onClick=\"javascript:popUp(\'http://api.searchbitcoin.com/apps/backend/index.php/vendorSubmit/join\')\">\r\n</form>\r\n')
 ,(331,'<script type=\"text/javascript\">\r\n<!-- Begin\r\nfunction popUp(URL)\r\n{\r\n day=new Date();\r\n id=day.getTime();\r\n eval(\"page\" + id + \" = window.open(URL, \'\" + id + \"\', \'toolbar=0,scrollbars=1,location=0,statusbar=0,menubar=0,resizable=0,width=500,height=500\');\");\r\n}\r\n// End -->\r\n</script>\r\n<form>\r\n <input style=\"padding: 14px;\" type=button value=\"Submit Website\" onClick=\"javascript:popUp(\'http://api.searchbitcoin.com/apps/backend/index.php/vendorSubmit/join\')\">\r\n</form>\r\n')
 ,(332,'<script type=\"text/javascript\">\r\n<!-- Begin\r\nfunction popUp(URL)\r\n{\r\n day=new Date();\r\n id=day.getTime();\r\n eval(\"page\" + id + \" = window.open(URL, \'\" + id + \"\', \'toolbar=0,scrollbars=1,location=0,statusbar=0,menubar=0,resizable=0,width=500,height=600\');\");\r\n}\r\n// End -->\r\n</script>\r\n<form>\r\n <input style=\"padding: 14px;\" type=button value=\"Submit Website\" onClick=\"javascript:popUp(\'http://api.searchbitcoin.com/apps/backend/index.php/vendorSubmit/join\')\">\r\n</form>\r\n')
 ,(333,'<p>Hashing It Out just released a podcast with a focus on the bitcoin economy and the BTC Economy plugin. Thanks Hashing It Out! Here is the link to the podcast.</p>\r\n<p style=\"padding-left: 30px;\"><a title=\"Hashing It Out Podcast\" href=\"http://soundcloud.com/hashingitout/hashing-it-out-episode-0-02\">Hashing it out Podcast Channel</a></p>')
 ,(334,'<ul>\r\n<li> <a href=\"http://www.abelsfire.com/index.php?route=information/information&amp;information_id=7\">abelsfire.com</a> </li>\r\n<li> <a href=\"http://www.bitcoinbabe.com/\">bitcoinbabe.com</a> </li>\r\n<li> <a href=\"http://www.bitcoinbulletin.com/\">bitcoinbulletin.com</a> </li>\r\n<li> <a href=\"http://www.bitcoincyberstore.com/index.php?route=information/information&amp;information_id=7\">bitcoincyberstore.com</a> </li>\r\n<li> <a href=\"http://bitcoinjapan.blogspot.com/\">bitcoinjapan.blogspot.com</a> </li>\r\n<li> <a href=\"http://bitcoinme.com/index.php/merchants/\">bitcoinme.com</a> </li>\r\n<li> <a href=\"http://bitcoinproject.net/links.html/\">bitcoinproject.net</a> </li>\r\n<li> <a href=\"http://bitfreak.info/index.php?page=usingbtc\">bitfreak.info</a> </li>\r\n<li> <a href=\"http://www.bitstarter.co/\">bitstarter.co</a> </li>\r\n<li> <a href=\"http://bitvapes.com/index.php?main_page=page_3\">bitvapes.com</a> </li>\r\n<li> <a href=\"http://www.bitucopia.com/\">bitucopia.com</a> </li>\r\n<li> <a href=\"http://btcxc.info/\">btcxc.info</a> </li>\r\n<li> <a href=\"http://community.freescottwalsh.info/\">freescottwalsh.info</a> </li>\r\n<li> <a href=\"http://jsclosurejunkie.blogspot.com/\">jsclosurejunkie.blogspot.com</a> </li>\r\n<li> <a href=\"http://kosites.com/bitcoin-widget.html\">kosites.com</a> </li>\r\n<li> <a href=\"#\">searchbitcoin.com</a> </li>\r\n<li> <a href=\"http://searchbitcoin.tumblr.com/\">searchbitcoin.tumblr.com</a> </li>\r\n<li> <a href=\"http://reader.rjsteinert.com/\">rjsteinert.com</a> </li>\r\n<li> <a href=\"http://thebitcoin.blogspot.com/\">thebitcoin.blogspot.com</a> </li>\r\n<li> <a href=\"http://thegemvault.tiptopgem.com/\">tiptopgem.com</a> </li>\r\n<li> <a href=\"http://www.tradersedgedice.com/fx-currency-dice-set-p-28.html\">tradersedgedice.com</a> </li>\r\n</ul>')
 ,(335,'<ul>\r\n<li> <a href=\"http://www.abelsfire.com/index.php?route=information/information&amp;information_id=7\">abelsfire.com</a> </li>\r\n<li> <a href=\"http://www.bitcoinbabe.com/\">bitcoinbabe.com</a> </li>\r\n<li> <a href=\"http://www.bitcoinbulletin.com/\">bitcoinbulletin.com</a> </li>\r\n<li> <a href=\"http://www.bitcoincyberstore.com/index.php?route=information/information&amp;information_id=7\">bitcoincyberstore.com</a> </li>\r\n<li> <a href=\"http://bitcoinjapan.blogspot.com/\">bitcoinjapan.blogspot.com</a> </li>\r\n<li> <a href=\"http://bitcoinme.com/index.php/merchants/\">bitcoinme.com</a> </li>\r\n<li> <a href=\"http://bitcoinproject.net/links.html\">bitcoinproject.net</a> </li>\r\n<li> <a href=\"http://bitfreak.info/index.php?page=usingbtc\">bitfreak.info</a> </li>\r\n<li> <a href=\"http://www.bitstarter.co/\">bitstarter.co</a> </li>\r\n<li> <a href=\"http://bitvapes.com/index.php?main_page=page_3\">bitvapes.com</a> </li>\r\n<li> <a href=\"http://www.bitucopia.com/\">bitucopia.com</a> </li>\r\n<li> <a href=\"http://btcxc.info/\">btcxc.info</a> </li>\r\n<li> <a href=\"http://community.freescottwalsh.info/\">freescottwalsh.info</a> </li>\r\n<li> <a href=\"http://jsclosurejunkie.blogspot.com/\">jsclosurejunkie.blogspot.com</a> </li>\r\n<li> <a href=\"http://kosites.com/bitcoin-widget.html\">kosites.com</a> </li>\r\n<li> <a href=\"#\">searchbitcoin.com</a> </li>\r\n<li> <a href=\"http://searchbitcoin.tumblr.com/\">searchbitcoin.tumblr.com</a> </li>\r\n<li> <a href=\"http://reader.rjsteinert.com/\">rjsteinert.com</a> </li>\r\n<li> <a href=\"http://thebitcoin.blogspot.com/\">thebitcoin.blogspot.com</a> </li>\r\n<li> <a href=\"http://thegemvault.tiptopgem.com/\">tiptopgem.com</a> </li>\r\n<li> <a href=\"http://www.tradersedgedice.com/fx-currency-dice-set-p-28.html\">tradersedgedice.com</a> </li>\r\n</ul>')
 ,(337,'<ul>\r\n<li> <a href=\"http://www.abelsfire.com/index.php?route=information/information&amp;information_id=7\">abelsfire.com</a> </li>\r\n<li> <a href=\"http://www.bitcoinbabe.com/\">bitcoinbabe.com</a> </li>\r\n<li> <a href=\"http://www.bitcoinbulletin.com/\">bitcoinbulletin.com</a> </li>\r\n<li> <a href=\"http://www.bitcoincyberstore.com/index.php?route=information/information&amp;information_id=7\">bitcoincyberstore.com</a> </li>\r\n<li> <a href=\"http://bitcoinjapan.blogspot.com/\">bitcoinjapan.blogspot.com</a> </li>\r\n<li> <a href=\"http://bitcoinme.com/index.php/merchants/\">bitcoinme.com</a> </li>\r\n<li> <a href=\"http://bitcoinproject.net/links.html\">bitcoinproject.net</a> </li>\r\n<li> <a href=\"http://bitfreak.info/index.php?page=usingbtc\">bitfreak.info</a> </li>\r\n<li> <a href=\"http://www.bitstarter.co/\">bitstarter.co</a> </li>\r\n<li> <a href=\"http://bitvapes.com/index.php?main_page=page_3\">bitvapes.com</a> </li>\r\n<li> <a href=\"http://www.bitucopia.com/\">bitucopia.com</a> </li>\r\n<li> <a href=\"http://btcxc.info/\">btcxc.info</a> </li>\r\n<li> <a href=\"http://community.freescottwalsh.info/\">freescottwalsh.info</a> </li>\r\n<li> <a href=\"http://jsclosurejunkie.blogspot.com/\">jsclosurejunkie.blogspot.com</a> </li>\r\n<li> <a href=\"http://kosites.com/bitcoin-widget.html\">kosites.com</a> </li>\r\n<li> <a href=\"#\">searchbitcoin.com</a> </li>\r\n<li> <a href=\"http://searchbitcoin.tumblr.com/\">searchbitcoin.tumblr.com</a> </li>\r\n<li> <a href=\"http://reader.rjsteinert.com/\">rjsteinert.com</a> </li>\r\n<li> <a href=\"http://thebitcoin.blogspot.com/\">thebitcoin.blogspot.com</a> </li>\r\n<li> <a href=\"http://thegemvault.tiptopgem.com/\">tiptopgem.com</a> </li>\r\n<li> <a href=\"http://twpg.blogspot.com/\">twpg.blogspot.com</a> </li>\r\n<li> <a href=\"http://www.tradersedgedice.com/fx-currency-dice-set-p-28.html\">tradersedgedice.com</a> </li>\r\n</ul>')
 ,(338,'<h2>Add a page to your website where people can email you to make a purchase in bitcoin. Here are the steps.</h2>')
 ,(339,'<p><a href=\"/apps/download.php\">Download</a></p>')
 ,(340,'<p>Click on one of these free graphics to download the image file.</p>\r\n<p><a href=\"/apps/force_download.php?file=bitcoins_accepted.png\"><img src=\"/apps/bitcoins_accepted.png\" alt=\"\" /></a><img src=\"/apps/we_love_bitcoins.png\" alt=\"\" /></p>')
 ,(341,'<p>Click on one of these free graphics to download the image file.</p>\r\n<p><a href=\"/apps/force_download.php?file=bitcoins_accepted.png\"><img style=\"margin-bottom: 35px; margin-left: 5px; margin-right: 5px;\" src=\"/apps/bitcoins_accepted.png\" alt=\"\" /></a><a href=\"/apps/force_download.php?file=we_love_bitcoins.png\"><img src=\"/apps/we_love_bitcoins.png\" alt=\"\" /></a></p>')
 ,(342,'<p><strong><em>Step-1</em></strong>: Click on one of these free graphics to download the image file.</p>\r\n<p><a href=\"/apps/force_download.php?file=bitcoins_accepted.png\"><img style=\"max-width: 30%; max-height: 30%; margin-bottom: 15px; margin-left: 15px; margin-right: 10px;\" src=\"/apps/bitcoins_accepted.png\" alt=\"\" /></a><a href=\"/apps/force_download.php?file=we_love_bitcoins.png\"><img style=\"max-width: 20%; max-height: 20%;\" src=\"/apps/we_love_bitcoins.png\" alt=\"\" /></a></p>')
 ,(343,'<p><em><strong>Step-2:</strong></em> Add a new page to your website where you can accept bitcoin payments. Add the bitcoin graphic to the page.</p>')
 ,(344,'<h2>Start accepting bitcoin payments in just 5 minutes. Here are the steps.</h2>')
 ,(345,'<p>Step-3: Include an email address where people can reach you to make a bitcoin payment.</p>')
 ,(346,'<p>Step 4: Download and install the bitcoin client software from bitcoin.org.</p>')
 ,(347,'<p>Your done! Submit your website here to receive free promotion.</p>')
 ,(348,'<p>Step-2: Click on one of these free logos to automatically download the image file. Add the logo to your bitcoin page.</p>\r\n<p><a href=\"/apps/force_download.php?file=bitcoins_accepted.png\"><img style=\"max-width: 30%; max-height: 30%; margin-bottom: 15px; margin-left: 15px; margin-right: 10px;\" src=\"/apps/bitcoins_accepted.png\" alt=\"\" /></a><a href=\"/apps/force_download.php?file=we_love_bitcoins.png\"><img style=\"max-width: 20%; max-height: 20%;\" src=\"/apps/we_love_bitcoins.png\" alt=\"\" /></a></p>')
 ,(349,'<p>Step-1: Add a new page to your website for receiving traffic from the bitcoin community.</p>')
 ,(350,'<p>Step-3: In your bitcoin page have people email you to order a product or service by bitcoin.</p>')
 ,(351,'<p>Step-4: Get your bitcoin address by downloading and installing the bitcoin software at <a title=\"Official Bitcoin Software\" href=\"http://www.bitcoin.org\">www.bitcoin.org</a>.</p>')
 ,(352,'<p>Step-4: Add your bitcoin address underneath the logo and a way to contact you.</p>')
 ,(353,'<p>Step-3: Signup for free at&nbsp;<a title=\"Bitcoin Bank\" href=\"https://www.mybitcoin.com/\">MyBitcoin</a> to get your fist bitcoin address.</p>')
 ,(355,'<p>Step-2: Click on one of these free logos to automatically download the image file. Add the logo to your bitcoin page.</p>\r\n<p><a title=\"Download Image\" href=\"/apps/force_download.php?file=bitcoins_accepted.png\"><img style=\"max-width: 30%; max-height: 30%; margin-bottom: 20px; margin-left: 20px; margin-right: 10px;\" src=\"/apps/bitcoins_accepted.png\" alt=\"We Accept Bitcoins\" /></a><a title=\"Download Image\" href=\"/apps/force_download.php?file=we_love_bitcoins.png\"><img style=\"max-width: 20%; max-height: 20%; margin-top: 5px; margin-bottom: 5px;\" src=\"/apps/we_love_bitcoins.png\" alt=\"We Love Bitcoins\" /></a></p>')
 ,(356,'<div>\r\n<p>Step-1: Add a new page to your website for receiving traffic from the bitcoin community.</p>\r\n<p>&nbsp;</p>\r\n<p>Step-2: Click on one of these free logos to automatically download the image file. Add the logo to your bitcoin page.</p>\r\n</div>\r\n<p><a title=\"Download Image\" href=\"/apps/force_download.php?file=bitcoins_accepted.png\"><img style=\"max-width: 30%; max-height: 30%; margin-bottom: 20px; margin-left: 20px; margin-right: 10px;\" src=\"/apps/bitcoins_accepted.png\" alt=\"We Accept Bitcoins\" /></a><a title=\"Download Image\" href=\"/apps/force_download.php?file=we_love_bitcoins.png\"><img style=\"max-width: 20%; max-height: 20%; margin-top: 5px; margin-bottom: 5px;\" src=\"/apps/we_love_bitcoins.png\" alt=\"We Love Bitcoins\" /></a></p>')
 ,(357,'<div>\r\n<p>1: Add a new page to your website for receiving traffic from the bitcoin community.</p>\r\n<p>&nbsp;</p>\r\n<p>2: Click on one of these free logos to automatically download the image file. Add the logo to your bitcoin page.</p>\r\n</div>\r\n<p><a title=\"Download Image\" href=\"/apps/force_download.php?file=bitcoins_accepted.png\"><img style=\"max-width: 30%; max-height: 30%; margin-bottom: 20px; margin-left: 20px; margin-right: 10px;\" src=\"/apps/bitcoins_accepted.png\" alt=\"We Accept Bitcoins\" /></a><a title=\"Download Image\" href=\"/apps/force_download.php?file=we_love_bitcoins.png\"><img style=\"max-width: 20%; max-height: 20%; margin-top: 5px; margin-bottom: 5px;\" src=\"/apps/we_love_bitcoins.png\" alt=\"We Love Bitcoins\" /></a></p>\r\n<div>\r\n<p>3: Signup for free at&nbsp;<a title=\"Bitcoin Bank\" href=\"https://www.mybitcoin.com/\">MyBitcoin</a>&nbsp;to get your fist bitcoin address.</p>\r\n</div>\r\n<div>\r\n<p>4: Add your bitcoin address underneath the logo and a way to contact you.</p>\r\n</div>')
 ,(358,'<div>\r\n<p>Add a new page to your website for receiving traffic from the bitcoin community.</p>\r\n<p>&nbsp;</p>\r\n<p>Click on one of these free logos to automatically download the image file. Add the logo to your bitcoin page.</p>\r\n</div>\r\n<p><a title=\"Download Image\" href=\"/apps/force_download.php?file=bitcoins_accepted.png\"><img style=\"max-width: 30%; max-height: 30%; margin-bottom: 20px; margin-left: 20px; margin-right: 10px;\" src=\"/apps/bitcoins_accepted.png\" alt=\"We Accept Bitcoins\" /></a><a title=\"Download Image\" href=\"/apps/force_download.php?file=we_love_bitcoins.png\"><img style=\"max-width: 20%; max-height: 20%; margin-top: 5px; margin-bottom: 5px;\" src=\"/apps/we_love_bitcoins.png\" alt=\"We Love Bitcoins\" /></a></p>\r\n<div>\r\n<p>Signup for free at&nbsp;<a title=\"Bitcoin Bank\" href=\"https://www.mybitcoin.com/\">MyBitcoin</a>&nbsp;to get your fist bitcoin address.</p>\r\n<p>&nbsp;</p>\r\n</div>\r\n<div>\r\n<p>Add your bitcoin address underneath the logo and a way to contact you.</p>\r\n</div>')
 ,(359,'<ol>\r\n<li>\r\n<p>Add a new page to your website for receiving traffic from the bitcoin community.</p>\r\n</li>\r\n<li>\r\n<p>Click on one of these free logos to automatically download the image file. Add the logo to your bitcoin page.</p>\r\n<p><a title=\"Download Image\" href=\"/apps/force_download.php?file=bitcoins_accepted.png\"><img style=\"max-width: 30%; max-height: 30%; margin-bottom: 20px; margin-left: 20px; margin-right: 10px;\" src=\"/apps/bitcoins_accepted.png\" alt=\"We Accept Bitcoins\" /></a><a title=\"Download Image\" href=\"/apps/force_download.php?file=we_love_bitcoins.png\"><img style=\"max-width: 20%; max-height: 20%; margin-top: 5px; margin-bottom: 5px;\" src=\"/apps/we_love_bitcoins.png\" alt=\"We Love Bitcoins\" /></a></p>\r\n</li>\r\n<li>\r\n<p>Signup for free at&nbsp;<a title=\"Bitcoin Bank\" href=\"https://www.mybitcoin.com/\">MyBitcoin</a>&nbsp;to get your fist bitcoin address.</p>\r\n</li>\r\n<li>\r\n<p>Add your bitcoin address underneath the logo and a way to contact you.</p>\r\n</li>\r\n</ol>')
 ,(360,'<ul>\r\n<li>\r\n<p>Add a new page to your website for receiving traffic from the bitcoin community.</p>\r\n</li>\r\n<li>\r\n<p>Click on one of these free logos to automatically download the image file. Add the logo to your bitcoin page.</p>\r\n<p><a title=\"Download Image\" href=\"/apps/force_download.php?file=bitcoins_accepted.png\"><img style=\"max-width: 30%; max-height: 30%; margin-bottom: 20px; margin-left: 20px; margin-right: 10px;\" src=\"/apps/bitcoins_accepted.png\" alt=\"We Accept Bitcoins\" /></a><a title=\"Download Image\" href=\"/apps/force_download.php?file=we_love_bitcoins.png\"><img style=\"max-width: 20%; max-height: 20%; margin-top: 5px; margin-bottom: 5px;\" src=\"/apps/we_love_bitcoins.png\" alt=\"We Love Bitcoins\" /></a></p>\r\n</li>\r\n<li>\r\n<p>Signup for free at&nbsp;<a title=\"Bitcoin Bank\" href=\"https://www.mybitcoin.com/\">MyBitcoin</a>&nbsp;to get your fist bitcoin address.</p>\r\n</li>\r\n<li>\r\n<p>Add your bitcoin address underneath the logo and a way to contact you.</p>\r\n</li>\r\n</ul>')
 ,(361,'<ol>\r\n<li>\r\n<p>Add a new page to your website for receiving traffic from the bitcoin community.</p>\r\n</li>\r\n<li>\r\n<p>Click on one of these free logos to automatically download the image file. Add the logo to your bitcoin page.</p>\r\n<p><a title=\"Download Image\" href=\"/apps/force_download.php?file=bitcoins_accepted.png\"><img style=\"max-width: 30%; max-height: 30%; margin-bottom: 20px; margin-left: 20px; margin-right: 10px;\" src=\"/apps/bitcoins_accepted.png\" alt=\"We Accept Bitcoins\" /></a><a title=\"Download Image\" href=\"/apps/force_download.php?file=we_love_bitcoins.png\"><img style=\"max-width: 20%; max-height: 20%; margin-top: 5px; margin-bottom: 5px;\" src=\"/apps/we_love_bitcoins.png\" alt=\"We Love Bitcoins\" /></a></p>\r\n</li>\r\n<li>\r\n<p>Signup for free at&nbsp;<a title=\"Bitcoin Bank\" href=\"https://www.mybitcoin.com/\">MyBitcoin</a>&nbsp;to get your fist bitcoin address.</p>\r\n</li>\r\n<li>\r\n<p>Add your bitcoin address underneath the logo and a way to contact you.</p>\r\n</li>\r\n</ol>')
 ,(362,'<ol>\r\n<li>\r\n<p>Add a new page to your website for receiving traffic from the bitcoin community.</p>\r\n</li>\r\n<li>\r\n<p>Click on one of these free logos to automatically download the image file. Add the logo to your bitcoin page.</p>\r\n<p><a title=\"Download Image\" href=\"/apps/force_download.php?file=bitcoins_accepted.png\"><img style=\"max-width: 30%; max-height: 30%; margin-bottom: 20px; margin-left: 20px; margin-right: 10px;\" src=\"/apps/bitcoins_accepted.png\" alt=\"We Accept Bitcoins\" /></a><a title=\"Download Image\" href=\"/apps/force_download.php?file=we_love_bitcoins.png\"><img style=\"max-width: 20%; max-height: 20%; margin-top: 5px; margin-bottom: 5px;\" src=\"/apps/we_love_bitcoins.png\" alt=\"We Love Bitcoins\" /></a></p>\r\n</li>\r\n<li>\r\n<p>Signup for free at&nbsp;<a title=\"Bitcoin Bank\" href=\"https://www.mybitcoin.com/\">MyBitcoin</a>&nbsp;to get your fist bitcoin address.</p>\r\n</li>\r\n<li>\r\n<p>Add your bitcoin address underneath the logo and a way to contact you.</p>\r\n</li>\r\n</ol>')
 ,(363,'<ol>\r\n<li>\r\n<p>Add a new page to your website for receiving traffic from the bitcoin community.</p>\r\n</li>\r\n<li>\r\n<p>Click on one of these free logos to automatically download the image file. Add the logo to your bitcoin page.</p>\r\n<p><a title=\"Download Image\" href=\"/apps/force_download.php?file=bitcoins_accepted.png\"><img style=\"max-width: 30%; max-height: 30%; margin-bottom: 20px; margin-left: 20px; margin-right: 10px;\" src=\"/apps/bitcoins_accepted.png\" alt=\"We Accept Bitcoins\" /></a><a title=\"Download Image\" href=\"/apps/force_download.php?file=we_love_bitcoins.png\"><img style=\"max-width: 20%; max-height: 20%; margin-top: 5px; margin-bottom: 5px;\" src=\"/apps/we_love_bitcoins.png\" alt=\"We Love Bitcoins\" /></a></p>\r\n</li>\r\n<li>\r\n<p>Signup for free at&nbsp;<a title=\"Bitcoin Bank\" href=\"https://www.mybitcoin.com/\">MyBitcoin</a>&nbsp;to get your fist bitcoin address.</p>\r\n</li>\r\n<li>\r\n<p>Add your bitcoin address underneath the logo and a way to contact you.</p>\r\n</li>\r\n</ol>')
 ,(364,'<ol>\r\n<li>A</li>\r\n<li>B</li>\r\n<li>C</li>\r\n</ol>')
 ,(365,'<p>(1) Add a new page to your website for receiving traffic from the bitcoin community.</p>\r\n<p>&nbsp;</p>\r\n<p>(2) Click on one of these free logos to automatically download the image file. Add the logo to your bitcoin page.</p>\r\n<p><a title=\"Download Image\" href=\"/apps/force_download.php?file=bitcoins_accepted.png\"><img style=\"max-width: 30%; max-height: 30%; margin-bottom: 20px; margin-left: 20px; margin-right: 10px;\" src=\"/apps/bitcoins_accepted.png\" alt=\"We Accept Bitcoins\" /></a><a title=\"Download Image\" href=\"/apps/force_download.php?file=we_love_bitcoins.png\"><img style=\"max-width: 20%; max-height: 20%; margin-top: 5px; margin-bottom: 5px;\" src=\"/apps/we_love_bitcoins.png\" alt=\"We Love Bitcoins\" /></a></p>\r\n<p>(3) Signup for free at&nbsp;<a title=\"Bitcoin Bank\" href=\"https://www.mybitcoin.com/\">MyBitcoin</a>&nbsp;to get your fist bitcoin address.</p>\r\n<p>&nbsp;</p>\r\n<p>(4) Add your bitcoin address underneath the logo and a way to contact you.</p>')
 ,(366,'<p>1: Add a new page to your website for receiving traffic from the bitcoin community.</p>\r\n<p>&nbsp;</p>\r\n<p>2: Click on one of these free logos to automatically download the image file. Add the logo to your bitcoin page.</p>\r\n<p><a title=\"Download Image\" href=\"/apps/force_download.php?file=bitcoins_accepted.png\"><img style=\"max-width: 30%; max-height: 30%; margin-bottom: 20px; margin-left: 20px; margin-right: 10px;\" src=\"/apps/bitcoins_accepted.png\" alt=\"We Accept Bitcoins\" /></a><a title=\"Download Image\" href=\"/apps/force_download.php?file=we_love_bitcoins.png\"><img style=\"max-width: 20%; max-height: 20%; margin-top: 5px; margin-bottom: 5px;\" src=\"/apps/we_love_bitcoins.png\" alt=\"We Love Bitcoins\" /></a></p>\r\n<p>3: Signup for free at&nbsp;<a title=\"Bitcoin Bank\" href=\"https://www.mybitcoin.com/\">MyBitcoin</a>&nbsp;to get your fist bitcoin address.</p>\r\n<p>&nbsp;</p>\r\n<p>4: Add your bitcoin address underneath the logo and a way to contact you.</p>')
 ,(367,'<table>\r\n<tbody>\r\n<tr>\r\n<td style=\"vertical-align: top;\">\r\n<p>1:&nbsp;</p>\r\n</td>\r\n<td>\r\n<p>Add a new page to your website for receiving traffic from the bitcoin community.</p>\r\n<p>&nbsp;</p>\r\n</td>\r\n</tr>\r\n<tr>\r\n<td style=\"vertical-align: top;\">\r\n<p>2:&nbsp;</p>\r\n</td>\r\n<td>\r\n<p>Click on one of these free logos to automatically download the image file. Add the logo to your bitcoin page.</p>\r\n<p><a title=\"Download Image\" href=\"/apps/force_download.php?file=bitcoins_accepted.png\"><img style=\"max-width: 30%; max-height: 30%; margin-bottom: 20px; margin-left: 10px; margin-right: 10px;\" src=\"/apps/bitcoins_accepted.png\" alt=\"We Accept Bitcoins\" /></a><a title=\"Download Image\" href=\"/apps/force_download.php?file=we_love_bitcoins.png\"><img style=\"max-width: 20%; max-height: 20%; margin-top: 5px; margin-bottom: 5px;\" src=\"/apps/we_love_bitcoins.png\" alt=\"We Love Bitcoins\" /></a></p>\r\n</td>\r\n</tr>\r\n<tr>\r\n<td style=\"vertical-align: top;\">\r\n<p>3:&nbsp;</p>\r\n</td>\r\n<td>\r\n<p>Signup for free at&nbsp;<a title=\"Bitcoin Bank\" href=\"https://www.mybitcoin.com/\">MyBitcoin</a>&nbsp;to get your fist bitcoin address.</p>\r\n<p>&nbsp;</p>\r\n</td>\r\n</tr>\r\n<tr>\r\n<td style=\"vertical-align: top;\">\r\n<p>4:&nbsp;</p>\r\n</td>\r\n<td>\r\n<p>Add your bitcoin address underneath the logo and a way to contact you.</p>\r\n</td>\r\n</tr>\r\n</tbody>\r\n</table>')
 ,(368,'<table>\r\n<tbody>\r\n<tr>\r\n<td style=\"vertical-align: top;\">\r\n<p>1:&nbsp;</p>\r\n</td>\r\n<td>\r\n<p>Add a new page to your website for receiving traffic from the bitcoin community.</p>\r\n<p>&nbsp;</p>\r\n</td>\r\n</tr>\r\n<tr>\r\n<td style=\"vertical-align: top;\">\r\n<p>2:&nbsp;</p>\r\n</td>\r\n<td>\r\n<p>Click on one of these free logos to automatically download the image file. Add the logo to your bitcoin page.</p>\r\n<p><a title=\"Download Image\" href=\"/apps/force_download.php?file=bitcoins_accepted.png\"><img style=\"margin-bottom: 20px; max-height: 45px;\" src=\"/apps/bitcoins_accepted.png\" alt=\"We Accept Bitcoins\" /></a><a title=\"Download Image\" href=\"/apps/force_download.php?file=we_love_bitcoins.png\"><img style=\"margin: 5px; max-height: 75px;\" src=\"/apps/we_love_bitcoins.png\" alt=\"We Love Bitcoins\" /></a></p>\r\n</td>\r\n</tr>\r\n<tr>\r\n<td style=\"vertical-align: top;\">\r\n<p>3:&nbsp;</p>\r\n</td>\r\n<td>\r\n<p>Signup for free at&nbsp;<a title=\"Bitcoin Bank\" href=\"https://www.mybitcoin.com/\">MyBitcoin</a>&nbsp;to get your fist bitcoin address.</p>\r\n<p>&nbsp;</p>\r\n</td>\r\n</tr>\r\n<tr>\r\n<td style=\"vertical-align: top;\">\r\n<p>4:&nbsp;</p>\r\n</td>\r\n<td>\r\n<p>Add your bitcoin address underneath the logo and a way to contact you.</p>\r\n</td>\r\n</tr>\r\n</tbody>\r\n</table>')
 ,(369,'<table>\r\n<tbody>\r\n<tr>\r\n<td style=\"vertical-align: top;\">\r\n<p>1:&nbsp;</p>\r\n</td>\r\n<td>\r\n<p>Add a new page to your website for receiving traffic from the bitcoin community.</p>\r\n<p>&nbsp;</p>\r\n</td>\r\n</tr>\r\n<tr>\r\n<td style=\"vertical-align: top;\">\r\n<p>2:&nbsp;</p>\r\n</td>\r\n<td>\r\n<p>Click on one of these free logos to automatically download the image file. Add the logo to your bitcoin page.</p>\r\n<p><a title=\"Download Image\" href=\"/apps/force_download.php?file=bitcoins_accepted.png\"><img style=\"margin-bottom: 20px; margin-right: 10px; max-height: 45px;\" src=\"/apps/bitcoins_accepted.png\" alt=\"We Accept Bitcoins\" /></a><a title=\"Download Image\" href=\"/apps/force_download.php?file=we_love_bitcoins.png\"><img style=\"margin: 5px; max-height: 75px;\" src=\"/apps/we_love_bitcoins.png\" alt=\"We Love Bitcoins\" /></a></p>\r\n</td>\r\n</tr>\r\n<tr>\r\n<td style=\"vertical-align: top;\">\r\n<p>3:&nbsp;</p>\r\n</td>\r\n<td>\r\n<p>Signup for free at&nbsp;<a title=\"Bitcoin Bank\" href=\"https://www.mybitcoin.com/\">MyBitcoin</a>&nbsp;to get your fist bitcoin address.</p>\r\n<p>&nbsp;</p>\r\n</td>\r\n</tr>\r\n<tr>\r\n<td style=\"vertical-align: top;\">\r\n<p>4:&nbsp;</p>\r\n</td>\r\n<td>\r\n<p>Add your bitcoin address underneath the logo and a way to contact you.</p>\r\n</td>\r\n</tr>\r\n</tbody>\r\n</table>')
 ,(370,'<h2>Start accepting bitcoin payments in just 5 minutes. Here is how.</h2>')
 ,(371,'<table>\r\n<tbody>\r\n<tr>\r\n<td style=\"vertical-align: top;\">\r\n<p>1:&nbsp;</p>\r\n</td>\r\n<td>\r\n<p>Add a new page to your website for receiving traffic from the bitcoin community.</p>\r\n<p>&nbsp;</p>\r\n</td>\r\n</tr>\r\n<tr>\r\n<td style=\"vertical-align: top;\">\r\n<p>2:&nbsp;</p>\r\n</td>\r\n<td>\r\n<p>Click to download one of these free logos for your bitcoin page.</p>\r\n<p><a title=\"Download Image\" href=\"/apps/force_download.php?file=bitcoins_accepted.png\"><img style=\"margin-bottom: 20px; margin-right: 10px; max-height: 45px;\" src=\"/apps/bitcoins_accepted.png\" alt=\"We Accept Bitcoins\" /></a><a title=\"Download Image\" href=\"/apps/force_download.php?file=we_love_bitcoins.png\"><img style=\"margin: 5px; max-height: 75px;\" src=\"/apps/we_love_bitcoins.png\" alt=\"We Love Bitcoins\" /></a></p>\r\n</td>\r\n</tr>\r\n<tr>\r\n<td style=\"vertical-align: top;\">\r\n<p>3:&nbsp;</p>\r\n</td>\r\n<td>\r\n<p>Signup for free at&nbsp;<a title=\"Bitcoin Bank\" href=\"https://www.mybitcoin.com/\">My Bitcoin</a>&nbsp;or install the <a title=\"Official Bitcoin Software\" href=\"http://www.bitcoin.org\">bitcoin software</a> to get your fist bitcoin address.</p>\r\n<p>&nbsp;</p>\r\n</td>\r\n</tr>\r\n<tr>\r\n<td style=\"vertical-align: top;\">\r\n<p>4:&nbsp;</p>\r\n</td>\r\n<td>\r\n<p>Add your bitcoin address underneath the logo along with a way to contact you.</p>\r\n</td>\r\n</tr>\r\n</tbody>\r\n</table>')
 ,(372,'<p><em><small>* Your first bitcoin customers will probably be eager to guide you through your first bitcoin transactions. But as is always the case, be weary of scams.</small></em></p>')
 ,(376,'<p><i>Once you have submitted your website, consider returning the favor by promoting the bitcoin economy with this plugin.</i></p>\r\n<div style=\"width: 450px; margin-left: auto; margin-right: auto;\">\r\n<script src=\"http://api.searchbitcoin.com/btceconomy\" type=\"text/javascript\"></script>\r\n</div>')
 ,(375,'<p>Once you have submitted your website, consider returning the favor by promoting the bitcoin economy with this plugin.</p>\r\n<div style=\"width: 450px; margin-left: auto; margin-right: auto;\">\r\n<script src=\"http://api.searchbitcoin.com/btceconomy\" type=\"text/javascript\"></script>\r\n</div>')
 ,(377,'<p><i>Once you have submitted your website, consider returning the favor by promoting the bitcoin economy with this plugin.</i></p>\r\n<p>&nbsp;</p>\r\n<div style=\"width: 450px; margin-left: auto; margin-right: auto;\">\r\n<script src=\"http://api.searchbitcoin.com/btceconomy\" type=\"text/javascript\"></script>\r\n</div>')
 ,(378,'<p><i>Once you have submitted your website, consider returning the favor by promoting the bitcoin economy with this plugin. Click on the embed button to add plugin to your website.</i></p>\r\n<p>&nbsp;</p>\r\n<div style=\"width: 450px; margin-left: auto; margin-right: auto;\">\r\n<script src=\"http://api.searchbitcoin.com/btceconomy\" type=\"text/javascript\"></script>\r\n</div>')
 ,(379,'<p><i>Once you have submitted your website, consider returning the favor by promoting the bitcoin economy with this plugin. Click on the embed button to add plugin to your website.</i></p>\r\n<div style=\"width: 450px; margin-left: auto; margin-right: auto;\">\r\n<script src=\"http://api.searchbitcoin.com/btceconomy\" type=\"text/javascript\"></script>\r\n</div>')
 ,(380,'<p>After adding your website, consider adding the <a title=\"BTC Economy Plugin\" href=\"{CCM:CID_89}\">BTC Economy Feed</a> to your webage to support the bitcoin economy.</p>')
 ,(381,'<p>After submitting your website, consider adding the <a title=\"BTC Economy Plugin\" href=\"{CCM:CID_89}\">BTC Economy Feed</a> to your webage to support the bitcoin economy.</p>')
 ,(382,'<div style=\"width: 450px; margin-left: auto; margin-right: auto\">\r\n<script type=\"text/javascript\" src=\"http://api.searchbitcoin.com/btceconomy?height=225px\"></script>\r\n</div>')
 ,(383,'<div style=\"width: 450px; margin-left: auto; margin-right: auto\">\r\n<script type=\"text/javascript\" src=\"http://api.searchbitcoin.com/btceconomy?height=250px\"></script>\r\n</div>')
 ,(384,'<p><em><small>* Your first bitcoin customers will probably be eager to guide you through your first transactions. But as is always the case, be weary of scams.</small></em></p>')
 ,(386,'<table>\r\n<tbody>\r\n<tr>\r\n<td style=\"vertical-align: top;\">\r\n<p>1:&nbsp;</p>\r\n</td>\r\n<td>\r\n<p>Add a new page to your website for receiving traffic from the bitcoin community.</p>\r\n<p>&nbsp;</p>\r\n</td>\r\n</tr>\r\n<tr>\r\n<td style=\"vertical-align: top;\">\r\n<p>2:&nbsp;</p>\r\n</td>\r\n<td>\r\n<p>Click to download one of these free logos for your bitcoin page.</p>\r\n<p><a title=\"Download Image\" href=\"/apps/force_download.php?file=bitcoins_accepted.png\"><img style=\"margin-bottom: 20px; margin-right: 10px; max-height: 45px;\" src=\"/apps/bitcoins_accepted.png\" alt=\"We Accept Bitcoins\" /></a><a title=\"Download Image\" href=\"/apps/force_download.php?file=we_love_bitcoins.png\"><img style=\"margin: 5px; max-height: 75px;\" src=\"/apps/we_love_bitcoins.png\" alt=\"We Love Bitcoins\" /></a></p>\r\n</td>\r\n</tr>\r\n<tr>\r\n<td style=\"vertical-align: top;\">\r\n<p>3:&nbsp;</p>\r\n</td>\r\n<td>\r\n<p>Signup for free at&nbsp;<a title=\"Bitcoin Bank\" href=\"https://www.mybitcoin.com/\">My Bitcoin</a>&nbsp;or install the <a title=\"Official Bitcoin Software\" href=\"http://www.bitcoin.org\">bitcoin software</a> to get your fist bitcoin address.</p>\r\n<p>&nbsp;</p>\r\n</td>\r\n</tr>\r\n<tr>\r\n<td style=\"vertical-align: top;\">\r\n<p>4:&nbsp;</p>\r\n</td>\r\n<td>\r\n<p>Add your bitcoin address underneath the logo along with a way to contact you.<sup>*</sup></p>\r\n</td>\r\n</tr>\r\n</tbody>\r\n</table>')
 ,(387,'<table>\r\n<tbody>\r\n<tr>\r\n<td style=\"vertical-align: top;\">\r\n<p>1:&nbsp;</p>\r\n</td>\r\n<td>\r\n<p>Add a new page to your website for receiving traffic from the bitcoin community.</p>\r\n<p>&nbsp;</p>\r\n</td>\r\n</tr>\r\n<tr>\r\n<td style=\"vertical-align: top;\">\r\n<p>2:&nbsp;</p>\r\n</td>\r\n<td>\r\n<p>Click to download one of these free logos for your bitcoin page.</p>\r\n<p><a title=\"Download Image\" href=\"/apps/force_download.php?file=bitcoins_accepted.png\"><img style=\"margin-bottom: 20px; margin-right: 10px; max-height: 45px;\" src=\"/apps/bitcoins_accepted.png\" alt=\"We Accept Bitcoins\" /></a><a title=\"Download Image\" href=\"/apps/force_download.php?file=we_love_bitcoins.png\"><img style=\"margin: 5px; max-height: 75px;\" src=\"/apps/we_love_bitcoins.png\" alt=\"We Love Bitcoins\" /></a></p>\r\n</td>\r\n</tr>\r\n<tr>\r\n<td style=\"vertical-align: top;\">\r\n<p>3:&nbsp;</p>\r\n</td>\r\n<td>\r\n<p>Signup for free at&nbsp;<a title=\"Bitcoin Bank\" href=\"https://www.mybitcoin.com/\">My Bitcoin</a>&nbsp;or install the <a title=\"Official Bitcoin Software\" href=\"http://www.bitcoin.org\">bitcoin software</a> to get your fist bitcoin address.</p>\r\n<p>&nbsp;</p>\r\n</td>\r\n</tr>\r\n<tr>\r\n<td style=\"vertical-align: top;\">\r\n<p>4:&nbsp;</p>\r\n</td>\r\n<td>\r\n<p>Add your bitcoin address underneath the logo along with a way to contact you.*</p>\r\n</td>\r\n</tr>\r\n</tbody>\r\n</table>')
 ,(388,'<table>\r\n<tbody>\r\n<tr>\r\n<td style=\"vertical-align: top;\">\r\n<p>1:&nbsp;</p>\r\n</td>\r\n<td>\r\n<p>Add a new page to your website for receiving traffic from the bitcoin community.</p>\r\n<p>&nbsp;</p>\r\n</td>\r\n</tr>\r\n<tr>\r\n<td style=\"vertical-align: top;\">\r\n<p>2:&nbsp;</p>\r\n</td>\r\n<td>\r\n<p>Click to download one of these free logos for your bitcoin page.</p>\r\n<p><a title=\"Download Image\" href=\"/apps/force_download.php?file=bitcoins_accepted.png\"><img style=\"margin-bottom: 25px; margin-right: 15px; max-height: 45px;\" src=\"/apps/bitcoins_accepted.png\" alt=\"We Accept Bitcoins\" /></a><a title=\"Download Image\" href=\"/apps/force_download.php?file=we_love_bitcoins.png\"><img style=\"margin-top: 5px; margin-bottom: 10px; max-height: 75px;\" src=\"/apps/we_love_bitcoins.png\" alt=\"We Love Bitcoins\" /></a></p>\r\n</td>\r\n</tr>\r\n<tr>\r\n<td style=\"vertical-align: top;\">\r\n<p>3:&nbsp;</p>\r\n</td>\r\n<td>\r\n<p>Signup for free at&nbsp;<a title=\"Bitcoin Bank\" href=\"https://www.mybitcoin.com/\">My Bitcoin</a>&nbsp;or install the <a title=\"Official Bitcoin Software\" href=\"http://www.bitcoin.org\">bitcoin software</a> to get your fist bitcoin address.</p>\r\n<p>&nbsp;</p>\r\n</td>\r\n</tr>\r\n<tr>\r\n<td style=\"vertical-align: top;\">\r\n<p>4:&nbsp;</p>\r\n</td>\r\n<td>\r\n<p>Add your bitcoin address underneath the logo along with a way to contact you.*</p>\r\n</td>\r\n</tr>\r\n</tbody>\r\n</table>')
 ,(389,'<table>\r\n<tbody>\r\n<tr>\r\n<td style=\"vertical-align: top;\">\r\n<p>1:&nbsp;</p>\r\n</td>\r\n<td>\r\n<p>Add a new page to your website for receiving traffic from the bitcoin community.</p>\r\n<p>&nbsp;</p>\r\n</td>\r\n</tr>\r\n<tr>\r\n<td style=\"vertical-align: top;\">\r\n<p>2:&nbsp;</p>\r\n</td>\r\n<td>\r\n<p>Click to download one of these free logos for your bitcoin page.</p>\r\n<p><a title=\"Download Image\" href=\"/apps/force_download.php?file=bitcoins_accepted.png\"><img style=\"margin-bottom: 20px; margin-right: 15px; max-height: 45px;\" src=\"/apps/bitcoins_accepted.png\" alt=\"We Accept Bitcoins\" /></a><a title=\"Download Image\" href=\"/apps/force_download.php?file=we_love_bitcoins.png\"><img style=\"margin-top: 0px; margin-bottom: 10px; max-height: 75px;\" src=\"/apps/we_love_bitcoins.png\" alt=\"We Love Bitcoins\" /></a></p>\r\n</td>\r\n</tr>\r\n<tr>\r\n<td style=\"vertical-align: top;\">\r\n<p>3:&nbsp;</p>\r\n</td>\r\n<td>\r\n<p>Signup for free at&nbsp;<a title=\"Bitcoin Bank\" href=\"https://www.mybitcoin.com/\">My Bitcoin</a>&nbsp;or install the <a title=\"Official Bitcoin Software\" href=\"http://www.bitcoin.org\">bitcoin software</a> to get your fist bitcoin address.</p>\r\n<p>&nbsp;</p>\r\n</td>\r\n</tr>\r\n<tr>\r\n<td style=\"vertical-align: top;\">\r\n<p>4:&nbsp;</p>\r\n</td>\r\n<td>\r\n<p>Add your bitcoin address underneath the logo along with a way to contact you.*</p>\r\n</td>\r\n</tr>\r\n</tbody>\r\n</table>')
 ,(390,'<ul>\r\n<li> <a href=\"http://www.abelsfire.com/index.php?route=information/information&amp;information_id=7\">abelsfire.com</a> </li>\r\n<li> <a href=\"http://bitbrew.net/\">bitbrew.net</a> </li>\r\n<li> <a href=\"http://www.bitcoinbabe.com/\">bitcoinbabe.com</a> </li>\r\n<li> <a href=\"http://www.bitcoinbulletin.com/\">bitcoinbulletin.com</a> </li>\r\n<li> <a href=\"http://www.bitcoincyberstore.com/index.php?route=information/information&amp;information_id=7\">bitcoincyberstore.com</a> </li>\r\n<li> <a href=\"http://bitcoinjapan.blogspot.com/\">bitcoinjapan.blogspot.com</a> </li>\r\n<li> <a href=\"http://bitcoinme.com/index.php/merchants/\">bitcoinme.com</a> </li>\r\n<li> <a href=\"http://bitcoinproject.net/links.html\">bitcoinproject.net</a> </li>\r\n<li> <a href=\"http://bitfreak.info/index.php?page=usingbtc\">bitfreak.info</a> </li>\r\n<li> <a href=\"http://www.bitstarter.co/\">bitstarter.co</a> </li>\r\n<li> <a href=\"http://bitvapes.com/index.php?main_page=page_3\">bitvapes.com</a> </li>\r\n<li> <a href=\"http://www.bitucopia.com/\">bitucopia.com</a> </li>\r\n<li> <a href=\"http://btcxc.info/\">btcxc.info</a> </li>\r\n<li> <a href=\"http://community.freescottwalsh.info/\">freescottwalsh.info</a> </li>\r\n<li> <a href=\"http://jsclosurejunkie.blogspot.com/\">jsclosurejunkie.blogspot.com</a> </li>\r\n<li> <a href=\"http://kosites.com/bitcoin-widget.html\">kosites.com</a> </li>\r\n<li> <a href=\"#\">searchbitcoin.com</a> </li>\r\n<li> <a href=\"http://searchbitcoin.tumblr.com/\">searchbitcoin.tumblr.com</a> </li>\r\n<li> <a href=\"http://reader.rjsteinert.com/\">rjsteinert.com</a> </li>\r\n<li> <a href=\"http://thebitcoin.blogspot.com/\">thebitcoin.blogspot.com</a> </li>\r\n<li> <a href=\"http://thegemvault.tiptopgem.com/\">tiptopgem.com</a> </li>\r\n<li> <a href=\"http://twpg.blogspot.com/\">twpg.blogspot.com</a> </li>\r\n<li> <a href=\"http://www.tradersedgedice.com/fx-currency-dice-set-p-28.html\">tradersedgedice.com</a> </li>\r\n</ul>')
 ,(391,'<p><img style=\"float: right;\" title=\"Database\" src=\"{CCM:FID_10}\" alt=\"business_database.png\" width=\"200\" height=\"128\" /></p>\r\n<p><em>Search Bitcoin</em> helps people find merchandise and services available in the bitcoin community. The tools that we offer may be found in numerous popular websites such as <a title=\"We Use Coins\" href=\"http://www.weusecoins.com/getting-started.php\">weusecoins.com</a>,&nbsp;<a title=\"Bitcoin Me\" href=\"http://bitcoinme.com/index.php/merchants/\">bitcoinme.com</a>, and many others.</p>\r\n<p>Adding your website to our database is easy and free, and your merchandise or service will receive free promotion in&nbsp;<em>Search Bitcoin</em> and in all the websites using our services. So what are you waiting for?</p>\r\n<script type=\"text/javascript\">// <![CDATA[\r\nfunction popUp(URL)\r\n{\r\n day=new Date();\r\n id=day.getTime();\r\n eval(\"page\" + id + \" = window.open(URL, \'\" + id + \"\', \'toolbar=0,scrollbars=1,location=0,statusbar=0,menubar=0,resizable=0,width=500,height=600\');\");\r\n}\r\n// ]]></script>\r\n<form><input style=\"padding: 14px;\" onclick=\"javascript:popUp(\'http://api.searchbitcoin.com/apps/backend/index.php/vendorSubmit/join\')\" type=\"button\" value=\"Submit Website\" /></form>')
 ,(392,'<p><img style=\"float: right;\" title=\"Database\" src=\"{CCM:FID_10}\" alt=\"business_database.png\" width=\"200\" height=\"128\" /></p>\r\n<p><em>Search Bitcoin</em> helps people find merchandise and services available in the bitcoin community. The tools that we offer may be found in numerous popular websites such as <a title=\"We Use Coins\" href=\"http://www.weusecoins.com/getting-started.php\">weusecoins.com</a>,&nbsp;<a title=\"Bitcoin Me\" href=\"http://bitcoinme.com/index.php/merchants/\">bitcoinme.com</a>, and many others.</p>\r\n<p>Adding your website to our database is easy and free, and your merchandise or service will receive free promotion in&nbsp;<em>Search Bitcoin</em> and in all the websites using our services. So what are you waiting for?</p>\r\n<script type=\"text/javascript\">// <![CDATA[\r\nfunction popUp(URL)\r\n{\r\n day=new Date();\r\n id=day.getTime();\r\n eval(\"page\" + id + \" = window.open(URL, \'\" + id + \"\', \'toolbar=0,scrollbars=1,location=0,statusbar=0,menubar=0,resizable=0,width=500,height=600\');\");\r\n}\r\n// ]]></script>\r\n<form><input style=\"padding: 14px;\" onclick=\"javascript:popUp(\'http://api.searchbitcoin.com/apps/backend/index.php/vendorSubmit/join\')\" type=\"button\" value=\"Submit Website\" /></form>')
 ,(393,'<p><img style=\"float: right;\" title=\"Database\" src=\"{CCM:FID_10}\" alt=\"business_database.png\" width=\"200\" height=\"128\" /></p>\r\n<p><em>Search Bitcoin</em> helps people find merchandise and services available in the bitcoin community. The tools that we offer may be found in numerous popular websites such as <a title=\"We Use Coins\" href=\"http://www.weusecoins.com/getting-started.php\">weusecoins.com</a>,&nbsp;<a title=\"Bitcoin Me\" href=\"http://bitcoinme.com/index.php/merchants/\">bitcoinme.com</a>, and many others.</p>\r\n<p>Adding your website to our database is easy and free, and your merchandise or service will receive free promotion in&nbsp;<em>Search Bitcoin</em> and in all the websites using our services. So what are you waiting for?</p>\r\n<script type=\"text/javascript\">// <![CDATA[\r\nfunction popUp(URL)\r\n{\r\n day=new Date();\r\n id=day.getTime();\r\n eval(\"page\" + id + \" = window.open(URL, \'\" + id + \"\', \'toolbar=0,scrollbars=1,location=0,statusbar=0,menubar=0,resizable=0,width=500,height=600\');\");\r\n}\r\n// ]]></script>\r\n<form><input style=\"padding: 14px; margin-left: 5px;\" onclick=\"javascript:popUp(\'http://api.searchbitcoin.com/apps/backend/index.php/vendorSubmit/join\')\" type=\"button\" value=\"Submit Website\" /></form>')
 ,(394,'<p><img style=\"float: right;\" title=\"Database\" src=\"{CCM:FID_10}\" alt=\"business_database.png\" width=\"200\" height=\"128\" /></p>\r\n<p><em>Search Bitcoin</em> helps people find merchandise and services available in the bitcoin community. The tools that we offer may be found in numerous popular websites such as <a title=\"We Use Coins\" href=\"http://www.weusecoins.com/getting-started.php\">weusecoins.com</a>,&nbsp;<a title=\"Bitcoin Me\" href=\"http://bitcoinme.com/index.php/merchants/\">bitcoinme.com</a>, and many others.</p>\r\n<p>Adding your website to our database is easy and free, and your merchandise or service will receive free promotion in&nbsp;<em>Search Bitcoin</em> and in all the websites using our services. So what are you waiting for?</p>\r\n<script type=\"text/javascript\">// <![CDATA[\r\nfunction popUp(URL)\r\n{\r\n day=new Date();\r\n id=day.getTime();\r\n eval(\"page\" + id + \" = window.open(URL, \'\" + id + \"\', \'toolbar=0,scrollbars=1,location=0,statusbar=0,menubar=0,resizable=0,width=500,height=600\');\");\r\n}\r\n// ]]></script>\r\n<form><input style=\"padding: 14px; margin: 5px;\" onclick=\"javascript:popUp(\'http://api.searchbitcoin.com/apps/backend/index.php/vendorSubmit/join\')\" type=\"button\" value=\"Submit Website\" /></form>')
 ,(395,'<p><img style=\"float: right;\" title=\"Database\" src=\"{CCM:FID_10}\" alt=\"business_database.png\" width=\"200\" height=\"128\" /></p>\r\n<p><em>Search Bitcoin</em> helps people find merchandise and services available in the bitcoin community. The tools that we offer may be found in numerous popular websites such as <a title=\"We Use Coins\" href=\"http://www.weusecoins.com/getting-started.php\">weusecoins.com</a>,&nbsp;<a title=\"Bitcoin Me\" href=\"http://bitcoinme.com/index.php/merchants/\">bitcoinme.com</a>, and many others.</p>\r\n<p>Adding your website to our database is easy and free, and your merchandise or service will receive free promotion in&nbsp;<em>Search Bitcoin</em> and in all the websites using our services. So what are you waiting for?</p>\r\n<script type=\"text/javascript\">// <![CDATA[\r\nfunction popUp(URL)\r\n{\r\n day=new Date();\r\n id=day.getTime();\r\n eval(\"page\" + id + \" = window.open(URL, \'\" + id + \"\', \'toolbar=0,scrollbars=1,location=0,statusbar=0,menubar=0,resizable=0,width=500,height=600\');\");\r\n}\r\n// ]]></script>\r\n<form><input style=\"padding: 14px; margin-left: 5px; margin-top: 5px;\" onclick=\"javascript:popUp(\'http://api.searchbitcoin.com/apps/backend/index.php/vendorSubmit/join\')\" type=\"button\" value=\"Submit Website\" /></form>')
 ,(396,'<p>After submitting your website, consider adding the <a title=\"BTC Economy Plugin\" href=\"{CCM:CID_89}\">BTC Economy Feed</a> to your webage to support the bitcoin economy.</p>\r\n<div style=\"width: 450px; margin-left: auto; margin-right: auto;\">\r\n<script src=\"http://api.searchbitcoin.com/btceconomy\" type=\"text/javascript\"></script>\r\n</div>')
 ,(397,'<p>After submitting your website, consider adding the <a title=\"BTC Economy Plugin\" href=\"{CCM:CID_89}\">BTC Economy Feed</a> to your webage to support the bitcoin economy.</p>\r\n<div style=\"width: 450px; margin-left: auto; margin-right: auto; margin-top: 7px;\">\r\n<script src=\"http://api.searchbitcoin.com/btceconomy\" type=\"text/javascript\"></script>\r\n</div>')
 ,(398,'<p>After submitting your website, consider adding the <a title=\"BTC Economy Plugin\" href=\"{CCM:CID_89}\">BTC Economy Feed</a> to your webage to support the bitcoin economy.</p>\r\n<div style=\"width: 450px; margin-left: auto; margin-right: auto; margin-top: 7px; margin-bottom: 10px;\">\r\n<script src=\"http://api.searchbitcoin.com/btceconomy\" type=\"text/javascript\"></script>\r\n</div>')
 ,(399,'<p>After submitting your website, consider adding the <a title=\"BTC Economy Plugin\" href=\"{CCM:CID_89}\">BTC Economy Feed</a> to your webage to support the bitcoin economy.</p>\r\n<div style=\"width: 450px; margin-left: auto; margin-right: auto; margin-top: 10px; margin-bottom: 10px;\">\r\n<script src=\"http://api.searchbitcoin.com/btceconomy\" type=\"text/javascript\"></script>\r\n</div>')
 ,(400,'<p><em><small>* Your first bitcoin customers will probably be eager to guide you through your first transactions. But as is always the case, be wary of scams.</small></em></p>')
 ,(401,'<p>After submitting your website, consider adding the <a title=\"BTC Economy Plugin\" href=\"{CCM:CID_89}\">BTC Economy Feed</a> to your webage to support the bitcoin economy.</p>\r\n<div style=\"width: 450px; margin-left: auto; margin-right: auto; margin-top: 10px; margin-bottom: 10px;\">\r\n<script src=\"http://api.searchbitcoin.com/btceconomy\" type=\"text/javascript\"></script>\r\n</div>')
 ,(402,'<p>After submitting your website, consider adding the <a title=\"BTC Economy Plugin\" href=\"{CCM:CID_89}\">BTC Economy Feed</a> to your webage to support the bitcoin economy.</p>\r\n<div style=\"width: 450px; margin-left: auto; margin-right: auto; margin-top: 15px; margin-bottom: 10px;\">\r\n<script src=\"http://api.searchbitcoin.com/btceconomy\" type=\"text/javascript\"></script>\r\n</div>')
 ,(403,'<p>Use this page to request that a website or item be removed from our database. Removing a website or item from our database means that that it will no longer appear in our live feed or in our search results. It will also be removed from other websites using our services.</p>\r\n<p>Use the box below to place the request. We will respond as quickly as possible.</p>')
 ,(404,'<ul>\r\n<li> <a href=\"http://www.abelsfire.com/index.php?route=information/information&amp;information_id=7\">abelsfire.com</a> </li>\r\n<li> <a href=\"http://bitbrew.net/\">bitbrew.net</a> </li>\r\n<li> <a href=\"http://www.bitcoinbabe.com/\">bitcoinbabe.com</a> </li>\r\n<li> <a href=\"http://www.bitcoinbulletin.com/\">bitcoinbulletin.com</a> </li>\r\n<li> <a href=\"http://www.bitcoincyberstore.com/index.php?route=information/information&amp;information_id=7\">bitcoincyberstore.com</a> </li>\r\n<li> <a href=\"http://bitcoinjapan.blogspot.com/\">bitcoinjapan.blogspot.com</a> </li>\r\n<li> <a href=\"http://bitcoinme.com/index.php/merchants/\">bitcoinme.com</a> </li>\r\n<li> <a href=\"http://bitcoinproject.net/links.html\">bitcoinproject.net</a> </li>\r\n<li> <a href=\"http://bitfreak.info/index.php?page=usingbtc\">bitfreak.info</a> </li>\r\n<li> <a href=\"http://www.bitstarter.co/\">bitstarter.co</a> </li>\r\n<li> <a href=\"http://bitvapes.com/index.php?main_page=page_3\">bitvapes.com</a> </li>\r\n<li> <a href=\"http://www.bitucopia.com/\">bitucopia.com</a> </li>\r\n<li> <a href=\"http://btcxc.info/\">btcxc.info</a> </li>\r\n<li> <a href=\"http://community.freescottwalsh.info/\">freescottwalsh.info</a> </li>\r\n<li> <a href=\"http://jsclosurejunkie.blogspot.com/\">jsclosurejunkie.blogspot.com</a> </li>\r\n<li> <a href=\"http://kosites.com/bitcoin-widget.html\">kosites.com</a> </li>\r\n<li> <a href=\"http://reader.rjsteinert.com/\">rjsteinert.com</a> </li>\r\n<li> <a href=\"#\">searchbitcoin.com</a> </li>\r\n<li> <a href=\"http://searchbitcoin.tumblr.com/\">searchbitcoin.tumblr.com</a> </li>\r\n<li> <a href=\"http://www.spreadbitcoins.com/\">spreadbitcoins.com</a> </li>\r\n<li> <a href=\"http://thebitcoin.blogspot.com/\">thebitcoin.blogspot.com</a> </li>\r\n<li> <a href=\"http://thegemvault.tiptopgem.com/\">tiptopgem.com</a> </li>\r\n<li> <a href=\"http://twpg.blogspot.com/\">twpg.blogspot.com</a> </li>\r\n<li> <a href=\"http://www.tradersedgedice.com/fx-currency-dice-set-p-28.html\">tradersedgedice.com</a> </li>\r\n</ul>')
 ,(405,'<p>Do you have an awesome idea on what you can do with data that we have collected at Search Bitcoin? Contact us to request access to our API, which is under active development. Our email address is:</p>\r\n<p style=\"padding-left: 30px;\">search@gmail.com</p>')
 ,(406,'<p>Do you have an awesome idea on what you can do with data that we have collected at Search Bitcoin? Contact us to request access to our API, which is under active development. Our email address is:</p>\r\n<p style=\"padding-left: 30px;\">searchbitcoin@gmail.com</p>')
 ,(407,'<ul>\r\n<li> <a href=\"http://www.abelsfire.com/index.php?route=information/information&amp;information_id=7\">abelsfire.com</a> </li>\r\n<li> <a href=\"http://bitbrew.net/\">bitbrew.net</a> </li>\r\n<li> <a href=\"http://www.bitcoinbabe.com/\">bitcoinbabe.com</a> </li>\r\n<li> <a href=\"http://www.bitcoinbulletin.com/\">bitcoinbulletin.com</a> </li>\r\n<li> <a href=\"http://www.bitcoincyberstore.com/index.php?route=information/information&amp;information_id=7\">bitcoincyberstore.com</a> </li>\r\n<li> <a href=\"http://bitcoinjapan.blogspot.com/\">bitcoinjapan.blogspot.com</a> </li>\r\n<li> <a href=\"http://bitcoinme.com/index.php/merchants/\">bitcoinme.com</a> </li>\r\n<li> <a href=\"http://bitcoinproject.net/links.html\">bitcoinproject.net</a> </li>\r\n<li> <a href=\"http://bitfreak.info/index.php?page=usingbtc\">bitfreak.info</a> </li>\r\n<li> <a href=\"http://www.bitstarter.co/\">bitstarter.co</a> </li>\r\n<li> <a href=\"http://bitvapes.com/index.php?main_page=page_3\">bitvapes.com</a> </li>\r\n<li> <a href=\"http://www.bitucopia.com/\">bitucopia.com</a> </li>\r\n<li> <a href=\"http://btcxc.info/\">btcxc.info</a> </li>\r\n<li> <a href=\"http://community.freescottwalsh.info/\">freescottwalsh.info</a> </li>\r\n<li> <a href=\"http://jsclosurejunkie.blogspot.com/\">jsclosurejunkie.blogspot.com</a> </li>\r\n<li> <a href=\"http://kosites.com/bitcoin-widget.html\">kosites.com</a> </li>\r\n<li> <a href=\"http://reader.rjsteinert.com/\">rjsteinert.com</a> </li>\r\n<li> <a href=\"#\">searchbitcoin.com</a> </li>\r\n<li> <a href=\"http://searchbitcoin.tumblr.com/\">searchbitcoin.tumblr.com</a> </li>\r\n<li> <a href=\"http://www.spreadbitcoins.com/\">spreadbitcoins.com</a> </li>\r\n<li> <a href=\"http://thebitcoin.blogspot.com/\">thebitcoin.blogspot.com</a> </li>\r\n<li> <a href=\"http://thegemvault.tiptopgem.com/\">tiptopgem.com</a> </li>\r\n<li> <a href=\"http://twpg.blogspot.com/\">twpg.blogspot.com</a> </li>\r\n<li> <a href=\"http://www.tradersedgedice.com/fx-currency-dice-set-p-28.html\">tradersedgedice.com</a> </li>\r\n<li> <a href=\"http://www.weusecoins.com/getting-started.php\">weusecoins.com (through API)</a> </li>\r\n</ul>')
 ,(408,'<ul>\r\n<li> <a href=\"http://www.abelsfire.com/index.php?route=information/information&amp;information_id=7\">abelsfire.com</a> </li>\r\n<li> <a href=\"http://bitbrew.net/\">bitbrew.net</a> </li>\r\n<li> <a href=\"http://www.bitcoinbabe.com/\">bitcoinbabe.com</a> </li>\r\n<li> <a href=\"http://www.bitcoinbulletin.com/\">bitcoinbulletin.com</a> </li>\r\n<li> <a href=\"http://www.bitcoincyberstore.com/index.php?route=information/information&amp;information_id=7\">bitcoincyberstore.com</a> </li>\r\n<li> <a href=\"http://bitcoinjapan.blogspot.com/\">bitcoinjapan.blogspot.com</a> </li>\r\n<li> <a href=\"http://bitcoinme.com/index.php/merchants/\">bitcoinme.com</a> </li>\r\n<li> <a href=\"http://bitcoinproject.net/links.html\">bitcoinproject.net</a> </li>\r\n<li> <a href=\"http://bitfreak.info/index.php?page=usingbtc\">bitfreak.info</a> </li>\r\n<li> <a href=\"http://www.bitstarter.co/\">bitstarter.co</a> </li>\r\n<li> <a href=\"http://bitvapes.com/index.php?main_page=page_3\">bitvapes.com</a> </li>\r\n<li> <a href=\"http://www.bitucopia.com/\">bitucopia.com</a> </li>\r\n<li> <a href=\"http://btcxc.info/\">btcxc.info</a> </li>\r\n<li> <a href=\"http://community.freescottwalsh.info/\">freescottwalsh.info</a> </li>\r\n<li> <a href=\"http://jsclosurejunkie.blogspot.com/\">jsclosurejunkie.blogspot.com</a> </li>\r\n<li> <a href=\"http://kosites.com/bitcoin-widget.html\">kosites.com</a> </li>\r\n<li> <a href=\"http://owlick.blogspot.com/\">owlick.blogspot.com/</a> </li>\r\n<li> <a href=\"http://reader.rjsteinert.com/\">rjsteinert.com</a> </li>\r\n<li> <a href=\"#\">searchbitcoin.com</a> </li>\r\n<li> <a href=\"http://searchbitcoin.tumblr.com/\">searchbitcoin.tumblr.com</a> </li>\r\n<li> <a href=\"http://www.spreadbitcoins.com/\">spreadbitcoins.com</a> </li>\r\n<li> <a href=\"http://thebitcoin.blogspot.com/\">thebitcoin.blogspot.com</a> </li>\r\n<li> <a href=\"http://thegemvault.tiptopgem.com/\">tiptopgem.com</a> </li>\r\n<li> <a href=\"http://twpg.blogspot.com/\">twpg.blogspot.com</a> </li>\r\n<li> <a href=\"http://www.tradersedgedice.com/fx-currency-dice-set-p-28.html\">tradersedgedice.com</a> </li>\r\n<li> <a href=\"http://www.weusecoins.com/getting-started.php\">weusecoins.com (through API)</a> </li>\r\n</ul>')
 ,(409,'<ul>\r\n<li> <a href=\"http://www.abelsfire.com/index.php?route=information/information&amp;information_id=7\">abelsfire.com</a> </li>\r\n<li> <a href=\"http://bitbrew.net/\">bitbrew.net</a> </li>\r\n<li> <a href=\"http://www.bitcoinbabe.com/\">bitcoinbabe.com</a> </li>\r\n<li> <a href=\"http://www.bitcoinbulletin.com/\">bitcoinbulletin.com</a> </li>\r\n<li> <a href=\"http://www.bitcoincyberstore.com/index.php?route=information/information&amp;information_id=7\">bitcoincyberstore.com</a> </li>\r\n<li> <a href=\"http://bitcoinjapan.blogspot.com/\">bitcoinjapan.blogspot.com</a> </li>\r\n<li> <a href=\"http://bitcoinme.com/index.php/merchants/\">bitcoinme.com</a> </li>\r\n<li> <a href=\"http://bitcoinproject.net/links.html\">bitcoinproject.net</a> </li>\r\n<li> <a href=\"http://bitfreak.info/index.php?page=usingbtc\">bitfreak.info</a> </li>\r\n<li> <a href=\"http://www.bitstarter.co/\">bitstarter.co</a> </li>\r\n<li> <a href=\"http://bitvapes.com/index.php?main_page=page_3\">bitvapes.com</a> </li>\r\n<li> <a href=\"http://www.bitucopia.com/\">bitucopia.com</a> </li>\r\n<li> <a href=\"http://btcxc.info/\">btcxc.info</a> </li>\r\n<li> <a href=\"http://community.freescottwalsh.info/\">freescottwalsh.info</a> </li>\r\n<li> <a href=\"http://jsclosurejunkie.blogspot.com/\">jsclosurejunkie.blogspot.com</a> </li>\r\n<li> <a href=\"http://kosites.com/bitcoin-widget.html\">kosites.com</a> </li>\r\n<li> <a href=\"http://owlick.blogspot.com/\">owlick.blogspot.com</a> </li>\r\n<li> <a href=\"http://reader.rjsteinert.com/\">rjsteinert.com</a> </li>\r\n<li> <a href=\"#\">searchbitcoin.com</a> </li>\r\n<li> <a href=\"http://searchbitcoin.tumblr.com/\">searchbitcoin.tumblr.com</a> </li>\r\n<li> <a href=\"http://www.spreadbitcoins.com/\">spreadbitcoins.com</a> </li>\r\n<li> <a href=\"http://thebitcoin.blogspot.com/\">thebitcoin.blogspot.com</a> </li>\r\n<li> <a href=\"http://thegemvault.tiptopgem.com/\">tiptopgem.com</a> </li>\r\n<li> <a href=\"http://twpg.blogspot.com/\">twpg.blogspot.com</a> </li>\r\n<li> <a href=\"http://www.tradersedgedice.com/fx-currency-dice-set-p-28.html\">tradersedgedice.com</a> </li>\r\n<li> <a href=\"http://www.weusecoins.com/getting-started.php\">weusecoins.com (through API)</a> </li>\r\n</ul>')
 ,(415,'<p><img style=\"float: right;\" title=\"Database\" src=\"{CCM:FID_10}\" alt=\"business_database.png\" width=\"200\" height=\"128\" /></p>\r\n<p><em>Search Bitcoin</em> helps people find merchandise and services available in the bitcoin community. The tools that we offer may be found in numerous popular websites such as <a title=\"We Use Coins\" href=\"http://www.weusecoins.com/getting-started.php\">weusecoins.com</a>,&nbsp;<a title=\"Bitcoin Me\" href=\"http://bitcoinme.com/index.php/merchants/\">bitcoinme.com</a>, and many others.</p>\r\n<p>Adding your website to our database is easy and free, and your merchandise or service will receive free promotion in&nbsp;<em>Search Bitcoin</em> and in all the websites using our services. So what are you waiting for?</p>\r\n<script type=\"text/javascript\">// <![CDATA[\r\nfunction popUp(URL)\r\n{\r\n day=new Date();\r\n id=day.getTime();\r\n eval(\"page\" + id + \" = window.open(URL, \'\" + id + \"\', \'toolbar=0,scrollbars=1,location=0,statusbar=0,menubar=0,resizable=0,width=500,height=600\');\");\r\n}\r\n// ]]></script>\r\n<form><input style=\"padding: 14px; margin-left: 5px; margin-top: 5px;\" onclick=\"javascript:popUp(\'http://api.searchbitcoin.com/backend/index.php/frontend/join\')\" type=\"button\" value=\"Submit Website\" /></form>')
 ,(422,'<h2>Vendor Description (<em>Beta</em>)</h2>')
 ,(423,'<h5>There are several other websites where you can review different vendors in the bitcoin community. Here are a few.</h5>')
 ,(424,'<p><a title=\"Review Bitcoin Websites\" href=\"http://www.bitcoinsreview.com/\">Bitcoins Review:</a> Bitcoins Review specializes in providing reviews of various bicoin vendors to the community. Visit their website to read a description and comments of various bitcoin websites.</p>')
 ,(425,'<p><a title=\"Bitcoin Catalog\" href=\"http://bitcoincatalog.com/\">Bitcoin Catalog</a>: The Yellow pages of the bitcoin world.</p>')
 ,(426,'<p><a title=\"Bitcoin Directory Listing\" href=\"http://www.thebitcoinlist.com/\">The Bitcoin List</a>: A directory listing of various bitcoin websites.</p>')
 ,(429,'<p><img style=\"float: right;\" src=\"{CCM:FID_8}\" alt=\"love_bitcoins.png\" width=\"128\" height=\"128\" />Bitcoins are one of the few true digital currencies in existence, and although the technology behind bitcoins is complex, the currency is simple to use. Bitcoins are unique in that they have been designed with security in mind, can be traded online as easily as emails are sent, and are decentralized so that no authority can undermine the transactions.</p>\r\n<p>So what do people use bitcoins for? Well, you can see from our <a title=\"Bitcoin Merchandise\" href=\"{CCM:CID_1}\">search page</a> that you can use bitcoins to buy essentially any commidity or service that you can buy with traditional money. In fact, there are hundreds of businesses that collectively offer tens of thousands of products, and these numbers grow each day at an exponential rate.</p>\r\n<p>So how do you get bitcoins? The first step is to download the bitcoin software. The program is easy to install. Once you install it, you will be given a bitcoin address. This is kind of like an email address that is for receiving money online. A typical bitcoin address looks something like ours (<em>17gcmYY8Q7nPagk4zKRwjtgxrUvvBcFhDr)</em>. The bitcoin software may take awhile to sync with the rest of the bitcoin network. If you don\'t want to wait this long, you can use any of the online bitcoin wallet services, which will operate the bitcoin software for you, to quickly get you your first bitcoin address.</p>\r\n<p>Once you have setup a bitcoin account, you can use the <a title=\"Get some free bitcoins\" href=\"http://freebitcoins.appspot.com/\">bitcoin faucet</a> to get your first&nbsp;<em>bit-change</em> for free. The bit-change will be sent to your account and saved on your computer (all coins are saved into a special file called the wallet file). If you want more bitcoins you will probably have to purchase them from an <a title=\"Directory of bitcoin exhanges.\" href=\"http://en.bitcoin.it/wiki/Buying_bitcoins\">exchange</a>. The exchanges are websites where people buy and sell bitcoins. We suggest that you sign-up at an exchange now, because it typically can take up to a week to verify your account.</p>\r\n<p><img style=\"display: block; margin-left: auto; margin-right: auto;\" src=\"{CCM:FID_9}\" alt=\"Screenshot.png\" width=\"398\" height=\"200\" /></p>\r\n<p>You can also use the bitcoin software to generate new bitcoins. Wait! You can just print off new money in this currency? Well, yes, but it becomes harder to generate new bitcoins as more and more are made. Bitcoins were designed like this on purpose, to ensure a limited supply of bitcoins. In fact, there is a limit on the total number of bitcoins that can be generated. We recommend against trying to generate new bitcoins, unless you have a high-end model computer. Otherwise, you may be waiting around for a long time.</p>')
 ,(430,'<ul>\r\n<li> <a href=\"http://www.abelsfire.com/index.php?route=information/information&amp;information_id=7\">abelsfire.com</a> </li>\r\n<li> <a href=\"http://bitbrew.net/\">bitbrew.net</a> </li>\r\n<li> <a href=\"http://www.bitcoinbabe.com/\">bitcoinbabe.com</a> </li>\r\n<li> <a href=\"http://www.bitcoinbulletin.com/\">bitcoinbulletin.com</a> </li>\r\n<li> <a href=\"http://www.bitcoincyberstore.com/index.php?route=information/information&amp;information_id=7\">bitcoincyberstore.com</a> </li>\r\n<li> <a href=\"http://bitcoinjapan.blogspot.com/\">bitcoinjapan.blogspot.com</a> </li>\r\n<li> <a href=\"http://bitcoinme.com/index.php/merchants/\">bitcoinme.com</a> </li>\r\n<li> <a href=\"http://bitcoinproject.net/links.php\">bitcoinproject.net</a> </li>\r\n<li> <a href=\"http://bitfreak.info/index.php?page=usingbtc\">bitfreak.info</a> </li>\r\n<li> <a href=\"http://www.bitstarter.co/\">bitstarter.co</a> </li>\r\n<li> <a href=\"http://bitvapes.com/index.php?main_page=page_3\">bitvapes.com</a> </li>\r\n<li> <a href=\"http://www.bitucopia.com/\">bitucopia.com</a> </li>\r\n<li> <a href=\"http://btcxc.info/\">btcxc.info</a> </li>\r\n<li> <a href=\"http://jsclosurejunkie.blogspot.com/\">jsclosurejunkie.blogspot.com</a> </li>\r\n<li> <a href=\"http://kosites.com/bitcoin-widget.html\">kosites.com</a> </li>\r\n<li> <a href=\"http://owlick.blogspot.com/\">owlick.blogspot.com</a> </li>\r\n<li> <a href=\"http://reader.rjsteinert.com/\">rjsteinert.com</a> </li>\r\n<li> <a href=\"#\">searchbitcoin.com</a> </li>\r\n<li> <a href=\"http://searchbitcoin.tumblr.com/\">searchbitcoin.tumblr.com</a> </li>\r\n<li> <a href=\"http://www.spreadbitcoins.com/\">spreadbitcoins.com</a> </li>\r\n<li> <a href=\"http://thebitcoin.blogspot.com/\">thebitcoin.blogspot.com</a> </li>\r\n<li> <a href=\"http://thegemvault.tiptopgem.com/\">tiptopgem.com</a> </li>\r\n<li> <a href=\"http://twpg.blogspot.com/\">twpg.blogspot.com</a> </li>\r\n<li> <a href=\"http://www.tradersedgedice.com/fx-currency-dice-set-p-28.html\">tradersedgedice.com</a> </li>\r\n<li> <a href=\"http://www.weusecoins.com/getting-started.php\">weusecoins.com (through API)</a> </li>\r\n</ul>')
 ,(431,'<p><img style=\"float: right;\" src=\"{CCM:FID_8}\" alt=\"love_bitcoins.png\" width=\"128\" height=\"128\" />Bitcoins are one of the few true digital currencies in existence, and although the technology behind bitcoins is complex, the currency is simple to use. Bitcoins are unique in that they have been designed with security in mind, can be traded online as easily as emails are sent, and are decentralized so that no authority can undermine the transactions.</p>\r\n<p>So what do people use bitcoins for? Well, you can see from our <a title=\"Bitcoin Merchandise\" href=\"{CCM:CID_1}\">search page</a> that you can use bitcoins to buy essentially any commidity or service that you can buy with traditional money. In fact, there are hundreds of businesses that collectively offer tens of thousands of products, and these numbers grow each day at an exponential rate.</p>\r\n<p>So how do you get bitcoins? The first step is to download the bitcoin software. The program is easy to install. Once you install it, you will be given a bitcoin address. This is kind of like an email address that is for receiving money online. A typical bitcoin address looks something like ours (<em>1QE66n52DeBhNifskYX6XwQj8u8dE9mAG1)</em>. The bitcoin software may take awhile to sync with the rest of the bitcoin network. If you don\'t want to wait this long, you can use any of the online bitcoin wallet services, which will operate the bitcoin software for you, to quickly get you your first bitcoin address.</p>\r\n<p>Once you have setup a bitcoin account, you can use the <a title=\"Get some free bitcoins\" href=\"http://freebitcoins.appspot.com/\">bitcoin faucet</a> to get your first&nbsp;<em>bit-change</em> for free. The bit-change will be sent to your account and saved on your computer (all coins are saved into a special file called the wallet file). If you want more bitcoins you will probably have to purchase them from an <a title=\"Directory of bitcoin exhanges.\" href=\"http://en.bitcoin.it/wiki/Buying_bitcoins\">exchange</a>. The exchanges are websites where people buy and sell bitcoins. We suggest that you sign-up at an exchange now, because it typically can take up to a week to verify your account.</p>\r\n<p><img style=\"display: block; margin-left: auto; margin-right: auto;\" src=\"{CCM:FID_9}\" alt=\"Screenshot.png\" width=\"398\" height=\"200\" /></p>\r\n<p>You can also use the bitcoin software to generate new bitcoins. Wait! You can just print off new money in this currency? Well, yes, but it becomes harder to generate new bitcoins as more and more are made. Bitcoins were designed like this on purpose, to ensure a limited supply of bitcoins. In fact, there is a limit on the total number of bitcoins that can be generated. We recommend against trying to generate new bitcoins, unless you have a high-end model computer. Otherwise, you may be waiting around for a long time.</p>')
 ,(432,'<ul>\r\n<li> <a href=\"http://www.abelsfire.com/index.php?route=information/information&amp;information_id=7\">abelsfire.com</a> </li>\r\n<li> <a href=\"http://bitbrew.net/\">bitbrew.net</a> </li>\r\n<li> <a href=\"http://www.bitcoinbabe.com/\">bitcoinbabe.com</a> </li>\r\n<li> <a href=\"http://www.bitcoinbulletin.com/\">bitcoinbulletin.com</a> </li>\r\n<li> <a href=\"http://www.bitcoincyberstore.com/index.php?route=information/information&amp;information_id=7\">bitcoincyberstore.com</a> </li>\r\n<li> <a href=\"http://bitcoinjapan.blogspot.com/\">bitcoinjapan.blogspot.com</a> </li>\r\n<li> <a href=\"http://bitcoinme.com/index.php/merchants/\">bitcoinme.com</a> </li>\r\n<li> <a href=\"http://bitcoinproject.net/links.php\">bitcoinproject.net</a> </li>\r\n<li> <a href=\"http://bitfreak.info/index.php?page=usingbtc\">bitfreak.info</a> </li>\r\n<li> <a href=\"http://bitstarter.weebly.com/\">bitstarter.co</a> </li>\r\n<li> <a href=\"http://bitvapes.com/index.php?main_page=page_3\">bitvapes.com</a> </li>\r\n<li> <a href=\"http://www.bitucopia.com/\">bitucopia.com</a> </li>\r\n<li> <a href=\"http://btcxc.info/\">btcxc.info</a> </li>\r\n<li> <a href=\"http://www.hotac.org/\">hotac.org</a> </li>\r\n<li> <a href=\"http://jsclosurejunkie.blogspot.com/\">jsclosurejunkie.blogspot.com</a> </li>\r\n<li> <a href=\"http://kosites.com/bitcoin-widget.html\">kosites.com</a> </li>\r\n<li> <a href=\"http://owlick.blogspot.com/\">owlick.blogspot.com</a> </li>\r\n<li> <a href=\"http://www.pakhomov.org/\">pakhomov.org</a> </li>\r\n<li> <a href=\"http://reader.rjsteinert.com/\">rjsteinert.com</a> </li>\r\n<li> <a href=\"#\">searchbitcoin.com</a> </li>\r\n<li> <a href=\"http://searchbitcoin.tumblr.com/\">searchbitcoin.tumblr.com</a> </li>\r\n<li> <a href=\"http://www.spreadbitcoins.com/\">spreadbitcoins.com</a> </li>\r\n<li> <a href=\"http://thebitcoin.blogspot.com/\">thebitcoin.blogspot.com</a> </li>\r\n<li> <a href=\"http://thegemvault.tiptopgem.com/\">tiptopgem.com</a> </li>\r\n<li> <a href=\"http://twpg.blogspot.com/\">twpg.blogspot.com</a> </li>\r\n<li> <a href=\"http://www.tradersedgedice.com/fx-currency-dice-set-p-28.html\">tradersedgedice.com</a> </li>\r\n<li> <a href=\"http://www.weusecoins.com/getting-started.php\">weusecoins.com (through API)</a> </li>\r\n</ul>')
 ,(433,'<ul>\r\n<li> <a href=\"http://www.abelsfire.com/index.php?route=information/information&amp;information_id=7\">abelsfire.com</a> </li>\r\n<li> <a href=\"http://bitbrew.net/\">bitbrew.net</a> </li>\r\n<li> <a href=\"http://www.bitcoinbabe.com/\">bitcoinbabe.com</a> </li>\r\n<li> <a href=\"http://www.bitcoinbulletin.com/\">bitcoinbulletin.com</a> </li>\r\n<li> <a href=\"http://www.bitcoincyberstore.com/index.php?route=information/information&amp;information_id=7\">bitcoincyberstore.com</a> </li>\r\n<li> <a href=\"http://bitcoinme.com/index.php/merchants/\">bitcoinme.com</a> </li>\r\n<li> <a href=\"http://bitcoinproject.net/links.php\">bitcoinproject.net</a> </li>\r\n<li> <a href=\"http://bitfreak.info/index.php?page=usingbtc\">bitfreak.info</a> </li>\r\n<li> <a href=\"http://bitstarter.weebly.com/\">bitstarter.co</a> </li>\r\n<li> <a href=\"http://bitvapes.com/index.php?main_page=page_3\">bitvapes.com</a> </li>\r\n<li> <a href=\"http://www.bitucopia.com/\">bitucopia.com</a> </li>\r\n<li> <a href=\"http://btcxc.info/\">btcxc.info</a> </li>\r\n<li> <a href=\"http://www.hotac.org/\">hotac.org</a> </li>\r\n<li> <a href=\"http://jsclosurejunkie.blogspot.com/\">jsclosurejunkie.blogspot.com</a> </li>\r\n<li> <a href=\"http://kosites.com/bitcoin-widget.html\">kosites.com</a> </li>\r\n<li> <a href=\"http://owlick.blogspot.com/\">owlick.blogspot.com</a> </li>\r\n<li> <a href=\"http://www.pakhomov.org/\">pakhomov.org</a> </li>\r\n<li> <a href=\"http://reader.rjsteinert.com/\">rjsteinert.com</a> </li>\r\n<li> <a href=\"#\">searchbitcoin.com</a> </li>\r\n<li> <a href=\"http://searchbitcoin.tumblr.com/\">searchbitcoin.tumblr.com</a> </li>\r\n<li> <a href=\"http://www.spreadbitcoins.com/\">spreadbitcoins.com</a> </li>\r\n<li> <a href=\"http://thebitcoin.blogspot.com/\">thebitcoin.blogspot.com</a> </li>\r\n<li> <a href=\"http://thegemvault.tiptopgem.com/\">tiptopgem.com</a> </li>\r\n<li> <a href=\"http://twpg.blogspot.com/\">twpg.blogspot.com</a> </li>\r\n<li> <a href=\"http://www.tradersedgedice.com/fx-currency-dice-set-p-28.html\">tradersedgedice.com</a> </li>\r\n<li> <a href=\"http://www.weusecoins.com/getting-started.php\">weusecoins.com (through API)</a> </li>\r\n</ul>')
 ,(435,'<ol>\r\n<li>hello</li>\r\n<li>world</li>\r\n<li>test</li>\r\n</ol>')
 ,(437,'			<div id=\"search\" class=\"column\"> \r\n				<div class=\"title\">Search Engine</div> \r\n				<div class=\"content\"> \r\n					<div id=\"search_box\"> \r\n						<form id=\"search_form\"> \r\n							<input id=\"search_text\" type=\"text\" value=\"Type Here\" /> \r\n							<input id=\"search_button\" type=\"submit\" value=\"Search\" /> \r\n						</form> \r\n					</div> \r\n					<div id=\"search_content\"> \r\n						<div class=\"instructions\" id=\"search_instructions\"> \r\n							Use the search to find any item in the live feed...\r\n						</div> \r\n					</div> \r\n				</div> \r\n			</div> \r\n\r\n\r\n	<script id=\"item_template\" type=\"text/x-jquery-tmpl\"> \r\n		<div class=\"item\" style=\"cursor: pointer;\" onclick=\"review(${id});\">\r\n			<div class=\"item_image_container\">\r\n				<img class=\"item_image\" src=\"http://api.searchbitcoin.com/services/image?id=${id}\" />\r\n			</div>\r\n			<div class=\"item_text_container\">\r\n				<div class=\"item_title\">${title}</div>\r\n				<div class=\"item_domain\">${domain}</div>\r\n			</div>\r\n		</div>\r\n		<hr/>\r\n	</script> ')
 ,(438,'\r\n\r\n	<script id=\"item_template\" type=\"text/x-jquery-tmpl\"> \r\n		<div class=\"item\" style=\"cursor: pointer;\" onclick=\"review(${id});\">\r\n			<div class=\"item_image_container\">\r\n				<img class=\"item_image\" src=\"http://api.searchbitcoin.com/services/image?id=${id}\" />\r\n			</div>\r\n			<div class=\"item_text_container\">\r\n				<div class=\"item_title\">${title}</div>\r\n				<div class=\"item_domain\">${domain}</div>\r\n			</div>\r\n		</div>\r\n		<hr/>\r\n	</script> ')
 ,(439,'			<div id=\"search\" class=\"column\"> \r\n				<div class=\"title\">Search Engine</div> \r\n				<div class=\"content\"> \r\n					<div id=\"search_box\"> \r\n						<form id=\"search_form\"> \r\n							<input id=\"search_text\" type=\"text\" value=\"Type Here\" /> \r\n							<input id=\"search_button\" type=\"submit\" value=\"Search\" /> \r\n						</form> \r\n					</div> \r\n					<div id=\"search_content\"> \r\n						<div class=\"instructions\" id=\"search_instructions\"> \r\n							Use the search to find any item in the live feed...\r\n						</div> \r\n					</div> \r\n				</div> \r\n			</div> \r\n')
 ,(440,'			<div id=\"feed\" class=\"column\"> \r\n				<div class=\"title\">Live Feed</div> \r\n				<div class=\"content\" id=\"feed_content\"></div> \r\n			</div> ')
 ,(441,'			<div id=\"review\" class=\"column\"> \r\n				<div class=\"title\">Review</div> \r\n				<div class=\"content\" id=\"review_content\"> \r\n					<div class=\"instructions\" id=\"search_instructions\"> \r\n						...or just click on an item for more details.\r\n					</div> \r\n				</div> \r\n			</div>\r\n\r\n	<script id=\"review_item_template\" type=\"text/x-jquery-tmpl\"> \r\n		<div class=\"review_title\">Merchandise:</div>\r\n		<div class=\"review_row\">\r\n			<span class=\"review_label\">Title:</span>\r\n			<span class=\"review_data\">${title}</span>\r\n		</div>\r\n		{{if price}}<div class=\"review_row\">\r\n			<span class=\"review_label\">Forecasted Price:</span>\r\n			<span class=\"review_data\">${price}</span>\r\n		</div>{{/if}}\r\n		<table><tr>\r\n			<td align=\"center\">\r\n				<a href=\"${url}\" target=\"_blank\">\r\n					<img\r\n						src=\"http://api.searchbitcoin.com/services/image?id=${id}&size=large\"\r\n						style=\"cursor: pointer;\"\r\n						/>\r\n				</a>\r\n			</td><td align=\"center\">\r\n				<table><tr><td align=\"center\">\r\n					<a href=\"${url}\" target=\"_blank\">\r\n						<input \r\n							type=\"button\"\r\n							style=\"margin-top: 10px; margin-bottom: 10px; margin-left: auto; margin-right: auto; vertical-align: top; padding-left: 25px; padding-right: 25px; cursor: pointer;\"\r\n							value=\"Buy\"\r\n							/>\r\n					</a>\r\n				</td></tr><tr><td align=\"center\">\r\n					<img\r\n						src=\"resources/thumbs-down.png\"\r\n						style=\"width: 40px; height: 40px; cursor: pointer;\"\r\n						onclick=\"vote(${id}, -1);\"\r\n						/>\r\n					<img\r\n						src=\"resources/thumbs-up.png\"\r\n						style=\"width: 40px; height: 40px; cursor: pointer;\"\r\n						onclick=\"vote(${id}, 1);\"\r\n						/>\r\n				</td></tr><tr><td align=\"center\">\r\n					<div id=\"vote_message\" style=\"font-size: 10px;\"></div>\r\n				</td></tr></table>\r\n			</td>\r\n		</tr></table>\r\n		<br/>\r\n	</script> \r\n \r\n	<script id=\"review_vendor_template\" type=\"text/x-jquery-tmpl\"> \r\n		<div class=\"review_title\">Vendor:</div>\r\n		<div class=\"review_row\">\r\n			<span class=\"review_label\">Title:</span>\r\n			<span class=\"review_data\">${title}</span>\r\n		</div>\r\n		<div class=\"review_row\">\r\n			<span class=\"review_label\">Website:</span>\r\n			<span class=\"review_data\"><a href=\"${url}\" target=\"_blank\">${domain}</a></span>\r\n		</div>\r\n		<div class=\"review_row\">\r\n			<span class=\"review_label\">Logo:</span>\r\n			<span class=\"review_data\">\r\n				<a href=\"${url}\" target=\"_blank\">\r\n					<img src=\"http://api.searchbitcoin.com/services/image?id=${id}&size=large\" />\r\n				</a>\r\n			</span>\r\n		</div>\r\n		<div class=\"review_row\">\r\n			<span class=\"review_label\">Description:</span>\r\n			<span class=\"review_data\">${description}</span>\r\n		</div>\r\n		<br/>\r\n		<div class=\"review_title\">Customer Reviews:</div>\r\n		<span class=\"review_data\">\r\n			<a href=\"${review}\">\r\n				Read / Write Reviews about this Vendor.\r\n			</a>\r\n		</span>\r\n	</script> ');

DROP TABLE IF EXISTS btDateNav;

CREATE TABLE IF NOT EXISTS `btDateNav` (
  `bID` int(10) unsigned NOT NULL,
  `num` smallint(5) unsigned NOT NULL,
  `cParentID` int(10) unsigned NOT NULL DEFAULT '1',
  `cThis` tinyint(3) unsigned NOT NULL DEFAULT '0',
  `ctID` smallint(5) unsigned DEFAULT NULL,
  `flatDisplay` int(11) DEFAULT '0',
  `defaultNode` varchar(64) DEFAULT 'current_page',
  `truncateTitles` int(11) DEFAULT '0',
  `truncateSummaries` int(11) DEFAULT '0',
  `displayFeaturedOnly` int(11) DEFAULT '0',
  `truncateChars` int(11) DEFAULT '128',
  `truncateTitleChars` int(11) DEFAULT '128',
  `showDescriptions` int(11) DEFAULT '0',
  PRIMARY KEY (`bID`)
) ENGINE=MyISAM DEFAULT CHARSET=utf8;

INSERT INTO btDateNav VALUES(18,0,0,0,4,0,'current_page',0,0,0,0,0,0)
 ,(28,0,71,1,0,0,'current_month',0,0,0,0,0,0);

DROP TABLE IF EXISTS btDynamicIframe;

CREATE TABLE IF NOT EXISTS `btDynamicIframe` (
  `bID` int(10) unsigned NOT NULL,
  `url` varchar(255) DEFAULT NULL,
  `width` varchar(10) DEFAULT NULL,
  `height` varchar(10) DEFAULT NULL,
  `dynamicheight` int(11) DEFAULT '1',
  `errorheight` varchar(10) DEFAULT NULL,
  `adjustheight` varchar(10) DEFAULT '0',
  `getqs` int(11) DEFAULT '0',
  `frameborder` int(11) DEFAULT NULL,
  `marginwidth` varchar(10) DEFAULT NULL,
  `marginheight` varchar(10) DEFAULT NULL,
  `scrolling` varchar(10) DEFAULT NULL,
  `align` varchar(10) DEFAULT NULL,
  `id` varchar(255) DEFAULT NULL,
  PRIMARY KEY (`bID`)
) ENGINE=MyISAM DEFAULT CHARSET=utf8;

INSERT INTO btDynamicIframe VALUES(311,'/backend/index.php/vendorSubmit/join','500px',NULL,1,'','',0,0,'','','auto','center','test')
 ,(316,'/backend/index.php/vendorSubmit/join','500px',NULL,1,'','',0,0,'','','auto','center','jform')
 ,(319,'/backend/index.php/vendorSubmit/join','450px',NULL,1,'','',0,0,'','','auto','center','blah');

DROP TABLE IF EXISTS btExternalForm;

CREATE TABLE IF NOT EXISTS `btExternalForm` (
  `bID` int(10) unsigned NOT NULL,
  `filename` varchar(128) DEFAULT NULL,
  PRIMARY KEY (`bID`)
) ENGINE=MyISAM DEFAULT CHARSET=utf8;



DROP TABLE IF EXISTS btFile;

CREATE TABLE IF NOT EXISTS `btFile` (
  `bID` int(10) unsigned NOT NULL,
  `filename` varchar(255) DEFAULT NULL,
  `origfilename` varchar(255) DEFAULT NULL,
  `url` varchar(255) DEFAULT NULL,
  `type` varchar(32) DEFAULT NULL,
  `generictype` varchar(32) DEFAULT NULL,
  PRIMARY KEY (`bID`)
) ENGINE=MyISAM DEFAULT CHARSET=utf8;



DROP TABLE IF EXISTS btFlashContent;

CREATE TABLE IF NOT EXISTS `btFlashContent` (
  `bID` int(10) unsigned NOT NULL,
  `fID` int(10) unsigned DEFAULT NULL,
  `quality` varchar(255) DEFAULT NULL,
  `minVersion` varchar(255) DEFAULT NULL,
  PRIMARY KEY (`bID`)
) ENGINE=MyISAM DEFAULT CHARSET=utf8;



DROP TABLE IF EXISTS btFlipSearch;

CREATE TABLE IF NOT EXISTS `btFlipSearch` (
  `bID` int(10) unsigned NOT NULL,
  PRIMARY KEY (`bID`)
) ENGINE=MyISAM DEFAULT CHARSET=utf8;

INSERT INTO btFlipSearch VALUES(427)
 ,(428);

DROP TABLE IF EXISTS btForm;

CREATE TABLE IF NOT EXISTS `btForm` (
  `bID` int(10) unsigned NOT NULL,
  `questionSetId` int(10) unsigned DEFAULT '0',
  `surveyName` varchar(255) DEFAULT NULL,
  `thankyouMsg` text,
  `notifyMeOnSubmission` tinyint(3) unsigned NOT NULL DEFAULT '0',
  `recipientEmail` varchar(255) DEFAULT NULL,
  `displayCaptcha` int(11) DEFAULT '1',
  `redirectCID` int(11) DEFAULT '0',
  PRIMARY KEY (`bID`),
  KEY `questionSetIdForeign` (`questionSetId`)
) ENGINE=MyISAM DEFAULT CHARSET=utf8;

INSERT INTO btForm VALUES(76,1309044364,'Contact Us','You message has been dispatched.',1,'jostmey@gmail.com',0,0)
 ,(149,1309154690,'Chamber of Commerce','Thanks!',0,'jostmey@gmail.com',0,0)
 ,(163,1309154690,'Chamber of Commerce','Thanks!',1,'jostmey@gmail.com',0,0)
 ,(240,1310533953,'Financials','You message has been dispatched. We will get back to you as soon as possible.',1,'jostmey@gmail.com',0,0)
 ,(260,1310684556,'Add Your Webpage','We will review your website and get back to you as soon as we can :-)',1,'jostmey@gmail.com',0,0)
 ,(274,1310687679,'Remove Webpage','Thanks!',0,'jostmey@gmail.com',0,0)
 ,(294,1310684556,'Add Your Webpage','We will review your website and get back to you as soon as we can :-)',1,'jostmey+searchbitcoin@gmail.com',0,0)
 ,(299,1310684556,'Add Your Webpage','We will review your website and get back to you as soon as we can :-)',1,'jostmey+searchbitcoin@gmail.com',0,0)
 ,(301,1310684556,'Add Your Webpage','We will review your website and get back to you as soon as we can.',1,'jostmey+searchbitcoin@gmail.com',0,0);

DROP TABLE IF EXISTS btFormAnswerSet;

CREATE TABLE IF NOT EXISTS `btFormAnswerSet` (
  `asID` int(10) unsigned NOT NULL AUTO_INCREMENT,
  `questionSetId` int(10) unsigned DEFAULT '0',
  `created` timestamp NOT NULL DEFAULT CURRENT_TIMESTAMP ON UPDATE CURRENT_TIMESTAMP,
  `uID` int(10) unsigned DEFAULT '0',
  PRIMARY KEY (`asID`)
) ENGINE=MyISAM AUTO_INCREMENT=38 DEFAULT CHARSET=utf8;

INSERT INTO btFormAnswerSet VALUES(1,1309044364,'2011-06-26 15:05:36',0)
 ,(2,1309044364,'2011-06-27 17:28:16',0)
 ,(3,1309154690,'2011-06-28 18:09:30',0)
 ,(4,1309044364,'2011-07-01 02:02:46',0)
 ,(5,1309044364,'2011-07-09 01:00:28',0)
 ,(14,1310684556,'2011-07-15 01:06:52',0)
 ,(13,1310684556,'2011-07-15 00:49:34',0)
 ,(8,1310683349,'2011-07-14 15:44:30',1)
 ,(12,1310684556,'2011-07-15 00:39:18',0)
 ,(10,1310683349,'2011-07-14 15:47:10',0)
 ,(15,1310684556,'2011-07-15 01:37:06',0)
 ,(16,1310684556,'2011-07-15 01:37:24',0)
 ,(17,1310684556,'2011-07-15 01:37:34',0)
 ,(18,1310684556,'2011-07-15 01:38:31',0)
 ,(19,1310684556,'2011-07-15 01:39:48',0)
 ,(20,1310684556,'2011-07-15 01:54:51',0)
 ,(21,1310684556,'2011-07-15 01:56:13',0)
 ,(22,1310684556,'2011-07-15 02:22:35',0)
 ,(23,1310684556,'2011-07-15 03:32:26',0)
 ,(24,1310684556,'2011-07-15 04:28:07',0)
 ,(25,1310684556,'2011-07-15 05:02:17',0)
 ,(26,1310684556,'2011-07-15 05:39:17',0)
 ,(27,1310684556,'2011-07-15 08:43:17',0)
 ,(28,1310684556,'2011-07-15 08:43:45',0)
 ,(29,1310684556,'2011-07-15 09:11:27',0)
 ,(30,1310684556,'2011-07-15 09:11:53',0)
 ,(32,1310684556,'2011-07-15 10:45:11',1)
 ,(33,1310684556,'2011-07-15 10:54:38',0)
 ,(34,1310684556,'2011-07-15 11:00:31',0)
 ,(35,1310684556,'2011-07-15 12:50:39',0)
 ,(36,1310684556,'2011-07-16 01:29:48',0)
 ,(37,1310684556,'2011-07-16 01:51:35',0);

DROP TABLE IF EXISTS btFormAnswers;

CREATE TABLE IF NOT EXISTS `btFormAnswers` (
  `aID` int(10) unsigned NOT NULL AUTO_INCREMENT,
  `asID` int(10) unsigned DEFAULT '0',
  `msqID` int(10) unsigned DEFAULT '0',
  `answer` varchar(255) DEFAULT NULL,
  `answerLong` text,
  PRIMARY KEY (`aID`)
) ENGINE=MyISAM AUTO_INCREMENT=111 DEFAULT CHARSET=utf8;

INSERT INTO btFormAnswers VALUES(1,1,1,'Jared Ostmeyer','')
 ,(2,1,2,'jostmey@gmail.com','')
 ,(3,1,3,'','This is just a test')
 ,(4,2,1,'Roger Wehbe','')
 ,(5,2,2,'president@yooter.com','')
 ,(6,2,3,'','I think Flexcoin.com deserves a mention :)')
 ,(7,3,4,'j gallery canvas','')
 ,(8,3,5,'www.jgallerycanvas.com','')
 ,(9,3,6,'lance@jgallerycanvas.com','')
 ,(10,3,7,'','We transform photos into beautiful canvas prints.\r\nAn inexpensive way to make your walls look\r\nincredible with your own photos!')
 ,(11,3,8,'USA','')
 ,(12,3,9,'NJ','')
 ,(13,3,10,'Glassboro','')
 ,(14,3,11,'08028','')
 ,(15,3,12,'','')
 ,(16,4,1,'Roger Ver','')
 ,(17,4,2,'roger@memorydealers.com','')
 ,(18,4,3,'','Great work on your bitcoin advertising.\r\nWhat can I do to help the products from my site be included in your feed?\r\n\r\nThanks!')
 ,(19,5,1,'Gary','')
 ,(20,5,2,'flyingkiwiguy@gmail.com','')
 ,(21,5,3,'','Have you considered affiliate marketing for BTC merchants? I\'m in touch with some people who have a very large affiliate network, and that partner with sites such as eBay and Amazon and are targeting consumers country-by-country, currency-by-currency.\r\n\r\nWe could essentially add in BitCoin merchants to their network as a separate country + currency.\r\n\r\nWhat do you think?\r\nGary')
 ,(46,16,18,'http://soundcloud.com/hashingitout','')
 ,(45,15,19,'bitcoinporn@gmail.com','')
 ,(44,15,18,'http://bitcoinporn.tumblr.com','')
 ,(43,14,19,'jindq1@gmail.com','')
 ,(42,14,18,'http://smallpla.net/bit-fu/','')
 ,(41,13,19,'Elderberry@upingme.com','')
 ,(30,8,23,'jostmey@test.com','')
 ,(40,13,18,'http://www.upingme.com','')
 ,(39,12,19,'admin@bitvapes.com','')
 ,(38,12,18,'http://bitvapes.com','')
 ,(35,10,23,'blah@test.com','')
 ,(47,16,19,'bitcoinporn@gmail.com','')
 ,(48,17,18,'http://hashingitout.tumblr.com','')
 ,(49,17,19,'bitcoinporn@gmail.com','')
 ,(50,18,18,'http://decentralizeddesign.com','')
 ,(51,18,19,'bitcoinporn@gmail.com','')
 ,(52,19,18,'http://im_an_idiot_and_submitted_non_store_links_wrong_page_my_bad','')
 ,(53,19,19,'bitcoinporn@gmail.com','')
 ,(54,20,18,'http://www.ozco.in','')
 ,(55,20,19,'graet@ozco.in','')
 ,(56,21,18,'21bitcoin.com','')
 ,(57,21,19,'nakowa@21bitcoin.com','')
 ,(58,22,18,'www.wesellrigs.com','')
 ,(59,22,19,'admin@wesellrigs.com','')
 ,(60,23,18,'www.richardstott.co.uk','')
 ,(61,23,19,'richard@cablestudios.co.uk','')
 ,(62,24,18,'constrictormusic.bandcamp.com','')
 ,(63,24,19,'mholloway@sympatico.ca','')
 ,(64,25,18,'https://bit-pay.com','')
 ,(65,25,19,'info@bit-pay.com','')
 ,(66,26,18,'iWantFreeBitCoins.com','')
 ,(67,26,19,'rj@emspire.com','')
 ,(68,27,18,'http://www.goldstarbullion.com','')
 ,(69,27,19,'contactgoldstar@gmail.com','')
 ,(70,28,18,'http://www.horolotech.com','')
 ,(71,28,19,'sales@horolotech.com','')
 ,(72,29,18,'bitstarter.co','')
 ,(73,29,19,'bitstarter@gmail.com','')
 ,(74,30,18,'http://www.bitprotection.info','')
 ,(75,30,19,'bitprotection@gmail.com','')
 ,(83,32,24,'','This is description of the test.')
 ,(82,32,23,'test','')
 ,(81,32,18,'www.test.com','')
 ,(84,32,25,'19','This is description of the test.')
 ,(85,32,19,'jostmey@test.com','')
 ,(86,33,18,'http://item.taobao.com/item.htm?id=10615537390','')
 ,(87,33,23,' facebook    GEEKbitcoin','')
 ,(88,33,24,'','facebookGEEK bitcoin 8 bitcoin GEEK \r\n\r\n  15995000350\r\n\r\n\r\n\r\n\r\n\r\n\r\n\r\n\r\n\r\n \r\n\r\n\r\n\r\n\r\n\r\n')
 ,(89,33,25,'20','facebookGEEK bitcoin 8 bitcoin GEEK \r\n\r\n  15995000350\r\n\r\n\r\n\r\n\r\n\r\n\r\n\r\n\r\n\r\n \r\n\r\n\r\n\r\n\r\n\r\n')
 ,(90,33,19,'15995000350@139.com','')
 ,(91,34,18,'http://item.taobao.com/item.htm?id=10522413161','')
 ,(92,34,23,'2011+ Bitcoin','')
 ,(93,34,24,'','Bitcoin0.8BTC')
 ,(94,34,25,'21','Bitcoin0.8BTC')
 ,(95,34,19,'562391874@qq.com','')
 ,(96,35,18,'http://bitbrew.net/','')
 ,(97,35,23,'BitBrew','')
 ,(98,35,24,'','Premium Fair Trade, Organic, and Flavored coffees available exclusively for Bitcoins.')
 ,(99,35,25,'22','Premium Fair Trade, Organic, and Flavored coffees available exclusively for Bitcoins.')
 ,(100,35,19,'ed@quicksilverspider.com','')
 ,(101,36,18,'http://BitcoinBoom.org','')
 ,(102,36,23,'Bitcoin Boom','')
 ,(103,36,24,'','The Next Generation of Bitcoins')
 ,(104,36,25,'23','The Next Generation of Bitcoins')
 ,(105,36,19,'BitcoinBoom@hotmail.com','')
 ,(106,37,18,'arimaa.com','')
 ,(107,37,23,'Arimaa & Chess Game Set','')
 ,(108,37,24,'','An animal themed board game designed to be hard for computers, but easy to learn and intuitive for humans. Offers $10,000 challenge for programmers.')
 ,(109,37,25,'24','An animal themed board game designed to be hard for computers, but easy to learn and intuitive for humans. Offers $10,000 challenge for programmers.')
 ,(110,37,19,'arimaa_game@yahoo.com','');

DROP TABLE IF EXISTS btFormQuestions;

CREATE TABLE IF NOT EXISTS `btFormQuestions` (
  `qID` int(10) unsigned NOT NULL AUTO_INCREMENT,
  `msqID` int(10) unsigned DEFAULT '0',
  `bID` int(10) unsigned DEFAULT '0',
  `questionSetId` int(10) unsigned DEFAULT '0',
  `question` varchar(255) DEFAULT NULL,
  `inputType` varchar(255) DEFAULT NULL,
  `options` text,
  `position` int(10) unsigned DEFAULT '1000',
  `width` int(10) unsigned DEFAULT '50',
  `height` int(10) unsigned DEFAULT '3',
  `required` int(11) DEFAULT '0',
  PRIMARY KEY (`qID`),
  KEY `questionSetId` (`questionSetId`),
  KEY `msqID` (`msqID`)
) ENGINE=MyISAM AUTO_INCREMENT=59 DEFAULT CHARSET=utf8;

INSERT INTO btFormQuestions VALUES(1,1,76,1309044364,'Name','field','',1000,50,3,0)
 ,(2,2,76,1309044364,'Email Address','field','',1000,50,3,1)
 ,(3,3,76,1309044364,'Comments','text','',1000,50,5,1)
 ,(4,4,149,1309154690,'Name of Business or Service','field','',1000,50,3,1)
 ,(5,5,149,1309154690,'Website','field','',1000,0,0,1)
 ,(6,6,149,1309154690,'Business Email Address','field','',1000,50,3,1)
 ,(7,7,149,1309154690,'Description of Services or Products','text','',1000,50,5,1)
 ,(8,8,149,1309154690,'Country','field','',1000,0,0,0)
 ,(9,9,149,1309154690,'State or Province','field','',1000,0,0,0)
 ,(10,10,149,1309154690,'City','field','',1000,0,0,0)
 ,(11,11,149,1309154690,'Zip Code','field','',1000,50,3,0)
 ,(12,12,149,1309154690,'Address','field','',1000,50,3,0)
 ,(13,4,163,1309154690,'Name of Business or Service','field','',1000,50,3,1)
 ,(14,5,163,1309154690,'Website','field','',1000,0,0,1)
 ,(15,6,163,1309154690,'Business Email Address','field','',1000,50,3,1)
 ,(16,7,163,1309154690,'Description of Services or Products','text','',1000,50,5,1)
 ,(17,8,163,1309154690,'Country','field','',1000,0,0,0)
 ,(18,9,163,1309154690,'State or Province','field','',1000,0,0,0)
 ,(19,10,163,1309154690,'City','field','',1000,0,0,0)
 ,(20,11,163,1309154690,'Zip Code','field','',1000,50,3,0)
 ,(21,12,163,1309154690,'Address','field','',1000,50,3,0)
 ,(22,13,240,1310533953,'Website:','field','',1000,50,3,1)
 ,(23,14,240,1310533953,'Email Address:','field','',1000,50,3,1)
 ,(24,15,240,1310533953,'Message:','text','',1000,50,5,0)
 ,(25,16,0,1310681100,'Website:','field','',1000,50,3,1)
 ,(26,17,0,1310681100,'Email Address:','field','',1000,50,3,1)
 ,(50,24,299,1310684556,'Description:','text','',2,50,5,1)
 ,(49,23,299,1310684556,'Title:','field','',1,50,3,1)
 ,(41,18,260,1310684556,'Website:','field','',0,50,3,1)
 ,(42,19,260,1310684556,'Email Address:','field','',4,50,3,1)
 ,(43,20,274,1310687679,'Website:','field','',1000,50,3,1)
 ,(44,21,274,1310687679,'Email Address:','field','',1000,50,3,1)
 ,(47,18,294,1310684556,'Website:','field','',0,50,3,1)
 ,(46,22,274,1310687679,'Message (Optional):','text','',1000,50,5,0)
 ,(48,19,294,1310684556,'Email Address:','field','',4,50,3,1)
 ,(51,18,299,1310684556,'Website:','field','',0,50,3,1)
 ,(52,19,299,1310684556,'Email Address:','field','',4,50,3,1)
 ,(53,25,299,1310684556,'Image File:','fileupload','',3,50,3,1)
 ,(54,24,301,1310684556,'Description:','text','',2,50,5,1)
 ,(55,23,301,1310684556,'Title:','field','',1,50,3,1)
 ,(56,18,301,1310684556,'Website:','field','',0,50,3,1)
 ,(57,19,301,1310684556,'Email Address:','field','',4,50,3,1)
 ,(58,25,301,1310684556,'Image File:','fileupload','',3,50,3,1);

DROP TABLE IF EXISTS btGoogleDocsViewer;

CREATE TABLE IF NOT EXISTS `btGoogleDocsViewer` (
  `bID` int(10) unsigned NOT NULL,
  `fID` int(10) unsigned DEFAULT NULL,
  `height` varchar(10) DEFAULT NULL,
  PRIMARY KEY (`bID`)
) ENGINE=MyISAM DEFAULT CHARSET=utf8;



DROP TABLE IF EXISTS btGoogleMap;

CREATE TABLE IF NOT EXISTS `btGoogleMap` (
  `bID` int(10) unsigned NOT NULL,
  `title` varchar(255) DEFAULT NULL,
  `api_key` varchar(255) DEFAULT NULL,
  `location` varchar(255) DEFAULT NULL,
  `latitude` double DEFAULT NULL,
  `longitude` double DEFAULT NULL,
  `zoom` int(8) DEFAULT NULL,
  PRIMARY KEY (`bID`)
) ENGINE=MyISAM DEFAULT CHARSET=utf8;



DROP TABLE IF EXISTS btGuestBook;

CREATE TABLE IF NOT EXISTS `btGuestBook` (
  `bID` int(10) unsigned NOT NULL,
  `requireApproval` int(11) DEFAULT '0',
  `title` varchar(100) DEFAULT 'Comments',
  `dateFormat` varchar(100) DEFAULT NULL,
  `displayGuestBookForm` int(11) DEFAULT '1',
  `displayCaptcha` int(11) DEFAULT '1',
  `authenticationRequired` int(11) DEFAULT '0',
  `notifyEmail` varchar(100) DEFAULT NULL,
  PRIMARY KEY (`bID`)
) ENGINE=MyISAM DEFAULT CHARSET=utf8;

INSERT INTO btGuestBook VALUES(17,0,'Comments:','M jS, Y',1,1,0,'')
 ,(188,0,'Comments:','M jS, Y',1,0,0,'jostmey@gmail.com')
 ,(202,0,'Comments:','M jS, Y',1,0,0,'jostmey@gmail.com')
 ,(217,0,'Comments:','M jS, Y',1,0,0,'jostmey@gmail.com');

DROP TABLE IF EXISTS btGuestBookEntries;

CREATE TABLE IF NOT EXISTS `btGuestBookEntries` (
  `bID` int(11) DEFAULT NULL,
  `cID` int(11) DEFAULT '1',
  `entryID` int(11) NOT NULL AUTO_INCREMENT,
  `uID` int(11) DEFAULT '0',
  `commentText` longtext,
  `user_name` varchar(100) DEFAULT NULL,
  `user_email` varchar(100) DEFAULT NULL,
  `entryDate` timestamp NOT NULL DEFAULT CURRENT_TIMESTAMP ON UPDATE CURRENT_TIMESTAMP,
  `approved` int(11) DEFAULT '1',
  PRIMARY KEY (`entryID`),
  KEY `cID` (`cID`)
) ENGINE=MyISAM AUTO_INCREMENT=3 DEFAULT CHARSET=utf8;

INSERT INTO btGuestBookEntries VALUES(17,83,1,0,'Keep up the good work.','BTCMonkeyAfrica','btcwidget@chthonic.co.za','2011-07-01 01:27:38',1)
 ,(17,83,2,0,'This is a great idea, you have to go further and publish some statistic.\r\n\r\nOne more step could be the creation of a marketplace where you can buy from any website, without leaving the marketplace...','baalooos','baalooos@hotmail.com','2011-07-01 02:08:46',1);

DROP TABLE IF EXISTS btIncludeExternalScript;

CREATE TABLE IF NOT EXISTS `btIncludeExternalScript` (
  `bID` int(10) unsigned NOT NULL,
  `path_php` longtext,
  `url_css` longtext,
  `url_js` longtext,
  PRIMARY KEY (`bID`)
) ENGINE=MyISAM DEFAULT CHARSET=utf8;

INSERT INTO btIncludeExternalScript VALUES(419,'/home/dev3689/api.searchbitcoin.com/scripts/frontend/review.php','/home/dev3689/api.searchbitcoin.com/scripts/frontend/review.css','');

DROP TABLE IF EXISTS btIncludePhpScript;

CREATE TABLE IF NOT EXISTS `btIncludePhpScript` (
  `bID` int(10) unsigned NOT NULL,
  `path` longtext,
  PRIMARY KEY (`bID`)
) ENGINE=MyISAM DEFAULT CHARSET=utf8;

INSERT INTO btIncludePhpScript VALUES(418,'/home/dev3689/api.searchbitcoin.com/scripts/frontend/review.php')
 ,(420,'/home/dev3689/api.searchbitcoin.com/scripts/frontend/review.php')
 ,(442,'/home/dev3689/searchbitcoin.com/independent/home.feed.php');

DROP TABLE IF EXISTS btNavigation;

CREATE TABLE IF NOT EXISTS `btNavigation` (
  `bID` int(10) unsigned NOT NULL,
  `orderBy` varchar(255) DEFAULT 'alpha_asc',
  `displayPages` varchar(255) DEFAULT 'top',
  `displayPagesCID` int(10) unsigned NOT NULL DEFAULT '1',
  `displayPagesIncludeSelf` tinyint(3) unsigned NOT NULL DEFAULT '0',
  `displaySubPages` varchar(255) DEFAULT 'none',
  `displaySubPageLevels` varchar(255) DEFAULT 'none',
  `displaySubPageLevelsNum` smallint(5) unsigned NOT NULL DEFAULT '0',
  `displayUnavailablePages` tinyint(3) unsigned NOT NULL DEFAULT '0',
  PRIMARY KEY (`bID`)
) ENGINE=MyISAM DEFAULT CHARSET=utf8;

INSERT INTO btNavigation VALUES(1,'display_asc','top',0,0,'none','enough',0,0)
 ,(3,'display_asc','second_level',0,0,'relevant','enough',0,0)
 ,(7,'display_asc','top',0,0,'none','enough',0,0)
 ,(9,'display_asc','second_level',0,0,'relevant','enough',0,0)
 ,(10,'display_asc','top',0,0,'none','enough',0,0)
 ,(12,'display_asc','top',0,0,'none','enough',0,0)
 ,(14,'display_asc','top',0,0,'relevant_breadcrumb','enough',0,0)
 ,(278,'display_asc','top',0,0,'relevant','all',0,0)
 ,(279,'display_asc','top',0,0,'relevant','enough',0,0)
 ,(280,'display_asc','top',0,0,'relevant_breadcrumb','all',0,0)
 ,(281,'display_asc','top',0,0,'none','all',0,0)
 ,(436,'display_asc','top',0,0,'none','enough',0,0);

DROP TABLE IF EXISTS btNextPrevious;

CREATE TABLE IF NOT EXISTS `btNextPrevious` (
  `bID` int(10) unsigned NOT NULL,
  `linkStyle` varchar(32) DEFAULT NULL,
  `nextLabel` varchar(128) DEFAULT NULL,
  `previousLabel` varchar(128) DEFAULT NULL,
  `showArrows` int(11) DEFAULT '1',
  `loopSequence` int(11) DEFAULT '1',
  `excludeSystemPages` int(11) DEFAULT '1',
  PRIMARY KEY (`bID`)
) ENGINE=MyISAM DEFAULT CHARSET=utf8;

INSERT INTO btNextPrevious VALUES(40,'next_previous','Next','Previous',1,1,1);

DROP TABLE IF EXISTS btPageList;

CREATE TABLE IF NOT EXISTS `btPageList` (
  `bID` int(10) unsigned NOT NULL,
  `num` smallint(5) unsigned NOT NULL,
  `orderBy` varchar(32) DEFAULT NULL,
  `cParentID` int(10) unsigned NOT NULL DEFAULT '1',
  `cThis` tinyint(3) unsigned NOT NULL DEFAULT '0',
  `paginate` tinyint(3) unsigned NOT NULL DEFAULT '0',
  `displayAliases` tinyint(3) unsigned NOT NULL DEFAULT '1',
  `ctID` smallint(5) unsigned DEFAULT NULL,
  `rss` int(11) DEFAULT '0',
  `rssTitle` varchar(255) DEFAULT NULL,
  `rssDescription` longtext,
  `truncateSummaries` int(11) DEFAULT '0',
  `displayFeaturedOnly` int(11) DEFAULT '0',
  `truncateChars` int(11) DEFAULT '128',
  PRIMARY KEY (`bID`)
) ENGINE=MyISAM DEFAULT CHARSET=utf8;

INSERT INTO btPageList VALUES(30,10,'chrono_desc',0,0,1,1,4,1,'Blog','',0,0,0)
 ,(90,5,'chrono_desc',0,0,0,1,4,1,'test','test',0,0,0)
 ,(100,10,'chrono_desc',0,0,1,1,4,1,'blog','Search Bitcoin Blog Feed',1,0,128)
 ,(115,4,'chrono_desc',0,0,1,1,4,1,'blog','Search Bitcoin Blog Feed',1,0,128)
 ,(183,0,'display_asc',86,1,0,1,0,0,'','',0,0,0)
 ,(193,0,'display_asc',86,1,0,1,0,0,'','',0,0,0)
 ,(385,20,'chrono_desc',0,0,1,1,4,1,'blog','Search Bitcoin Blog Feed',1,0,128);

DROP TABLE IF EXISTS btPowerSlideImgRigid;

CREATE TABLE IF NOT EXISTS `btPowerSlideImgRigid` (
  `slideshowImgId` int(10) unsigned NOT NULL AUTO_INCREMENT,
  `bID` int(10) unsigned DEFAULT NULL,
  `fID` int(10) unsigned DEFAULT NULL,
  `pageID` int(10) unsigned DEFAULT NULL,
  `powerSlidePhraseTitle` longtext,
  `powerSlidePhraseDesc` longtext,
  `groupSet` int(10) unsigned DEFAULT NULL,
  `position` int(10) unsigned DEFAULT NULL,
  PRIMARY KEY (`slideshowImgId`)
) ENGINE=MyISAM DEFAULT CHARSET=utf8;



DROP TABLE IF EXISTS btPowerSlideRigid;

CREATE TABLE IF NOT EXISTS `btPowerSlideRigid` (
  `bID` int(10) unsigned NOT NULL,
  `fsID` int(10) unsigned DEFAULT NULL,
  `playback` varchar(50) DEFAULT NULL,
  `duration` int(10) unsigned DEFAULT NULL,
  `fadeDuration` int(10) unsigned DEFAULT NULL,
  `powerSlideHeight` longtext,
  `powerSlideWidth` longtext,
  `transitionType` longtext,
  `slideDelay` longtext,
  `prevNextArrows` longtext,
  `prevBtnOffsetX` longtext,
  `prevBtnOffsetY` longtext,
  `nextBtnOffsetX` longtext,
  `nextBtnOffsetY` longtext,
  `paginationToggle` longtext,
  `paginationOffsetY` longtext,
  `paginationAlignment` longtext,
  PRIMARY KEY (`bID`)
) ENGINE=MyISAM DEFAULT CHARSET=utf8;



DROP TABLE IF EXISTS btRssDisplay;

CREATE TABLE IF NOT EXISTS `btRssDisplay` (
  `bID` int(10) unsigned NOT NULL,
  `title` varchar(255) DEFAULT NULL,
  `url` varchar(255) DEFAULT NULL,
  `dateFormat` varchar(100) DEFAULT NULL,
  `itemsToDisplay` int(10) unsigned DEFAULT '5',
  `showSummary` tinyint(3) unsigned NOT NULL DEFAULT '1',
  `launchInNewWindow` tinyint(3) unsigned NOT NULL DEFAULT '1',
  PRIMARY KEY (`bID`)
) ENGINE=MyISAM DEFAULT CHARSET=utf8;



DROP TABLE IF EXISTS btSearch;

CREATE TABLE IF NOT EXISTS `btSearch` (
  `bID` int(10) unsigned NOT NULL,
  `title` varchar(255) DEFAULT NULL,
  `buttonText` varchar(128) DEFAULT NULL,
  `baseSearchPath` varchar(255) DEFAULT NULL,
  `resultsURL` varchar(255) DEFAULT NULL,
  PRIMARY KEY (`bID`)
) ENGINE=MyISAM DEFAULT CHARSET=utf8;

INSERT INTO btSearch VALUES(29,'Tags','','','/search/search-results');

DROP TABLE IF EXISTS btSimpleCta;

CREATE TABLE IF NOT EXISTS `btSimpleCta` (
  `bID` int(10) unsigned NOT NULL,
  `ctaTitle` longtext,
  `ctaDesc` longtext,
  `pageID` int(11) DEFAULT NULL,
  PRIMARY KEY (`bID`)
) ENGINE=MyISAM DEFAULT CHARSET=utf8;



DROP TABLE IF EXISTS btSimpleLogo;

CREATE TABLE IF NOT EXISTS `btSimpleLogo` (
  `bID` int(10) unsigned NOT NULL,
  `logoTitleWhite` longtext,
  `logoTitleYellow` longtext,
  `logoSubTitle` longtext,
  PRIMARY KEY (`bID`)
) ENGINE=MyISAM DEFAULT CHARSET=utf8;



DROP TABLE IF EXISTS btSlideshow;

CREATE TABLE IF NOT EXISTS `btSlideshow` (
  `bID` int(10) unsigned NOT NULL,
  `fsID` int(10) unsigned DEFAULT NULL,
  `playback` varchar(50) DEFAULT NULL,
  `duration` int(10) unsigned DEFAULT NULL,
  `fadeDuration` int(10) unsigned DEFAULT NULL,
  PRIMARY KEY (`bID`)
) ENGINE=MyISAM DEFAULT CHARSET=utf8;

INSERT INTO btSlideshow VALUES(2,0,'ORDER',NULL,NULL);

DROP TABLE IF EXISTS btSlideshowImg;

CREATE TABLE IF NOT EXISTS `btSlideshowImg` (
  `slideshowImgId` int(10) unsigned NOT NULL AUTO_INCREMENT,
  `bID` int(10) unsigned DEFAULT NULL,
  `fID` int(10) unsigned DEFAULT NULL,
  `url` varchar(255) DEFAULT NULL,
  `duration` int(10) unsigned DEFAULT NULL,
  `fadeDuration` int(10) unsigned DEFAULT NULL,
  `groupSet` int(10) unsigned DEFAULT NULL,
  `position` int(10) unsigned DEFAULT NULL,
  `imgHeight` int(10) unsigned DEFAULT NULL,
  PRIMARY KEY (`slideshowImgId`)
) ENGINE=MyISAM AUTO_INCREMENT=5 DEFAULT CHARSET=utf8;

INSERT INTO btSlideshowImg VALUES(1,2,5,'',5,2,0,0,192)
 ,(2,2,4,'',5,2,0,1,215)
 ,(3,2,2,'',5,2,0,2,192)
 ,(4,2,3,'',5,2,0,3,192);

DROP TABLE IF EXISTS btSurvey;

CREATE TABLE IF NOT EXISTS `btSurvey` (
  `bID` int(10) unsigned NOT NULL,
  `question` varchar(255) DEFAULT '',
  `requiresRegistration` int(11) DEFAULT '0',
  PRIMARY KEY (`bID`)
) ENGINE=MyISAM DEFAULT CHARSET=utf8;



DROP TABLE IF EXISTS btSurveyOptions;

CREATE TABLE IF NOT EXISTS `btSurveyOptions` (
  `optionID` int(10) unsigned NOT NULL AUTO_INCREMENT,
  `bID` int(11) DEFAULT NULL,
  `optionName` varchar(255) DEFAULT NULL,
  `displayOrder` int(11) DEFAULT '0',
  PRIMARY KEY (`optionID`)
) ENGINE=MyISAM AUTO_INCREMENT=4 DEFAULT CHARSET=utf8;



DROP TABLE IF EXISTS btSurveyResults;

CREATE TABLE IF NOT EXISTS `btSurveyResults` (
  `resultID` int(10) unsigned NOT NULL AUTO_INCREMENT,
  `optionID` int(10) unsigned DEFAULT '0',
  `uID` int(10) unsigned DEFAULT '0',
  `bID` int(11) DEFAULT NULL,
  `cID` int(11) DEFAULT NULL,
  `ipAddress` varchar(128) DEFAULT NULL,
  `timestamp` timestamp NOT NULL DEFAULT CURRENT_TIMESTAMP ON UPDATE CURRENT_TIMESTAMP,
  PRIMARY KEY (`resultID`)
) ENGINE=MyISAM DEFAULT CHARSET=utf8;



DROP TABLE IF EXISTS btTags;

CREATE TABLE IF NOT EXISTS `btTags` (
  `bID` int(10) unsigned NOT NULL,
  `title` varchar(255) DEFAULT NULL,
  `targetCID` int(11) DEFAULT NULL,
  PRIMARY KEY (`bID`)
) ENGINE=MyISAM DEFAULT CHARSET=utf8;

INSERT INTO btTags VALUES(23,'Tags',68);

DROP TABLE IF EXISTS btVideo;

CREATE TABLE IF NOT EXISTS `btVideo` (
  `bID` int(10) unsigned NOT NULL,
  `fID` int(10) unsigned DEFAULT NULL,
  `width` int(10) unsigned DEFAULT NULL,
  `height` int(10) unsigned DEFAULT NULL,
  PRIMARY KEY (`bID`)
) ENGINE=MyISAM DEFAULT CHARSET=utf8;



DROP TABLE IF EXISTS btYouTube;

CREATE TABLE IF NOT EXISTS `btYouTube` (
  `bID` int(10) unsigned NOT NULL,
  `title` varchar(255) DEFAULT NULL,
  `videoURL` varchar(255) DEFAULT NULL,
  PRIMARY KEY (`bID`)
) ENGINE=MyISAM DEFAULT CHARSET=utf8;

INSERT INTO btYouTube VALUES(159,'Search Bitcoin Interview','http://www.youtube.com/watch?v=nSVQVJ33s4w')
 ,(161,'Search Bitcoin Interview','http://www.youtube.com/watch?v=nSVQVJ33s4w&feature=player_embedded')
 ,(162,'Search Bitcoin Interview','http://www.youtube.com/watch?v=nSVQVJ33s4w');

DROP TABLE IF EXISTS btvCard;

CREATE TABLE IF NOT EXISTS `btvCard` (
  `bID` int(10) unsigned NOT NULL,
  `compName` longtext,
  `stAddress` longtext,
  `stAddress2` longtext,
  `city` longtext,
  `state` longtext,
  `zipCode` longtext,
  `phNumber` longtext,
  PRIMARY KEY (`bID`)
) ENGINE=MyISAM DEFAULT CHARSET=utf8;



